acs-connect,5fae06029bbe793553b81c6aca1634c7	ACS Connect	conexec
adm-italia,5fae06029bbe793553b81c6aca27cd92	Adm Italia	admitalia
akshar-agro-exports,5fae06029bbe793553b81c6aca4beefc	Akshar Agro Exports	aksharagrocom
alternate-systems,5fae06029bbe793553b81c6aca5fba1f	Alternate Systems	AlternateSystms
amsys,5fae06029bbe793553b81c6aca6eaedb	Amsys	amsystraining
asigra,5fae06029bbe793553b81c6acaa596f5	Asigra	asigra
aspen-marketing-services,5fae06029bbe793553b81c6acaa81b34	Aspen Marketing Services	AspenMarketing
binary-semantics,fb79c1faa23e6537889b8b58ca05861f	Binary Semantics	Binarysemantic
bristol-studios,fb79c1faa23e6537889b8b58ca4bf48c	Bristol Studios	bristol_studios
cheaptickets,fb79c1faa23e6537889b8b58caaa3183	CheapTickets	CheapTickets
comsol,fb79c1faa23e6537889b8b58cafd7b7a	COMSOL	COMSOL_Inc
cybermedia-research,c61e6a5dd61ef3ac28d02c864e43382d	CyberMedia Research	CMRIndia
dean-evans-associates,c61e6a5dd61ef3ac28d02c864e64670f	Dean Evans & Associates	EMSxDEA
dean-evans-associates,c61e6a5dd61ef3ac28d02c864ed79202	Dean Evans & Associates	EMSxDEA
dsm-design,4b9962595d7ff850d591b39c0026cd61	DSM Design	dsmdesign
dsm-design,c61e6a5dd61ef3ac28d02c864eb27968	DSM Design	dsmdesign
dummy-co,4b9962595d7ff850d591b39c0029e912	DUMMY CO. 	DUMMY_CO
dummy-co,c61e6a5dd61ef3ac28d02c864eb5990a	DUMMY CO. 	DUMMY_CO
dynaware,4b9962595d7ff850d591b39c002f4387	DynaWare	DynaWare
dynaware,c61e6a5dd61ef3ac28d02c864ebab2e5	DynaWare	DynaWare
east-and-associates,4b9962595d7ff850d591b39c003779ee	East and Associates	east_consulting
edge-tech-corp,4b9962595d7ff850d591b39c00483f81	EDGE Tech Corp	edgetech
eon-corporation,4b9962595d7ff850d591b39c007b837d	Eon Corporation	EON_Corp
firstrade-securities-inc,4b9962595d7ff850d591b39c00d8c34d	Firstrade Securities Inc.	firstrade
great-lakes-computer,bb00443be334273f59d3ef19d1717acf	Great Lakes Computer	GreatLakesComp
gtreasury,bb00443be334273f59d3ef19d185c74a	GTreasury	GTreasury
iconics,bb00443be334273f59d3ef19d1e743be	ICONICS	iconics
ides-the-plastics-web,bb00443be334273f59d3ef19d1ee7161	IDES Inc.	idesinc
infobuild,597e595b22c7371d2769eb1fa015cdd7	InfoBuild	InfoBuild
insperity,597e595b22c7371d2769eb1fa02a3530	Insperity	insperity
marion-montgomery-inc,'83097a0e1641e8eda5b5ac717e3b4866	Marion, Montgomery, Inc.	MMIHouston'
naughty-dog,83097a0e1641e8eda5b5ac717ef0eea1	Naughty Dog	Naughty_Dog
nettpro,e054627bc6b1f1d8cb812cce4208455f	Nettpro	Nettpro
network-hardware-resale,e054627bc6b1f1d8cb812cce42095e36	Network Hardware Resale	NetworkHardware
party-city,e054627bc6b1f1d8cb812cce429cd8ca	Party City	partycity
pixar,e054627bc6b1f1d8cb812cce42d46d7a	Pixar	DisneyPixar
polo,e054627bc6b1f1d8cb812cce42ee282b	polo	bkprettyboyp
prakar-engineers,e054627bc6b1f1d8cb812cce42fce2ca	Prakar Engineers	prakarengineers
quantumdigital,5885c8f942b2d53de0f9ff90e1383f75	QuantumDigital	QuantumDigital
rainbow-studios,5885c8f942b2d53de0f9ff90e14a470b	Rainbow Studios	Rainbowstudios
rda-enterprises,5885c8f942b2d53de0f9ff90e1577781	RDA Enterprises	RDAStore
service-800,5885c8f942b2d53de0f9ff90e1f28fb1	SERVICE 800	SERVICE800
skc-communications,08ea75d0b39da8eeca1e9129c726b24c	SKC Communications	SKCComm
synopsys,08ea75d0b39da8eeca1e9129c7cd0012	Synopsys	synopsys
thursby-software,907373444553d8ee3bfe8778cd3c4a63	Thursby Software	thursbysoftware
toolorbit-com,907373444553d8ee3bfe8778cd4f8fa7	ToolOrbit.com	toolorbit
