aaacbc,5fae06029bbe793553b81c6aca0344d6	AAACBC	AAACBC
aayuja,5fae06029bbe793553b81c6aca045951	AAyuja	aayuja
abduzeedo,5fae06029bbe793553b81c6aca066670	Abduzeedo	abduzeedo
abenity,5fae06029bbe793553b81c6aca069cc9	Abenity	abenity
abiquo,5fae06029bbe793553b81c6aca076b66	Abiquo	abiquo
aboogy,5fae06029bbe793553b81c6aca07ff2e	Aboogy	aboogycom
aboutbooks-gmbh,5fae06029bbe793553b81c6aca08554d	Aboutbooks GmbH	lovelybooks
aboutus-org,5fae06029bbe793553b81c6aca087cce	AboutUs.org	AboutUs
abraxor,5fae06029bbe793553b81c6aca09375b	Abraxor	abraxor
acculynx,5fae06029bbe793553b81c6aca112728	Acculynx	acculynx
acesis,5fae06029bbe793553b81c6aca12f1d8	Acesis	acesis
aciron,5fae06029bbe793553b81c6aca14072f	Aciron Consulting	askaciron
active-networks,5fae06029bbe793553b81c6aca18f972	Active Networks	activenetworks1
adap-tv,5fae06029bbe793553b81c6aca1e1c43	Adap.tv	adaptv
add-to-any,5fae06029bbe793553b81c6aca22896f	AddToAny	AddToAny
adena-studios,5fae06029bbe793553b81c6aca239448	Adena Studios	adenastudios
adify,5fae06029bbe793553b81c6aca26329b	Adify	ADiFY
admax-network,5fae06029bbe793553b81c6aca280d6c	Admax Network	admaxnetwork
advansis-media,5fae06029bbe793553b81c6aca314c7c	Advansis Media	advansis
adventure-sports-holidays,5fae06029bbe793553b81c6aca32ad67	Adventure Sports Holidays	advensportshol
advisor-exchange,5fae06029bbe793553b81c6aca340710	Advisor Exchange	advisorexchange
adyen,5fae06029bbe793553b81c6aca350d53	Adyen	adyenpayments
aegis-mobile,5fae06029bbe793553b81c6aca35fd7d	Aegis Mobile	aegismobile
aerohive-networks,5fae06029bbe793553b81c6aca36f9eb	Aerohive Networks	aerohive
af83,5fae06029bbe793553b81c6aca37ebe5	AF83	af83
against-intuition,40effe5288e80a75577c6fc0585dccea	WOT Services Ltd.	Web_of_Trust
aggdata,5fae06029bbe793553b81c6aca3e8a8f	AggData	aggdata
aghatech,5fae06029bbe793553b81c6aca3ec140	AGHATECH	aghatech
agile-it,5fae06029bbe793553b81c6aca3f1886	Agile IT	Agile_IT
agile-sports-technologies,5fae06029bbe793553b81c6aca3f5df4	Agile Sports Technologies	hudl
agile-technosys,5fae06029bbe793553b81c6aca3f8254	Agile Technosys	agiletechnosys
agile42,5fae06029bbe793553b81c6aca3f96cc	agile42 	AgiloforScrum
aglepie,5fae06029bbe793553b81c6aca40ea1e	Aglepie	aglepie
agregator-ltd,08ea75d0b39da8eeca1e9129c73db1aa	SmsCoin	smscoin_net
akaza-research,5fae06029bbe793553b81c6aca4a8284	Akaza Research	OpenClinica
akesios,5fae06029bbe793553b81c6aca4accde	Akesios	Akesios
alderleaf-wilderness-college,5fae06029bbe793553b81c6aca4f3a79	Alderleaf Wilderness College	Alderleaf
alertbot,5fae06029bbe793553b81c6aca4ff563	AlertBot	AlertBot
alexandalexa,5fae06029bbe793553b81c6aca50a22c	ALEXANDALEXA	alexandalexa
algoriddim,5fae06029bbe793553b81c6aca517ccc	Algoriddim	algoriddim
all-my-faves,5fae06029bbe793553b81c6aca545d3e	All My Faves	allmyfaves
all-voices-international,5fae06029bbe793553b81c6aca54f649	All Voices International	allvoicesintl
allfancydress-com,5fae06029bbe793553b81c6aca56cdd0	allfancydress.com	allfancydress
alwaysonvacation-com,5fae06029bbe793553b81c6aca627959	AlwaysOnVacation	AOVInc
amsterdam-city-tours,5fae06029bbe793553b81c6aca6e7c23	Amsterdam City Tours	amscitytours
analytics-seo,5fae06029bbe793553b81c6aca708236	Analytics SEO	analyticsseo
analyza-technologies,5fae06029bbe793553b81c6aca70c00d	Analyza Technologies	analyzatech
angara-com,5fae06029bbe793553b81c6aca744394	Angara.com	Angara
aniboom,5fae06029bbe793553b81c6aca75a182	Aniboom	aniboom
anobii,5fae06029bbe793553b81c6aca7745a1	aNobii	aNobii
antezeta,5fae06029bbe793553b81c6aca78fd84	Antezeta	seancarlos
anubavam,5fae06029bbe793553b81c6aca7a2083	Anubavam	anubavam
anubisnetworks,5fae06029bbe793553b81c6aca7a2208	Anubisnetworks	anubisnetworks
ap16,5fae06029bbe793553b81c6aca7d0570	ap16	ap16_limited
appcelerator,5fae06029bbe793553b81c6aca82f846	Appcelerator	appcelerator
appfolio,5fae06029bbe793553b81c6aca84c8ab	Appfolio	appfolio
appirio,5fae06029bbe793553b81c6aca85d718	Appirio	appirio
application-experts,5fae06029bbe793553b81c6aca8721f8	Application Experts	app_x
appmobi,5fae06029bbe793553b81c6aca895fb7	appMobi	appMobi
apttus,5fae06029bbe793553b81c6aca90a669	Apttus	Apttus_Native
aquafadas,5fae06029bbe793553b81c6aca9139c6	Aquafadas	aquafadas
aragon-erh,5fae06029bbe793553b81c6aca92c0f1	Aragon eRH	Aragon_eRH
arch-company-fine-arts,5fae06029bbe793553b81c6aca94a2be	Arch + Company Fine Arts	antonioarch
are-you-watching-this,5fae06029bbe793553b81c6aca96ec67	Are You Watching This?!	RUWT
arena-creative-stock-imagery,5fae06029bbe793553b81c6aca975565	Arena Creative Stock Imagery	arenacreative
arenaflowers-com,5fae06029bbe793553b81c6aca97876e	ArenaFlowers.com	arenaflowers
aretta-communications,5fae06029bbe793553b81c6aca979460	Aretta Communications	arettacomm
argolon,83097a0e1641e8eda5b5ac717e13cbdc	LouderVoice	loudervoice
arkalogic-systems,5fae06029bbe793553b81c6aca99d172	Arkalogic Systems	arkalogic
arrangeyourvacation-com,5fae06029bbe793553b81c6aca9ba90f	ArrangeYourVacation.com	mm_vrbo
art-rudenko-studio,5fae06029bbe793553b81c6aca9d0048	Art Rudenko studio	artrudenkostore
artefaqs-corporation,5fae06029bbe793553b81c6aca9da66c	Artefaqs Corporation	Artefaqs
artesian-solutions,5fae06029bbe793553b81c6aca9df432	Artesian Solutions	artesians
artistdata,5fae06029bbe793553b81c6aca9fee6c	ArtistData	artistdata
artistic-edition,5fae06029bbe793553b81c6acaa00942	Artistic Edition	ArtisticEdition
arvys-proteins-inc,5fae06029bbe793553b81c6acaa1ca76	Arvys Proteins Inc.	arvys_proteins
asperity-employee-benefits,5fae06029bbe793553b81c6acaa8301e	Asperity Employee Benefits	asperity_eb
aspgems,5fae06029bbe793553b81c6acaa841d4	ASPgems	aspgems
aspirerankings-solutions,5fae06029bbe793553b81c6acaa898e9	AspireRankings Solutions	aspirerankings
assuresoft,5fae06029bbe793553b81c6acaaaf0b2	AssureSoft	assuresoft
atollon,5fae06029bbe793553b81c6acab2b7c9	Atollon	atollon
atoneplace,5fae06029bbe793553b81c6acab3d144	atOnePlace	atoneplace
attention,5fae06029bbe793553b81c6acab56a15	Attention	AttentionUSA
aub2b,5fae06029bbe793553b81c6acab6c530	AUB2B	aub2b
audiocasefiles,5fae06029bbe793553b81c6acab883c3	AudioCaseFiles	audiocasefiles
audity,5fae06029bbe793553b81c6acab98913	audity	audityagentur
augmentra,5fae06029bbe793553b81c6acab9dff5	Augmentra	viewranger
aussie-logos,5fae06029bbe793553b81c6acabbc178	Aussie logos	aussielogos
auto-parts-network,5fae06029bbe793553b81c6acabd6789	Auto Parts Network	AutoPartsNet
avenda-systems,5fae06029bbe793553b81c6acac51595	Avenda Systems	avenda_systems
avg-advertising-2,5fae06029bbe793553b81c6acac66c2b	Avg-Advertising	avggroup
awful-announcing,5fae06029bbe793553b81c6acaca02be	Awful Announcing	awfulannouncing
axcient,5fae06029bbe793553b81c6acaca979d	Axcient	axcient
axis-techno-labs,5fae06029bbe793553b81c6acacc2984	Axis Techno Labs	axistechnolabs
ayush,5fae06029bbe793553b81c6acace1b75	AYUSH	adiyuva
backdropsource,5fae06029bbe793553b81c6acad4181c	Backdropsource	backdropsource
backelite,5fae06029bbe793553b81c6acad42340	Backelite	AgenceBackelite
badoo,5fae06029bbe793553b81c6acad608b5	Badoo	Badoo
badrit,5fae06029bbe793553b81c6acad61530	BadrIT	badrit_eg
baeblemusic,5fae06029bbe793553b81c6acad632dd	Baeblemusic	baeblemusic
bakespace,5fae06029bbe793553b81c6acad7501c	BakeSpace	bakespace
baladacam,5fae06029bbe793553b81c6acad76b52	Baladacam	baladacam
bang-online-marketing,5fae06029bbe793553b81c6acada8617	Bang! Online Marketing	bangonline
barfinder-com,5fae06029bbe793553b81c6acaddb5d7	BarFinder.com	barfindercom
barracuda-m-a-d,5fae06029bbe793553b81c6acade739e	Barracuda M.A.D.	BarracudaMAD
barrel,5fae06029bbe793553b81c6acade852a	Barrel	barrelny
bastionhost,5fae06029bbe793553b81c6acae077c3	BastionHost	bastionhost
batchgeo,5fae06029bbe793553b81c6acae0bdbe	BatchGeo	batchgeo
bay-view-systems,5fae06029bbe793553b81c6acae22dec	Bay View Systems	BayViewSystems
bbh-zag,5fae06029bbe793553b81c6acae3c9cc	BBH ZAG	BBHZAG
bdr-london,5fae06029bbe793553b81c6acae5315f	BDR London	BDR_London
beek,5fae06029bbe793553b81c6acaeb2167	Beek	gobeek
beijing-dfhl-corporation,5fae06029bbe793553b81c6acaed186b	Beijing DFHL Corporation	nciku
belezanaweb-com-br,5fae06029bbe793553b81c6acaee1019	BelezanaWeb.com.br	belezanawebvip
bengalis-in-hyderabad,5fae06029bbe793553b81c6acaf11a84	Bengalis in Hyderabad	hyd_bongs
best-price-directory,5fae06029bbe793553b81c6acaf4ce8d	Best Price Directory	BestPrices_AU
bestiario,5fae06029bbe793553b81c6acaf5e7da	bestiario	bestiario_bcn
bethererewards,5fae06029bbe793553b81c6acaf772ba	BeThereRewards	BeThereRewards
betterlabs,5fae06029bbe793553b81c6acaf8ba2c	BetterLabs	betterlabs
bigstar,fb79c1faa23e6537889b8b58ca02b0c2	BIGSTAR	BIGSTARMovies
binbit,fb79c1faa23e6537889b8b58ca060ade	Binbit	binbit
bingo-reviewer-2,fb79c1faa23e6537889b8b58ca066a16	bingo reviewer	bingoreviewer
bionic-hippo,fb79c1faa23e6537889b8b58ca0a8503	Bionic Hippo	bionichippo
bitgravity,fb79c1faa23e6537889b8b58ca0f3de6	BitGravity	bitgravity
bittenbydesign-com,fb79c1faa23e6537889b8b58ca107a94	Bittenbydesign.com	bittenbydesign
biz-virtuoso,fb79c1faa23e6537889b8b58ca1146c9	Biz Virtuoso	BizVirtuoso
bkbid,fb79c1faa23e6537889b8b58ca14f274	BkBid	bkbid
blink,fb79c1faa23e6537889b8b58ca1a78cd	Blink	flyblink
blink-air-taxi,fb79c1faa23e6537889b8b58ca1a8815	Blink (air taxi)	flyblink
blismobile,fb79c1faa23e6537889b8b58ca1bff55	BlisMobile	BlisMobile
blog-talk-radio,fb79c1faa23e6537889b8b58ca1d1fcb	Blog Talk Radio	blogtalkradio
blogging-ads,fb79c1faa23e6537889b8b58ca1e30f5	Blogging Ads 	bloggingads
bloggum,fb79c1faa23e6537889b8b58ca1e63c1	Bloggum	bloggum
blok-watches,fb79c1faa23e6537889b8b58ca20002d	Blok Watches	blokwatches
bluair,fb79c1faa23e6537889b8b58ca21a58f	bluAir	bluair
blue-ferret-communications,fb79c1faa23e6537889b8b58ca229a5f	Blue Ferret Communications	blueferret
blue-k-development,fb79c1faa23e6537889b8b58ca233a5b	Blue K Development	bluekdev
blue-one-realty,fb79c1faa23e6537889b8b58ca23e0de	BLUE ONE Realty	BLUEONERealty
blue-whale-web-solutions,fb79c1faa23e6537889b8b58ca250e56	Blue Whale Web Solutions	bluewhaleinc
bluejet-hosting,fb79c1faa23e6537889b8b58ca26bc07	BlueJet Hosting 	ronniewylers
bluekiwi,fb79c1faa23e6537889b8b58ca26d2c6	blueKiwi	bluekiwi
bluekiwi-software,fb79c1faa23e6537889b8b58ca26e07a	blueKiwi Software	bluekiwi
bluenog,fb79c1faa23e6537889b8b58ca278c25	Bluenog	bluenog
bluetree-marketing,fb79c1faa23e6537889b8b58ca29406e	BlueTree Marketing 	bid2care
bluewire-group,fb79c1faa23e6537889b8b58ca299e4a	Bluewire Group	bluewiregroup
bluewire-media-inc,fb79c1faa23e6537889b8b58ca29a960	Bluewire Media Inc.	bluewiregroup
blugrapes-pte-ltd,fb79c1faa23e6537889b8b58ca29ce84	Blugrapes	blugrapes
bolsa-de-mulher-group,fb79c1faa23e6537889b8b58ca2ed1ae	Bolsa de Mulher Group	bolsacorp
bolton-design,fb79c1faa23e6537889b8b58ca2f28dd	Bolton Design	boltondesign
boofly,fb79c1faa23e6537889b8b58ca31309b	BooFly	JamesLS
book-of-odds-enterprises,fb79c1faa23e6537889b8b58ca3164f9	Book of Odds	bookofodds
bookbump,fb79c1faa23e6537889b8b58ca31dc81	BookBump	BookBump
bookrenter-com,fb79c1faa23e6537889b8b58ca33cd57	BookRenter.com	BookRenter
bookswim,fb79c1faa23e6537889b8b58ca346a6b	BookSwim	bookswim
boomerangdata,fb79c1faa23e6537889b8b58ca355ea5	BoomerangData	boomerangdata
boomtown,fb79c1faa23e6537889b8b58ca35d259	BoomTown	boomtownroi
borrowlenses-com,fb79c1faa23e6537889b8b58ca388150	BorrowLenses.com	borrowlenses
botplatform,fb79c1faa23e6537889b8b58ca39e56a	BotPlatform	BotPlatform
boxador,fb79c1faa23e6537889b8b58ca3b9c49	Boxador	boxador
bracesreview-com,fb79c1faa23e6537889b8b58ca3d4cee	BracesReview.com	BracesReview
brand-networks-inc,'fb79c1faa23e6537889b8b58ca40af4e	Brand Networks, Inc.	brandnetworks'
brandseye,fb79c1faa23e6537889b8b58ca4295b2	BrandsEye	brandseye
breathing-buildings,fb79c1faa23e6537889b8b58ca4523a6	Breathing Buildings	BreathingBuild
brighter-planet,fb79c1faa23e6537889b8b58ca493641	Brighter Planet	brighterplanet
brightroll,fb79c1faa23e6537889b8b58ca49efaa	BrightRoll	brightroll
bring-the-blog,fb79c1faa23e6537889b8b58ca4b6198	Bring the Blog	bringtheblog
broadside-media,fb79c1faa23e6537889b8b58ca4eba0e	Broadside Media	broadsidemedia
brosix,fb79c1faa23e6537889b8b58ca505257	Brosix	brosix
burrp,fb79c1faa23e6537889b8b58ca5b9f33	burrp!	burrp
businesshut,fb79c1faa23e6537889b8b58ca5ef0a2	BusinessHut	businesshut
busyevent,fb79c1faa23e6537889b8b58ca5fcc1b	BusyEvent	BusyEvent
byteactive,fb79c1faa23e6537889b8b58ca676fb8	ByteActive	byteactive
c3-softworks,fb79c1faa23e6537889b8b58ca69acf9	C3 SoftWorks	traininggames
cabanova,fb79c1faa23e6537889b8b58ca6a9aa4	Cabanova	CabanovaCom
cabot-solutions-pvt-ltd,fb79c1faa23e6537889b8b58ca6b52af	Cabot Technology Solutions	cabotsolutions
cadence-data-soft,fb79c1faa23e6537889b8b58ca6c3b47	Cadence Data Soft	mktgcadence
calls-bg,fb79c1faa23e6537889b8b58ca7203f5	Calls.bg	ivan_velkov
camclic,fb79c1faa23e6537889b8b58ca748c0c	CamClic	camclic
campus-destinations,fb79c1faa23e6537889b8b58ca7613dc	Campus Destinations	CDestinations
candle-and-blue,fb79c1faa23e6537889b8b58ca78ae29	Candle and Blue	candleandlbue
capablue,fb79c1faa23e6537889b8b58ca7af8ca	Capablue 	Capablue
cape-town-magazine,fb79c1faa23e6537889b8b58ca7b7e33	CapeTownMagazine.com	capetownmag
car-loan-4u,fb79c1faa23e6537889b8b58ca7f057e	Car Loan 4U	carloan4u
care-com,fb79c1faa23e6537889b8b58ca830f2e	Care.com	Caredotcom
careerencore,fb79c1faa23e6537889b8b58ca84253c	CareerEncore	jobsbostontech
carros-com-co,fb79c1faa23e6537889b8b58ca88922b	Carros.com.co	CarrosColombia
cash-advance-x,fb79c1faa23e6537889b8b58ca8bd04e	Cash Advance X	cashadvancex
caspian-crystal,fb79c1faa23e6537889b8b58ca8ccc51	Caspian Crystal	caspiancrystal
castle-builders-il,fb79c1faa23e6537889b8b58ca8d7ae4	Castle Builders (IL)	castle_builders
castroller,fb79c1faa23e6537889b8b58ca8db70a	CastRoller	castroller
catalyst-advertising,fb79c1faa23e6537889b8b58ca8e6c7b	Catalyst Advertising	CatalystAdv
catch-digital,fb79c1faa23e6537889b8b58ca8f6b26	Catch Digital	catch_digital
catchoftheday,fb79c1faa23e6537889b8b58ca8fb2a7	CatchoftheDay	todayscatch
causes,fb79c1faa23e6537889b8b58ca90f45e	Causes	causes
ccomms,fb79c1faa23e6537889b8b58ca932570	CCOMMS	ccomms
cellnetrix,fb79c1faa23e6537889b8b58ca980a3c	Cellnetrix	cellnetrix
celmaro,fb79c1faa23e6537889b8b58ca98e6a7	Celmaro	celmaro
centeros,fb79c1faa23e6537889b8b58ca9b2713	CenterOS	centeros
centrastage,fb79c1faa23e6537889b8b58ca9cb22f	CentraStage	CentraStage
centruflow,fb79c1faa23e6537889b8b58ca9daea2	Centruflow	centruflow
cfs-loan-modification-specialist,fb79c1faa23e6537889b8b58caa16bb0	CFS-loan Modification Specialist	cfsloanmod
championpicks-horse-racing-tips,fb79c1faa23e6537889b8b58caa34371	Championpicks Horse Racing Tips	HorseRaceOnline
chaussureshop,fb79c1faa23e6537889b8b58caa90a2c	chaussureshop	chaussuresshop
chicago-designz,fb79c1faa23e6537889b8b58caaec93e	Chicago Designz	chicagodesignz
chossonkallah,fb79c1faa23e6537889b8b58cab41e04	ChossonKallah	chossonkallah
christtube-llc,fb79c1faa23e6537889b8b58cab4c6ca	Christtube LLC	Christtube
cime4enterprises,fb79c1faa23e6537889b8b58cab8ae9e	CIME4enterprises	CIME4
cinegest-inc,'fb79c1faa23e6537889b8b58cab94d57	Cinegest, Inc.	cinegest'
ciowhitepapers,fb79c1faa23e6537889b8b58cabaa875	CIOWhitePapers	cioinsights
city-waboo-inc,fb79c1faa23e6537889b8b58cabf4fe0	City Waboo Inc.	citywaboo
cityzeum,fb79c1faa23e6537889b8b58cac164c6	Cityzeum	cityzeum
cksk,fb79c1faa23e6537889b8b58cac2a2b6	CKSK	CKSK
clearmymail,fb79c1faa23e6537889b8b58cacad1ef	ClearMyMail	clearmymail
clearsaileing,fb79c1faa23e6537889b8b58cacb21f7	ClearSaleing	ClearSaleing
cleo-networks,fb79c1faa23e6537889b8b58cacc40a9	Cleo Networks	shemek
clever-coding,fb79c1faa23e6537889b8b58cacc9b50	Clever Coding	cleveriphone
clever-commute,fb79c1faa23e6537889b8b58cacca17d	Clever Commute	clevercommute
clickable,fb79c1faa23e6537889b8b58cace4c3e	Clickable	Clickable
clickpointsolution,fb79c1faa23e6537889b8b58cacfd445	ClickPointSolution	ClickPointSoln
clipnabber,fb79c1faa23e6537889b8b58cad33266	ClipNabber	clipnabber
cloudscaling,fb79c1faa23e6537889b8b58cad962e6	Cloudscaling	cloudscaling
clusterpoint,fb79c1faa23e6537889b8b58cadc7516	Clusterpoint	clusterpoint
cndg,fb79c1faa23e6537889b8b58cade8029	CNDG	ChantNewall
cognitivecode,fb79c1faa23e6537889b8b58cae78a9b	Cognitive Code	CogCode
comercyti-us,fb79c1faa23e6537889b8b58caf12385	Comercyti US	rfidenmexico
communiclique,fb79c1faa23e6537889b8b58caf528b6	CommuniClique	speekapi
community-factory,fb79c1faa23e6537889b8b58caf59c90	Community Factory	commufa
comparior,fb79c1faa23e6537889b8b58caf7ddc7	Comparior	comparior
compete-infotech,fb79c1faa23e6537889b8b58caf8d9d8	Compete Infotech	competinfotech
completely-free-dating,fb79c1faa23e6537889b8b58caf97fe5	Completely Free Dating	free_dating
comuto,fb79c1faa23e6537889b8b58cafe004e	Comuto	covoiturage
confronte-com,c61e6a5dd61ef3ac28d02c864e030742	Confronte.com	confronte
connected-geek,c61e6a5dd61ef3ac28d02c864e04a4b9	Connected Geek	connectedgeek
connectus,c61e6a5dd61ef3ac28d02c864e05e566	Connectus	connectus
connexica,c61e6a5dd61ef3ac28d02c864e063596	Connexica	ConnexicaUK
consensus-point,c61e6a5dd61ef3ac28d02c864e070000	Consensus Point	consensuspoint
consultingcrossing,c61e6a5dd61ef3ac28d02c864e08ea9a	ConsultingCrossing	ConstructXing
content-management-solutions,c61e6a5dd61ef3ac28d02c864e0a98f2	Content Management Solutions	thorstendeska
context-optional,c61e6a5dd61ef3ac28d02c864e0b8820	Context Optional	contextoptional
continuity-logic,c61e6a5dd61ef3ac28d02c864e0c3da6	Continuity Logic	continuitylogic
contracked-bv,c61e6a5dd61ef3ac28d02c864e0ce5ad	Contracked BV	contracked
convey-computer,c61e6a5dd61ef3ac28d02c864e0ff23e	Convey Computer	conveycomputer
cooliris,c61e6a5dd61ef3ac28d02c864e1257ee	Cooliris	Cooliris
copper,c61e6a5dd61ef3ac28d02c864e13d5e5	Copper	madeincopper
coracle-online,c61e6a5dd61ef3ac28d02c864e146d13	Coracle Online	jtweed
costa-rica-eye-real-estate-consulting,c61e6a5dd61ef3ac28d02c864e1ba4ec	costa rica eye real estate consulting	costaricaeye1
coupa,c61e6a5dd61ef3ac28d02c864e1d29b7	Coupa Software	Coupa
coutorture-media,c61e6a5dd61ef3ac28d02c864e1ff4f5	Coutorture Media	Coutorture
cpa-lead,83097a0e1641e8eda5b5ac717eab4bf4	MonetizeDigital	cpalead
crackverbal,c61e6a5dd61ef3ac28d02c864e23d863	CrackVerbal	askcrackverbal
crammed-media,c61e6a5dd61ef3ac28d02c864e24bf1a	Crammed Media	CrammedMedia
creative-logic-media,c61e6a5dd61ef3ac28d02c864e28b410	Creative Logic Media	clmpwnz
creative-stream-marketing,c61e6a5dd61ef3ac28d02c864e294893	Creative Stream Marketing	johncentofanti
credit-card-finder,c61e6a5dd61ef3ac28d02c864e2aad02	Credit Card Finder	creditcardau
credit-release,c61e6a5dd61ef3ac28d02c864e2aed7c	Credit Release	creditrelease
crozilla-com,c61e6a5dd61ef3ac28d02c864e34bad5	Crozilla.com	crozilla
crunchyroll,c61e6a5dd61ef3ac28d02c864e359140	Crunchyroll	crunchyroll
cryptarchy-visual-effects,c61e6a5dd61ef3ac28d02c864e362152	Cryptarchy Visual Effects	cryptarchyvfx
csrware,c61e6a5dd61ef3ac28d02c864e37ca31	CSRware	CSRware
cubate,c61e6a5dd61ef3ac28d02c864e397982	Cubate	givey_uk
cube-interactive,c61e6a5dd61ef3ac28d02c864e3996eb	Cube Interactive	cubeinteractive
curse,c61e6a5dd61ef3ac28d02c864e3e528d	Curse	cursenetwork
cwr-mobility,c61e6a5dd61ef3ac28d02c864e416736	CWR Mobility	CWRMobility
cyan,c61e6a5dd61ef3ac28d02c864e41bb7c	Cyan	CyanNews
cydone,c61e6a5dd61ef3ac28d02c864e450391	Cydone	CydoneSolutions
cykod,c61e6a5dd61ef3ac28d02c864e455c62	Cykod	webvia
cypace,c61e6a5dd61ef3ac28d02c864e462a11	CyPace	cypace
da-stores,c61e6a5dd61ef3ac28d02c864e495506	DA Stores	dastores
da-stores,c61e6a5dd61ef3ac28d02c864ebcf01a	DA Stores	dastores
dailyforex,c61e6a5dd61ef3ac28d02c864e4c4be5	DailyForex	daily_forex
dailyforex,c61e6a5dd61ef3ac28d02c864ebfb311	DailyForex	daily_forex
danipa-business-systems,c61e6a5dd61ef3ac28d02c864e4f4672	Danipa Business Systems	danipa77
danipa-business-systems,c61e6a5dd61ef3ac28d02c864ec2aede	Danipa Business Systems	danipa77
dashwire,c61e6a5dd61ef3ac28d02c864e51619c	Dashwire	dashwire
dashwire,c61e6a5dd61ef3ac28d02c864ec500a4	Dashwire	dashwire
data-calibre,c61e6a5dd61ef3ac28d02c864e5198a0	Data Calibre	datacalibre
data-calibre,c61e6a5dd61ef3ac28d02c864ec543b3	Data Calibre	datacalibre
data-prospects,c61e6a5dd61ef3ac28d02c864e52935b	Data Prospects	dataprospects
data-prospects,c61e6a5dd61ef3ac28d02c864ec624df	Data Prospects	dataprospects
data3s,c61e6a5dd61ef3ac28d02c864e532535	Data3s	data3s
data3s,c61e6a5dd61ef3ac28d02c864ec6d0b5	Data3s	data3s
dataguise,c61e6a5dd61ef3ac28d02c864e5457b4	Dataguise	dataguise
dataguise,c61e6a5dd61ef3ac28d02c864ec85ab6	Dataguise	dataguise
dattabank,c61e6a5dd61ef3ac28d02c864e58d7e0	Dattabank	dattabank
dattabank,c61e6a5dd61ef3ac28d02c864ecc7ffc	Dattabank	dattabank
daylife,c61e6a5dd61ef3ac28d02c864e5b4d74	Daylife	daylife
daylife,c61e6a5dd61ef3ac28d02c864ecf08fc	Daylife	daylife
db-pros,c61e6a5dd61ef3ac28d02c864e5c7b07	DB Pros	dbpros_crm
db-pros,c61e6a5dd61ef3ac28d02c864ecfed39	DB Pros	dbpros_crm
de-latino-interactive,c61e6a5dd61ef3ac28d02c864e5ecf74	de Latino Interactive	delatino
de-latino-interactive,c61e6a5dd61ef3ac28d02c864ed214d2	de Latino Interactive	delatino
dealsplus,c61e6a5dd61ef3ac28d02c864e63a36a	DealsPlus	dealsplus
dealsplus,c61e6a5dd61ef3ac28d02c864ed6defa	DealsPlus	dealsplus
decidyn,c61e6a5dd61ef3ac28d02c864e659667	DeciDyn	decidyn
decidyn,c61e6a5dd61ef3ac28d02c864ed8c823	DeciDyn	decidyn
deep-cognition,c61e6a5dd61ef3ac28d02c864e6788e7	Deep Cognition	LeapDoc
deep-cognition,c61e6a5dd61ef3ac28d02c864edab2c1	Deep Cognition	LeapDoc
deitek-systems,c61e6a5dd61ef3ac28d02c864e69008c	Deitek Systems 	Deitek
deitek-systems,c61e6a5dd61ef3ac28d02c864edc33d6	Deitek Systems 	Deitek
delivered-innovation,c61e6a5dd61ef3ac28d02c864e6a732d	Delivered Innovation	forcearchitects
delivered-innovation,c61e6a5dd61ef3ac28d02c864edde50b	Delivered Innovation	forcearchitects
demandmedia,c61e6a5dd61ef3ac28d02c864e6c57c6	Demand Media	demandmedia
demandmedia,c61e6a5dd61ef3ac28d02c864edfb80d	Demand Media	demandmedia
demekon-entertainment,c61e6a5dd61ef3ac28d02c864e6ce5fd	Demekon Entertainment	musicmonsterFM
demekon-entertainment,c61e6a5dd61ef3ac28d02c864ee04793	Demekon Entertainment	musicmonsterFM
der-reiche-sack,c61e6a5dd61ef3ac28d02c864e702136	Der Reiche Sack	reichersack
der-reiche-sack,c61e6a5dd61ef3ac28d02c864ee2f0e3	Der Reiche Sack	reichersack
design-my-world-ltd,c61e6a5dd61ef3ac28d02c864e7265f6	Design My World Ltd	Contempromania
design-my-world-ltd,c61e6a5dd61ef3ac28d02c864ee4f535	Design My World Ltd	Contempromania
design-royale,c61e6a5dd61ef3ac28d02c864e7284d9	Design Royale	designroyale
design-royale,c61e6a5dd61ef3ac28d02c864ee50e97	Design Royale	designroyale
design-studio-sanaomir-llc,c61e6a5dd61ef3ac28d02c864e729b99	Design studio Sanaomir LLC	sanaomir
design-studio-sanaomir-llc,c61e6a5dd61ef3ac28d02c864ee51858	Design studio Sanaomir LLC	sanaomir
designing-studios,c61e6a5dd61ef3ac28d02c864e73c3eb	Designing Studios	designingstudio
designing-studios,c61e6a5dd61ef3ac28d02c864ee6358c	Designing Studios	designingstudio
deskera,c61e6a5dd61ef3ac28d02c864e74e58f	Deskera	DeskeraProjectM
deskera,c61e6a5dd61ef3ac28d02c864ee74fa7	Deskera	DeskeraProjectM
desuranet,c61e6a5dd61ef3ac28d02c864e760622	DesuraNET	desuranet
desuranet,c61e6a5dd61ef3ac28d02c864ee84352	DesuraNET	desuranet
develop-daly,c61e6a5dd61ef3ac28d02c864e776465	Develop Daly	developdaly
develop-daly,c61e6a5dd61ef3ac28d02c864ee9b01d	Develop Daly	developdaly
devious-theatre,c61e6a5dd61ef3ac28d02c864e78a458	Devious Theatre	devioustheatre
devious-theatre,c61e6a5dd61ef3ac28d02c864eeae40f	Devious Theatre	devioustheatre
dialmycalls-com,c61e6a5dd61ef3ac28d02c864e7c1380	DialMyCalls.com	DialMyCalls
dialmycalls-com,c61e6a5dd61ef3ac28d02c864eeea819	DialMyCalls.com	DialMyCalls
diamondsndiamonds,c61e6a5dd61ef3ac28d02c864e7cf77a	DiamondsnDiamonds	dndstore
diamondsndiamonds,c61e6a5dd61ef3ac28d02c864eef7eca	DiamondsnDiamonds	dndstore
digital-assembly,c61e6a5dd61ef3ac28d02c864e818e25	Digital Assembly	digitalassembly
digital-assembly,c61e6a5dd61ef3ac28d02c864ef4d6ef	Digital Assembly	digitalassembly
digital-assets-deployment,c61e6a5dd61ef3ac28d02c864e819040	Digital Assets Deployment	RCarpintier
digital-assets-deployment,c61e6a5dd61ef3ac28d02c864ef4f355	Digital Assets Deployment	RCarpintier
digital-brand-group-inc,c61e6a5dd61ef3ac28d02c864e81ddf2	Digital Brand Group	dbginc
digital-brand-group-inc,c61e6a5dd61ef3ac28d02c864ef54dfe	Digital Brand Group	dbginc
digital-design-solutions,c61e6a5dd61ef3ac28d02c864e825507	Digital Design Solutions	DigiDSol
digital-design-solutions,c61e6a5dd61ef3ac28d02c864ef5ac89	Digital Design Solutions	DigiDSol
digital-vision-multimedia-group,c61e6a5dd61ef3ac28d02c864e8728ea	Digital Vision Multimedia Group	digitalvisiontv
digital-vision-multimedia-group,c61e6a5dd61ef3ac28d02c864efb0eae	Digital Vision Multimedia Group	digitalvisiontv
digitalk-notebooks,c61e6a5dd61ef3ac28d02c864e882412	Digitalk Notebooks	DigitalkNotes
digitalk-notebooks,c61e6a5dd61ef3ac28d02c864efc20db	Digitalk Notebooks	DigitalkNotes
digitalsmiths,c61e6a5dd61ef3ac28d02c864e889cab	Digitalsmiths	Digitalsmiths
digitalsmiths,c61e6a5dd61ef3ac28d02c864efcadc9	Digitalsmiths	Digitalsmiths
digiteka,c61e6a5dd61ef3ac28d02c864e890da0	Digiteka	digiteka
digiteka,c61e6a5dd61ef3ac28d02c864efd176c	Digiteka	digiteka
digitiliti,c61e6a5dd61ef3ac28d02c864e892c6b	Digitiliti	digilibe
digitiliti,c61e6a5dd61ef3ac28d02c864efd38bc	Digitiliti	digilibe
direct-students,4b9962595d7ff850d591b39c0001508d	Direct Students	directstudents
direct-students,c61e6a5dd61ef3ac28d02c864e8d64b2	Direct Students	directstudents
discover-media-llc,'4b9962595d7ff850d591b39c0003e73a	Discover Media, LLC	dismedia'
discover-media-llc,'c61e6a5dd61ef3ac28d02c864e901750	Discover Media, LLC	dismedia'
discoverorg,4b9962595d7ff850d591b39c000417b5	DiscoverOrg	discoverorg
discoverorg,c61e6a5dd61ef3ac28d02c864e904d17	DiscoverOrg	discoverorg
distilled,4b9962595d7ff850d591b39c0006a501	Distilled	distilled
distilled,c61e6a5dd61ef3ac28d02c864e92dbf5	Distilled	distilled
disual,4b9962595d7ff850d591b39c000757ba	Disual	disual
disual,c61e6a5dd61ef3ac28d02c864e938033	Disual	disual
dnspod,4b9962595d7ff850d591b39c000cb6f8	DNSPod	DNSPod
dnspod,c61e6a5dd61ef3ac28d02c864e98bdcb	DNSPod	DNSPod
domaining-in,4b9962595d7ff850d591b39c00133882	domaining.in	domainingin
domaining-in,c61e6a5dd61ef3ac28d02c864e9ec8b8	domaining.in	domainingin
donesi-com,4b9962595d7ff850d591b39c001539e8	Donesi.com	donesi
donesi-com,c61e6a5dd61ef3ac28d02c864ea0ba00	Donesi.com	donesi
dorm-mom,4b9962595d7ff850d591b39c0017cbb5	Dorm Mom	dormmom
dorm-mom,c61e6a5dd61ef3ac28d02c864ea31202	Dorm Mom	dormmom
dorst-emarketing-gmbh,4b9962595d7ff850d591b39c00183e6d	Dorst eMarketing GmbH	affiliate
dorst-emarketing-gmbh,c61e6a5dd61ef3ac28d02c864ea39612	Dorst eMarketing GmbH	affiliate
dot-cells,4b9962595d7ff850d591b39c00189917	Dot Cells	dotcells
dot-cells,c61e6a5dd61ef3ac28d02c864ea3d77d	Dot Cells	dotcells
dotbunny,4b9962595d7ff850d591b39c001934ab	dotBunny	dotbunny
dotbunny,c61e6a5dd61ef3ac28d02c864ea486b0	dotBunny	dotbunny
dotnetnuke-corporatio,4b9962595d7ff850d591b39c001a0348	DotNetNuke	dnncorp
dotnetnuke-corporatio,c61e6a5dd61ef3ac28d02c864ea5583a	DotNetNuke	dnncorp
dotsyntax,4b9962595d7ff850d591b39c001a8582	dotSyntax	digsby
dotsyntax,c61e6a5dd61ef3ac28d02c864ea5ec72	dotSyntax	digsby
downtown-music-llc,4b9962595d7ff850d591b39c001c3dc1	Downtown Music LLC	downtownmusic
downtown-music-llc,c61e6a5dd61ef3ac28d02c864ea79be8	Downtown Music LLC	downtownmusic
dred,4b9962595d7ff850d591b39c00212d54	DRED	dredmedia
dred,c61e6a5dd61ef3ac28d02c864eacad8f	DRED	dredmedia
dublin-mail-drop,4b9962595d7ff850d591b39c00283f08	Dublin Mail Drop	dublinmaildrop
dublin-mail-drop,c61e6a5dd61ef3ac28d02c864eb3f1c4	Dublin Mail Drop	dublinmaildrop
dun-se,4b9962595d7ff850d591b39c002a1d4f	DuN.se	dunse
dun-se,c61e6a5dd61ef3ac28d02c864eb5cfcf	DuN.se	dunse
dvdvideosoft,4b9962595d7ff850d591b39c002c3607	DVDVideoSoft	DVDVideoSoft
dvdvideosoft,c61e6a5dd61ef3ac28d02c864eb7ddf7	DVDVideoSoft	DVDVideoSoft
dynamic-verticals,4b9962595d7ff850d591b39c002e19d0	Dynamic Verticals	dvspl
dynamic-verticals,c61e6a5dd61ef3ac28d02c864eb9c0ac	Dynamic Verticals	dvspl
eacsoft,4b9962595d7ff850d591b39c0035195e	Eacsoft 	eacsoftdunks
eadoc,4b9962595d7ff850d591b39c00351d43	EADOC	EADOC
early-bird-alert,4b9962595d7ff850d591b39c0035d8d1	Early Bird Alert	EarlyBirdAlert
earthmine,4b9962595d7ff850d591b39c0036d4ef	earthmine	earthmine
easy-office-phone,4b9962595d7ff850d591b39c0038bd50	Easy Office Phone	EasyOfficePhone
easy-store-hosting,4b9962595d7ff850d591b39c003ad3a9	EasyStoreHosting	ecommerce_ESH
easystorehosting-com,4b9962595d7ff850d591b39c003ad7f8	EasyStoreHosting.com	ecommerce_ESH
eazeeloans,4b9962595d7ff850d591b39c003c0726	Eazeeloans	subu92
ecairn,4b9962595d7ff850d591b39c003f4ab6	eCairn	ecairn
echobit,4b9962595d7ff850d591b39c0040bb82	Echobit	echobitllc
echouser,4b9962595d7ff850d591b39c004158a6	EchoUser	EchoUser
ecofactor,4b9962595d7ff850d591b39c00433853	EcoFactor	EcoFactorCo
edelight,4b9962595d7ff850d591b39c0047817b	edelight	edelight
edu-2-0,4b9962595d7ff850d591b39c004afd17	Edu 2.0	edu20
education-com,4b9962595d7ff850d591b39c004bb1b7	Education.com	education_com
eedar,4b9962595d7ff850d591b39c004d266f	EEDAR	EEDAR
effortlesshr,4b9962595d7ff850d591b39c004ede03	EffortlessHR	effortlesshr
egg-marketing-public-relations,4b9962595d7ff850d591b39c005074d1	Egg Marketing & Public Relations	eggmarketing
egnyte,4b9962595d7ff850d591b39c005133dd	Egnyte	Egnyte
egrove-systems-private-ltd,4b9962595d7ff850d591b39c0051a47e	Egrove Systems Private Ltd	egrovesystem
eiphnh-consulting-solutions,4b9962595d7ff850d591b39c00539635	Eiphnh Consulting Solutions	eiphnhconsult
electric-solutions-gbr,4b9962595d7ff850d591b39c0057c586	Electric Solutions GbR	none
elegant-solutions,4b9962595d7ff850d591b39c00597a74	Elegant Solutions	boydcarter
elemental-technologies,4b9962595d7ff850d591b39c005a210a	Elemental Technologies	elementaltech
elite-fashion-swimwear,4b9962595d7ff850d591b39c005c6b5a	Elite Fashion Swimwear	jolidonswim
elsner-technologies-private-limited,4b9962595d7ff850d591b39c005e6c64	ELSNER Technologies Private Limited	blurbpoint
em-client,4b9962595d7ff850d591b39c005efc2f	eM Client	emclient
emagcreator,4b9962595d7ff850d591b39c005f2d09	eMagCreator	emagstudio
embotics-corporation,4b9962595d7ff850d591b39c0061d4aa	Embotics	EmboticsCorp
employmentcrossing-com,4b9962595d7ff850d591b39c0067c153	Employment-Crossing	EmploymentXing
employtoy,4b9962595d7ff850d591b39c0067cd74	EmployToy	employtoy
enable-technology,4b9962595d7ff850d591b39c0069c2ae	Enable Technology	enabletechno
engineyard,4b9962595d7ff850d591b39c00705945	Engine Yard	engineyard
enprovia,4b9962595d7ff850d591b39c0073f86e	enprovia	enprovia
entertainment-consumers-association,4b9962595d7ff850d591b39c0076f01b	Entertainment Consumers Association	theECA
envato,4b9962595d7ff850d591b39c007950e9	Envato	envato
epopeia,4b9962595d7ff850d591b39c007f1333	Epopeia	Epopeia
epostmarks,4b9962595d7ff850d591b39c007f41e5	Epostmarks	epostmarks
eprocurement-technologies-ltd,4b9962595d7ff850d591b39c007fb9a2	eprocurement technologies ltd	tendertiger
esearch-agency,4b9962595d7ff850d591b39c0086adcb	Esearch Agency	esearchagency
esforc,4b9962595d7ff850d591b39c00ffd7de	Framinco	framinco
eucalypt-systems,4b9962595d7ff850d591b39c008e6856	EUCALYPT Systems	eucalyptsystems
europeupclose,4b9962595d7ff850d591b39c0090a1ab	EuropeUpClose.com	EuropeUpClose
event-ticketing-systems,4b9962595d7ff850d591b39c009354da	Event Ticketing Systems	event_ticketing
eventbrite,4b9962595d7ff850d591b39c0093abe4	Eventbrite	Eventbrite
evil-martians,4b9962595d7ff850d591b39c00994011	Evil Martians	evilmartians
evolve-ip,4b9962595d7ff850d591b39c009b3a6b	Evolve IP	evolveip
exam-professor,4b9962595d7ff850d591b39c009e16c0	Exam Professor	examprofessor
executees,4b9962595d7ff850d591b39c00a087cf	Executees	Executees1
expat-intelligence,4b9962595d7ff850d591b39c00a357ff	Expat Intelligence	expatintell
experience-commerce-software,4b9962595d7ff850d591b39c00a42596	Experience Commerce	socialbhai
expresscarentals-worldwide-car-hire,4b9962595d7ff850d591b39c00a71241	Expresscarentals - Worldwide Car Hire	expresscarental
exprima-media,4b9962595d7ff850d591b39c00a75436	Exprima Media	exprima
exsafe,4b9962595d7ff850d591b39c00a77725	ExSafe	exsafe
extreme-element-ltd,4b9962595d7ff850d591b39c00a42ea4	Experience Days Ltd	ExElement
exuvis,4b9962595d7ff850d591b39c00a9bc51	exuvis	exuvis
exygy,4b9962595d7ff850d591b39c00a9ea33	Exygy	exygy
eyeball-interactive,4b9962595d7ff850d591b39c00aa414d	Eyeball Interactive	EyeballInt
eyeglasses-contacts-discount-eyewear-superstore,4b9962595d7ff850d591b39c00aaa1f6	Eyeglasses Contacts Discount Eyewear Superstore	EyeglassesStore
eyeka,4b9962595d7ff850d591b39c00aaca81	eYeka	eYeka
ez-texting,4b9962595d7ff850d591b39c00abd88f	Ez Texting	EzTexting
ezetop,4b9962595d7ff850d591b39c00ac75da	ezetop	ezetop
f-control,4b9962595d7ff850d591b39c00ad334d	F-Control	fcontrol
fabulously40-com,4b9962595d7ff850d591b39c00aede09	Fabulously40.com	Fabulously40
factory-media-limited,4b9962595d7ff850d591b39c00b168d8	Factory Media Limited	MPORA
falling-pixel,4b9962595d7ff850d591b39c00b385d6	Falling Pixel	fallingpixel
familylink,4b9962595d7ff850d591b39c00b47d57	FamilyLink	familylink
fanbridge,4b9962595d7ff850d591b39c00b5ef8d	FanBridge	FanBridge
fandom-ent,4b9962595d7ff850d591b39c00b68192	Fandom Ent.	jabromitis
fandom-entertainment,4b9962595d7ff850d591b39c00b68aab	Fandom Entertainment	jabromitis
fanloop-com,4b9962595d7ff850d591b39c00b753ed	FanLoop.com	fanloop
fanpop,4b9962595d7ff850d591b39c00b78aef	Fanpop	fanpop
fast-pitch,4b9962595d7ff850d591b39c00bc92d6	Fast Pitch!	fast_pitch
fatdux,4b9962595d7ff850d591b39c00be9982	FatDUX	fatdux
fathead,4b9962595d7ff850d591b39c00bead4f	Fathead	fathead
fatsoma,4b9962595d7ff850d591b39c00bf1af4	Fatsoma	fatsoma
favela-fabric,4b9962595d7ff850d591b39c00bf731d	Favela Fabric	favelafabric
fdv-solutions,4b9962595d7ff850d591b39c00c115ee	FDV Solutions	fdvsolutions
featureworld,4b9962595d7ff850d591b39c00c16fff	Featureworld 	Featureworld
feedage-com,4b9962595d7ff850d591b39c00c230bf	Feedage.com	feedage
felix,4b9962595d7ff850d591b39c00c46886	Felix	getfelix
feng-gui,4b9962595d7ff850d591b39c00c4d7b6	Feng-GUI	FengGUI
fhoster,4b9962595d7ff850d591b39c00c73dcc	Fhoster	fhoster_com
fieldsolutions,4b9962595d7ff850d591b39c00c9b067	FieldSolutions	FieldSolutions
filemobile,4b9962595d7ff850d591b39c00cbdfea	Filemobile	filemobile
film-annex,4b9962595d7ff850d591b39c00cce4b6	Film Annex	filmannex
findababysitter-com,4b9962595d7ff850d591b39c00d091e3	findababysitter.com	childcareuk
finnago,4b9962595d7ff850d591b39c00d31416	Finnago	finnago
finzoom-turkey,4b9962595d7ff850d591b39c00d3a9d0	Finzoom Turkey	finzoom_turkey
firehost,4b9962595d7ff850d591b39c00d4d9b0	FireHost	firehost
firescope,4b9962595d7ff850d591b39c00d50f75	FireScope	firescope
firmex,4b9962595d7ff850d591b39c00d5b2df	Firmex	firmex
first-roi,4b9962595d7ff850d591b39c00d75f8c	FIRST ROI	firstroi
first-solid-consulting,4b9962595d7ff850d591b39c00d79706	First Solid Consulting	firstsolid
fitspace-gyms,4b9962595d7ff850d591b39c00dbbaca	Fitspace gyms	FitspaceGyms
flash-flex-developers-magazine,'4b9962595d7ff850d591b39c00df95d1	Flash&Flex Developer''s Magazine	flashandflexmag'
flat-iron-experts,4b9962595d7ff850d591b39c00e044fb	Flat Iron Experts	bestflatiron
flee-from-reality,4b9962595d7ff850d591b39c00e193c9	Flee From Reality	FleeFromReality
flickaswitch,4b9962595d7ff850d591b39c00e35774	Flickaswitch	flickaswitch
flimp-media,4b9962595d7ff850d591b39c00e45fc7	Flimp Media	flimp
flite,4b9962595d7ff850d591b39c00e5eb09	Flite	flite
fluendo-embedded,4b9962595d7ff850d591b39c00e92e0c	Fluendo Embedded	Moovida
flumotion,4b9962595d7ff850d591b39c00ea8dfb	Flumotion	flumotion
flycast,4b9962595d7ff850d591b39c00eb512a	FlyCast	FlyCast
focusqa,4b9962595d7ff850d591b39c00edb585	focusQA	pritambhandari
folkd-com,4b9962595d7ff850d591b39c00eeb075	folkd.com	folkd
foodlaunch-inc,4b9962595d7ff850d591b39c00f1f8be	FoodLaunch	foodmarketing
foosms,4b9962595d7ff850d591b39c00f2e5f9	FOOSMS	foosms
fordela-corporation,4b9962595d7ff850d591b39c00f46d24	Fordela Corporation	fordela
formstack-3,4b9962595d7ff850d591b39c00f70f1a	Formstack	formstack
forthea-interactive-marketing,4b9962595d7ff850d591b39c00f81e34	Forthea Interactive Marketing	Forthea
fortisphere,4b9962595d7ff850d591b39c00f8648d	Fortisphere	fortisphere
fps-components,4b9962595d7ff850d591b39c00feafb9	FPS Components	fpscomponents
freecause,bb00443be334273f59d3ef19d1036aa7	FreeCause	FreeCause
freetube,bb00443be334273f59d3ef19d106a638	FreeTube	FreeTube
fresh-media-works,bb00443be334273f59d3ef19d1085297	Fresh Media Works	freshmediaworks
friendseat,bb00443be334273f59d3ef19d10b6974	FriendsEAT	FriendsEAT
front-rush,bb00443be334273f59d3ef19d10cf19a	Front Rush	frontrush
fulll-com,bb00443be334273f59d3ef19d1124554	Fulll.com	dealsnfreebies
funcage,bb00443be334273f59d3ef19d112fc7b	FunCage	FunCage
furnishweb,bb00443be334273f59d3ef19d115b6ab	FurnishWEB	FurnishWEB
futureconcept,bb00443be334273f59d3ef19d118c977	FutureConcept	futureconcept
fxpro,bb00443be334273f59d3ef19d11a7738	FxPro	FxProGlobal
fxpro-financial-services-ltd,bb00443be334273f59d3ef19d11a7a09	FxPro Financial Services Ltd	FxProGlobal
gaia-human-capital-consultants,bb00443be334273f59d3ef19d11dc7cf	Gaia Human Capital Consultants	cleantechsearch
gamerdna,bb00443be334273f59d3ef19d1234ba8	GamerDNA	GamerDNA
gamingpeak,bb00443be334273f59d3ef19d125a369	GamingPeak	gamingpeak
gate58-marketing-llc,bb00443be334273f59d3ef19d128c1a4	Gate58 Marketing	business_ware
gbcl-global,bb00443be334273f59d3ef19d12b0702	GBCL Global	GBCLGlobal
gear6,bb00443be334273f59d3ef19d12cd57b	Gear6	g6memcached
gebecom,bb00443be334273f59d3ef19d12d491a	gebeCom	bertramgeck
gen-y-media,bb00443be334273f59d3ef19d130ad0c	Gen-Y Media 	real_tony
geni,bb00443be334273f59d3ef19d1342b24	Geni	geni
genite,bb00443be334273f59d3ef19d134c67e	Genite	Genite
get-clicky,fb79c1faa23e6537889b8b58cad0e795	Clicky Web Analytics	getclicky
getamarket,bb00443be334273f59d3ef19d13bc111	Getamarket	getamarket
getmecooking,bb00443be334273f59d3ef19d13d00f0	GetMeCooking	GetMeCooking
gift-sms,bb00443be334273f59d3ef19d140c42d	Gift SMS	giftsms
gigya,bb00443be334273f59d3ef19d144c993	Gigya	Gigya
glm-producciones,bb00443be334273f59d3ef19d14bbe7f	GLM Producciones	GLMProducciones
global-roaming,bb00443be334273f59d3ef19d14f960d	Global Roaming 	celtrek
globalclassroom,bb00443be334273f59d3ef19d150f3de	GlobalClassroom	globalclassroom
globonetics,bb00443be334273f59d3ef19d1530ea6	Globonetics	globonetics
glyde,bb00443be334273f59d3ef19d15532e0	Glyde	glyde
gogogic,bb00443be334273f59d3ef19d15b9661	Gogogic	gogogic
gogreensolar-com,bb00443be334273f59d3ef19d15bb8e4	GoGreenSolar.com	gogreensolar
gonow,bb00443be334273f59d3ef19d1600e2b	Gonow	gonowtecnologia
good-worldwide-inc-good-magazine,bb00443be334273f59d3ef19d1604daa	GOOD	good
goodealhosting,bb00443be334273f59d3ef19d1619afd	GOODEALHOSTING	goodealhosting
goojet,bb00443be334273f59d3ef19d164f674	Goojet	goojet
gosquared,bb00443be334273f59d3ef19d1675480	GoSquared	GoSquared
gotobilling,bb00443be334273f59d3ef19d1689f24	gotoBilling	gotobilling
gotradelive,bb00443be334273f59d3ef19d168fc3a	gotradelive	gotradelive
gpstravelmaps-com,bb00443be334273f59d3ef19d16b7a53	GPSTravelMaps.com	gpstravelmaps
grafton-media,bb00443be334273f59d3ef19d16d5b2f	Grafton Media	graftonmedia
grant-gopher,bb00443be334273f59d3ef19d16e7639	Grant Gopher	grantgopher
great-minds-design,bb00443be334273f59d3ef19d1719995	Great Minds Design	GMDweb
green-car-guide,bb00443be334273f59d3ef19d173259b	Green Car Guide	GreenCarGuide
green-energy-options,bb00443be334273f59d3ef19d1737fc7	Green Energy Options	GEOmonitors
greenbutton,bb00443be334273f59d3ef19d17593f9	GreenButton	greenbutton
greenray-solar,bb00443be334273f59d3ef19d1786a09	GreenRay Solar	greenraysolar
grid-dynamics,bb00443be334273f59d3ef19d17a789d	Grid Dynamics	griddynamics
grid-net,bb00443be334273f59d3ef19d17a7fec	Grid Net	grid_net
grockit,bb00443be334273f59d3ef19d17c8e4c	Grockit	grockit
grooveshark,bb00443be334273f59d3ef19d17d6b48	Grooveshark	Grooveshark
grupthink,bb00443be334273f59d3ef19d183feb6	Grupthink	grupthink
guardtime,bb00443be334273f59d3ef19d186d86c	GuardTime	guardtime
guild-launch,bb00443be334273f59d3ef19d188f178	Guild Launch	guildlaunch
gunnar-optiks,bb00443be334273f59d3ef19d18a2361	GUNNAR Optiks	GUNNAROptiks
h3-solutions,bb00443be334273f59d3ef19d18df818	H3 Solutions	mobileentree
haiku-learning-systems,bb00443be334273f59d3ef19d1902b92	Haiku Learning Systems	haikulearning
hammerkit,bb00443be334273f59d3ef19d1925df9	HammerKit	hammerkit
happy-herbivore,bb00443be334273f59d3ef19d195ac11	Happy Herbivore	happyherbivore
health-2-0,bb00443be334273f59d3ef19d19e788f	Health 2.0	health2con
healthplan-crm,bb00443be334273f59d3ef19d1a1add1	HealthPlanCRM	healthplancrm
helcim-2,bb00443be334273f59d3ef19d1a5a76e	Helcim	Helcim
helix-wind,bb00443be334273f59d3ef19d1a692e1	Helix Wind	helixwind
higher-logic,bb00443be334273f59d3ef19d1b0a6ae	Higher Logic	higherlogic
highgroove,bb00443be334273f59d3ef19d1b0e166	Highgroove	highgroove
homebaked-films,bb00443be334273f59d3ef19d1bd1348	Homebaked Films	willgadea
homeshop18-com,bb00443be334273f59d3ef19d1be42ce	HomeShop18.com	HomeShop18
homeworker24-gmbh,bb00443be334273f59d3ef19d1bf4df4	Homeworker24 GmbH	homeworker24
hot-gay-news,bb00443be334273f59d3ef19d1c5a467	Hot Gay News	hotgaynews
hound,bb00443be334273f59d3ef19d1c8b433	Hound	hound_jobsearch
howzatmedia,bb00443be334273f59d3ef19d1cb758e	HOWZAT media	hugoburge
hpj-solutions,bb00443be334273f59d3ef19d1cc31d4	HPJ Solutions	hpjsolutions
hrcrossing,bb00443be334273f59d3ef19d1cc99d6	HRCrossing	hrcrossing
hubpages,bb00443be334273f59d3ef19d1d0eef6	HubPages	HubPagesDotCom
huddle,bb00443be334273f59d3ef19d1d13354	Huddle	huddle
huje-labs,bb00443be334273f59d3ef19d1d2765b	HuJe labs	hujelabs
humble,bb00443be334273f59d3ef19d1d37bd4	Humble	humbletv
hunglead,bb00443be334273f59d3ef19d1d45c53	Hunglead	zaiko_Robot
hungryhouse-co-uk,bb00443be334273f59d3ef19d1d49d03	hungryhouse.co.uk	hungryhouse
i-wanna-be-on-inc,bb00443be334273f59d3ef19d1dbc520	I Wanna Be On	IWannaBeOnMedia
i2-mobile-solutions,bb00443be334273f59d3ef19d1de17e5	i2 Mobile Solutions	i2mobilebr
ibiograph,bb00443be334273f59d3ef19d1e11125	Ibiograph	ibiograph
ibuyphones,bb00443be334273f59d3ef19d1e2e095	iBuyPhones	ibuyphones
icall,bb00443be334273f59d3ef19d1e37388	iCall	icall
iceteam,bb00443be334273f59d3ef19d1e57743	IceTeam	iceop
iconoclaste,bb00443be334273f59d3ef19d1e795f5	iconoclaste	iconoclaste
ict-sector,bb00443be334273f59d3ef19d1e8f71e	ICT Sector	ictsector
icurrent,bb00443be334273f59d3ef19d1e93fe4	iCurrent	icurrent
id2,bb00443be334273f59d3ef19d1e9ca19	ID2 Digital	id2digital
idearocket,bb00443be334273f59d3ef19d1ec4a6c	IdeaRocket 	homebakedfilms
ideavity,bb00443be334273f59d3ef19d1ecfd87	Ideavity	ideavity
ideonic,bb00443be334273f59d3ef19d1ee512d	Ideonic	ideonic
idio,bb00443be334273f59d3ef19d1ef7e00	idio	idioplatform
igaworks,bb00443be334273f59d3ef19d1f3b1f7	IGAWORKS	igaworks
iitms-rtbi,'bb00443be334273f59d3ef19d1f6b29f	IITM''s Rural Technology and Business Incubator	RTBI'
ikroh-seo-uk,bb00443be334273f59d3ef19d1f81ef5	Ikroh SEO UK	ikroh
ilab-solutions,bb00443be334273f59d3ef19d1f85e4b	iLab Solutions	ilabsolutions
illume,bb00443be334273f59d3ef19d1f910b7	ILLUME	illumemag
illuminea,bb00443be334273f59d3ef19d1f95593	illuminea 	miriamschwab
ilogos,bb00443be334273f59d3ef19d1f9c3ea	iLogos	ilogos_ua
impecca,597e595b22c7371d2769eb1fa002ea84	Impecca	impeccausa
impel-crm,597e595b22c7371d2769eb1fa002f7c3	Impel CRM	impelcrm
in-and-out-cash-management-software,597e595b22c7371d2769eb1fa025708d	InOutCash.com	inoutcash
inbox,597e595b22c7371d2769eb1fa0080500	Inbox	inboxmidia
indiahotelreview,597e595b22c7371d2769eb1fa00c8049	IndiaHotelReview	ihrtwits
indorse-technologies,597e595b22c7371d2769eb1fa00f7c84	InDorse Technologies	InDorseTech
infinity-learning-solutions,c61e6a5dd61ef3ac28d02c864e87b799	DigitalChalk	digitalchalk
infinity-learning-solutions,c61e6a5dd61ef3ac28d02c864efbb50a	DigitalChalk	digitalchalk
infinitybox,597e595b22c7371d2769eb1fa0140aff	Infinity Box	wufoo
inflection,597e595b22c7371d2769eb1fa014557b	Inflection	Archivescom
influxive-technologies-pvt-ltd,597e595b22c7371d2769eb1fa014f243	Influxive Technologies Pvt.Ltd.	juliaprank
info-checkpoint,597e595b22c7371d2769eb1fa0151566	Info CheckPoint	infocheckpoint
infobip,597e595b22c7371d2769eb1fa015afa6	Infobip	infobip
infoscert-consulting,597e595b22c7371d2769eb1fa019b214	Infoscert Consulting	infoscert
infrastruct-security,597e595b22c7371d2769eb1fa01b76db	Infrastruct Security	infrastruct
initial-design-consulting,597e595b22c7371d2769eb1fa01de915	Initial Design Consulting	idconsulting
innography,597e595b22c7371d2769eb1fa021d071	Innography	innography
inovesys,597e595b22c7371d2769eb1fa025ddee	Inovesys	inovesys
inquicker,597e595b22c7371d2769eb1fa026c813	InQuicker	inquicker
inside-music-group-entertainment,597e595b22c7371d2769eb1fa028221c	Inside Music Group Entertainment	IMGEntertain
insidefacebook,597e595b22c7371d2769eb1fa027ec8d	Inside Facebook	InsideNetwork
insitu-mobile,597e595b22c7371d2769eb1fa029c643	Insitu Mobile	insitumobile
instamedia,597e595b22c7371d2769eb1fa02bf6cd	Instamedia	instamedia
institute-for-advanced-science-engineering,597e595b22c7371d2769eb1fa02d5b7d	Institute for Advanced Science & Engineering	advancedscience
integral-it,597e595b22c7371d2769eb1fa0304b12	Integral IT	integralit
integrity-technology-specialists,597e595b22c7371d2769eb1fa031bc9e	Integrity Technology Specialists	webdesgin
intela,597e595b22c7371d2769eb1fa031ffdf	Intela	intela
interactive-mediums,08ea75d0b39da8eeca1e9129c711d0e8	Signal	signal
internet-marketing-inc,597e595b22c7371d2769eb1fa03d917a	Internet Marketing Inc	iMarketingINC
intomobile,597e595b22c7371d2769eb1fa0425a50	IntoMobile	intomobile
intrahost,597e595b22c7371d2769eb1fa042d3ca	Intrahost	IntrahostLtd
inventic,597e595b22c7371d2769eb1fa04653f5	Inventic	ormdesigner
inveon,597e595b22c7371d2769eb1fa046dd04	Inveon	inveon
invesp,597e595b22c7371d2769eb1fa047648e	Invesp	invesp
invisiblecrm,597e595b22c7371d2769eb1fa048fc84	InvisibleCRM	Invisible_CRM
inviting-expressions,597e595b22c7371d2769eb1fa049abd7	Inviting Expressions	InvitingExp
iqdesk,597e595b22c7371d2769eb1fa0536d76	iQDesk	iqdesk1
isango,597e595b22c7371d2769eb1fa0574dab	isango!	isango
iscripts,597e595b22c7371d2769eb1fa057da27	iScripts	Iscriptsdotcom
iso-interactive,597e595b22c7371d2769eb1fa059bf7a	ISO Interactive	isointeractive
itasveer,597e595b22c7371d2769eb1fa05e24f8	iTasveer	itasveer
iteam-web-solutions,597e595b22c7371d2769eb1fa05e9284	iTeam Web Solutions	iteamweb
ito-world,597e595b22c7371d2769eb1fa06161e1	Ito World	itoworld
ivy-exec,597e595b22c7371d2769eb1fa065beba	Ivy Exec	IvyExec
iyogi,597e595b22c7371d2769eb1fa067891e	iYogi	iYogi
izea,'597e595b22c7371d2769eb1fa067b3be	IZEA, Inc.	izea'
jaaydaad,597e595b22c7371d2769eb1fa069cef6	Jaaydaad	jaaydaad_1
jbrb,597e595b22c7371d2769eb1fa07109dc	JBRB	jbrbinc
jibberjobber,597e595b22c7371d2769eb1fa075d602	JibberJobber	jibberjobber
jogmap-media,597e595b22c7371d2769eb1fa07e120b	jogmap media	jogmap
johoplanet-inc,08ea75d0b39da8eeca1e9129c7cae79b	Synclogue	synclogue
jotform,597e595b22c7371d2769eb1fa081cc31	JotForm	Jotform
jumpbox,597e595b22c7371d2769eb1fa0871c26	JumpBox	jumpbox
jumpforward,597e595b22c7371d2769eb1fa0873f34	JumpForward	jumpforward
justintv,597e595b22c7371d2769eb1fa08b66bb	Justin.TV	justintv
juvie,597e595b22c7371d2769eb1fa08c288e	Juvie	Juvieshop
kaartje2go,597e595b22c7371d2769eb1fa08e88c5	Kaartje2go	kaartje2go
kabam,597e595b22c7371d2769eb1fa08ebb7c	Kabam	kabam
kadmusarts,597e595b22c7371d2769eb1fa08f8fb1	KadmusArts	reichblum
kaltura,597e595b22c7371d2769eb1fa092054f	Kaltura	kaltura
kanlli,597e595b22c7371d2769eb1fa09386bc	Kanlli	kanlli
kashflow,597e595b22c7371d2769eb1fa096ff31	KashFlow	kashflow
kashflow-software,597e595b22c7371d2769eb1fa097035b	KashFlow Software	kashflow
kazak-media,597e595b22c7371d2769eb1fa098e684	Kazak Media	kazakmedia
keima,597e595b22c7371d2769eb1fa09c181e	Keima	OvertureOnline
khan-academy,597e595b22c7371d2769eb1fa0a27c36	Khan Academy	khanacademy
kicker-films,597e595b22c7371d2769eb1fa0a35836	Kicker Films	Kicker_Films
kikabink,597e595b22c7371d2769eb1fa0a5b25b	Kikabink	kikabink
killer-guides,597e595b22c7371d2769eb1fa0a6393e	Killer Guides	killerguides
killer-web-directory,597e595b22c7371d2769eb1fa0a646f4	Killer Web Directory	KillerDirectory
kinghost,597e595b22c7371d2769eb1fa0a8c3fd	KingHost	kinghost
kmg-worldwide-public-relations,597e595b22c7371d2769eb1fa0af4ddb	KMG Worldwide Public Relations	KMGWorldwideJEN
knowledgetree,597e595b22c7371d2769eb1fa0b20151	KnowledgeTree 	knowledgetreesw
kogan-technologies,597e595b22c7371d2769eb1fa0b3c3ed	Kogan	kogan
koleo,597e595b22c7371d2769eb1fa0b420b9	Koleo	koleopointca
komli-media,597e595b22c7371d2769eb1fa0b4b6f9	Komli Media	komlimedia
kongregate,597e595b22c7371d2769eb1fa0b5d281	Kongregate	kongregate
kooaba,597e595b22c7371d2769eb1fa0b6dca7	kooaba	kooaba
koozai,597e595b22c7371d2769eb1fa0b7ce3d	Koozai	koozai
kreeti-technologies,597e595b22c7371d2769eb1fa0bb7710	Kreeti Technologies	kreetitech
kuliza,597e595b22c7371d2769eb1fa0bf1ebd	Kuliza	kuliza
laris-media,597e595b22c7371d2769eb1fa0cd69e6	Laris Media	larismedia
laris-technologies,597e595b22c7371d2769eb1fa0cd72c0	Laris Technologies	laristech
late-nite-labs,597e595b22c7371d2769eb1fa0cf0422	Late Nite Labs	latenitelab
latentview-analytics,597e595b22c7371d2769eb1fa0cf1ce7	LatentView Analytics	latentview
launchware,597e595b22c7371d2769eb1fa0d1296b	LaunchWare	LaunchWare
learning-pool,597e595b22c7371d2769eb1fa0d97d83	Learning Pool	LearningPool
lemonsoft,597e595b22c7371d2769eb1fa0dea571	LemonSoft	Lemonsoft
lendingclub,597e595b22c7371d2769eb1fa0df73dc	Lending Club	Lendingclub
lexy,597e595b22c7371d2769eb1fa0e5b72c	Lexy	lexyinc
libcast-sas,597e595b22c7371d2769eb1fa0e66379	LIBCAST	libcast
libersy,597e595b22c7371d2769eb1fa0e67e1c	Libersy	libersy
liberty-electric-cars,597e595b22c7371d2769eb1fa0e6aa8d	Liberty Electric Cars	Elec_Car_Plane
librato,597e595b22c7371d2769eb1fa0e74129	Librato	librato
life-in-mobile,597e595b22c7371d2769eb1fa0e7b98b	Life in Mobile	lifeinmobile
lifeio,597e595b22c7371d2769eb1fa0e8fc39	lifeIO	lifeio
lightcode,597e595b22c7371d2769eb1fa0eb7b1d	LightCode	lightcode
lighthouse-solar,597e595b22c7371d2769eb1fa0ebb039	Lighthouse Solar	lighthousesolar
lijit-networks,597e595b22c7371d2769eb1fa0ece9d9	Lijit Networks	lijit
likecube,597e595b22c7371d2769eb1fa0ed4c95	LikeCube	likecube
liligo-com,597e595b22c7371d2769eb1fa0ee2363	Liligo.com	liligo_uk
limejam,597e595b22c7371d2769eb1fa0eef3c2	LimeJam	limejam
limitless-computing,597e595b22c7371d2769eb1fa0ef81fa	Limitless Computing	Limitlesscomp
limitstate,597e595b22c7371d2769eb1fa0ef8db4	LimitState	limitstateltd
lingospot-inc,'597e595b22c7371d2769eb1fa0f16c63	Lingospot, Inc.	Lingospot'
lingotek,597e595b22c7371d2769eb1fa0f17037	Lingotek	lingotek
liquidplanner,597e595b22c7371d2769eb1fa0f7d2ee	LiquidPlanner	LiquidPlanner
litmos,597e595b22c7371d2769eb1fa0fa3d6a	Litmos	litmos
livedrive-com,597e595b22c7371d2769eb1fa0fdf7cf	Livedrive	livedrive_com
local-bump,83097a0e1641e8eda5b5ac717e036b98	Local Bump	localbumpup
logabottle,83097a0e1641e8eda5b5ac717e09bef3	logabottle	logabottle
look-at-me,83097a0e1641e8eda5b5ac717e0f9c86	Look At Me 	Lookatme_news
lookuppage,83097a0e1641e8eda5b5ac717e108478	LookupPage	lookuppage
lotame,83097a0e1641e8eda5b5ac717e12e444	Lotame	lotame
loudclick,83097a0e1641e8eda5b5ac717e13b698	LoudClick	LoudClick
lovestruck-com,83097a0e1641e8eda5b5ac717e158e4f	Lovestruck.com	brettharding
lullabot,83097a0e1641e8eda5b5ac717e19e5b1	Lullabot	lullabot
lumenpulse,83097a0e1641e8eda5b5ac717e1a4048	Lumenpulse	lumenpulse
m-e-top-audio-and-home-theater,83097a0e1641e8eda5b5ac717e20ee42	M.E. Top Audio and Home Theater	MosheEliyahu
m2mobi,83097a0e1641e8eda5b5ac717e2182ac	M2Mobi	nulazhq
m8system-llc,83097a0e1641e8eda5b5ac717e226ef1	m8system LLC	m8system
macheist,83097a0e1641e8eda5b5ac717e2381c6	MacHeist	macheist
macnotes,83097a0e1641e8eda5b5ac717e244d06	MACNOTES	Macnotes
macrosolve,bb00443be334273f59d3ef19d1f92050	Illume Mobile	illumemobile
mageworx,83097a0e1641e8eda5b5ac717e288830	MageWorx	mageworxdotcom
magmawave,83097a0e1641e8eda5b5ac717e29ed6c	MagmaWave	magmawave
magnify,83097a0e1641e8eda5b5ac717e2b1b82	Magnify	magnify
magnon-international,83097a0e1641e8eda5b5ac717e2b6599	Magnon international	magnonteam
magnus-health-portal,83097a0e1641e8eda5b5ac717e2b89ef	Magnus Health	MagnusHealth
magor-communications,83097a0e1641e8eda5b5ac717e2ba0a5	Magor Communications	magorcorp
maia-intelligence,83097a0e1641e8eda5b5ac717e2c746d	MAIA Intelligence	mehtasanjay
mail-blaze,83097a0e1641e8eda5b5ac717e2c920b	Mail Blaze	mailblaze
mail-prospects,83097a0e1641e8eda5b5ac717e2caea8	Mail Prospects	mailprospects
malaysia-most-wanted,83097a0e1641e8eda5b5ac717e320cec	Malaysia Most Wanted	malaysia_mw
malleries-llc,83097a0e1641e8eda5b5ac717e32751f	Malleries LLC	malleries
manageiq,83097a0e1641e8eda5b5ac717e33e570	ManageIQ	manageiq
mapleton-hill-media,83097a0e1641e8eda5b5ac717e3881e8	Mapleton Hill Media	mapletonhill
marino,83097a0e1641e8eda5b5ac717e3b2869	Marino	marinosoftware
mark-corporation,83097a0e1641e8eda5b5ac717e3b6614	Mark Corporation	markcorpn
marketingcrossing,83097a0e1641e8eda5b5ac717e3defd8	MarketingCrossing	MarketingCross
marketo,83097a0e1641e8eda5b5ac717e3e7a1e	Marketo	marketo
mashery,83097a0e1641e8eda5b5ac717e42b603	Mashery	Mashery
matador-network,83097a0e1641e8eda5b5ac717e45c4a6	Matador Network	MatadorNetwork
matadornetwork,83097a0e1641e8eda5b5ac717e45cf71	MatadorNetwork	MatadorNetwork
matchmate,83097a0e1641e8eda5b5ac717e46d68d	MatchMate	matchmate
maverick-revolution,83097a0e1641e8eda5b5ac717e4a179a	Maverick Revolution	mavrev
mavizon-technologies,83097a0e1641e8eda5b5ac717e4a7439	Mavizon	mymavia
max-snowboard-ski-gear-superstore,83097a0e1641e8eda5b5ac717e4ada8f	Max Snowboard & Ski Gear Superstore	buysnowboard
maxcon-software,83097a0e1641e8eda5b5ac717e4b1f74	MaxCon Software	MaxConSoftware
maxymiser,83097a0e1641e8eda5b5ac717e4d03df	Maxymiser	maxymiser
mbuy,83097a0e1641e8eda5b5ac717e4f07b7	MBuy	mbuyadvantage
mchek-india-payment-systems,83097a0e1641e8eda5b5ac717e505449	mChek India Payment Systems	mchek
mckremie,83097a0e1641e8eda5b5ac717e50f13e	McKremie	McKremie
mds-web-studios,5885c8f942b2d53de0f9ff90e1650e10	Red Metal Box	redmetalbox
meanbee,83097a0e1641e8eda5b5ac717e534a6c	Meanbee	meanbee
measuredup-com,83097a0e1641e8eda5b5ac717e53a8e6	MeasuredUp.com	MeasuredUp
med-staff-on-call,83097a0e1641e8eda5b5ac717e546f59	Med Staff On-Call	medstaffoncall
media-glint,83097a0e1641e8eda5b5ac717e56b3ac	Media Glint	mediaglint
mediaanalys-ab,83097a0e1641e8eda5b5ac717e583dfa	MediaAnalys AB	mediaanalys_
mediafire,83097a0e1641e8eda5b5ac717e59338a	MediaFire	MediaFire
mediafly,83097a0e1641e8eda5b5ac717e5939cb	Mediafly	mediafly
mediao2,83097a0e1641e8eda5b5ac717e5a957f	MediaO2	MediaO2
medwow,83097a0e1641e8eda5b5ac717e609f49	MedWOW	MedWOWmedical
meemix,83097a0e1641e8eda5b5ac717e610f53	MeeMix	MeeMix
memorize-com,83097a0e1641e8eda5b5ac717e66ed76	Memorize.com	memorize_com
menuism,83097a0e1641e8eda5b5ac717e695fcd	Menuism	menuism
menulog,83097a0e1641e8eda5b5ac717e6968e1	Menulog	menulog
meraki,83097a0e1641e8eda5b5ac717e6a0546	Meraki	meraki
metaflow-solutions,83097a0e1641e8eda5b5ac717e707ea5	Metaflow Solutions	metaflow
metaplace,83097a0e1641e8eda5b5ac717e7191b6	Metaplace	metaplace
metaversum,83097a0e1641e8eda5b5ac717e722d54	Metaversum	twinity
metova,83097a0e1641e8eda5b5ac717e7318e5	Metova	metova
mgage-technologies,83097a0e1641e8eda5b5ac717e75f9a9	mGage Technologies	mGageTech
microstockgroup,83097a0e1641e8eda5b5ac717e7c85d7	MicrostockGroup	MicrostockGroup
milk-it-software-house,83097a0e1641e8eda5b5ac717e8199a9	Milk-it Software House	milkit_
millennial-media,83097a0e1641e8eda5b5ac717e81d891	Millennial Media	millennialmedia
milrayas-design-communication,83097a0e1641e8eda5b5ac717e83044c	Milrayas design & communication	milrayas
mllennial-media,83097a0e1641e8eda5b5ac717e93152a	Mllennial Media	millennialmedia
mobango,83097a0e1641e8eda5b5ac717e95505c	Mobango	mobango
mockup-builder,83097a0e1641e8eda5b5ac717ea23b07	Mockup Builder	MockupBuilder
mogreet,83097a0e1641e8eda5b5ac717ea663c2	Mogreet	mogreet
monetizemedia,83097a0e1641e8eda5b5ac717eab4461	Monetize Media	monetizemedia
monitise,83097a0e1641e8eda5b5ac717ead27e5	Monitise	MonitiseGroup
monk-dev,83097a0e1641e8eda5b5ac717ead7f88	Monk Dev	monkdev
mooloop,83097a0e1641e8eda5b5ac717eb0c808	Mooloop	mooloop
moonrank,83097a0e1641e8eda5b5ac717eb16a14	Moonrank	moonrank
morodo,83097a0e1641e8eda5b5ac717eb3c2b5	Morodo	MorodoGroup
morpheus-hypnosis-ltd,83097a0e1641e8eda5b5ac717eb3ddad	Morpheus Hypnosis	HypnotizrCom
motherapp,83097a0e1641e8eda5b5ac717eb636e3	MotherApp	motherapp
motionbox,83097a0e1641e8eda5b5ac717eb6934e	Motionbox	motionbox
move-online,83097a0e1641e8eda5b5ac717eb96e9f	MOvE Online	moveonline
mozomo-com,83097a0e1641e8eda5b5ac717ebdecf3	Mozomo.com	KIPL
muchmarketing,83097a0e1641e8eda5b5ac717ec4a97c	muchmarketing	muchmarketing
mulesource,83097a0e1641e8eda5b5ac717ec55ccf	MuleSoft	MuleSoft
music-city-networks-llc,'83097a0e1641e8eda5b5ac717ec93931	MusicCityNetworks, LLC	mcn_nashville'
musicadium,83097a0e1641e8eda5b5ac717ec911b1	Musicadium	musicadium
musicxray,83097a0e1641e8eda5b5ac717eca8b13	MusicXray	MusicXray
mwasala-e-solutions,83097a0e1641e8eda5b5ac717ecc9a61	Mwasala e-Solutions	mwasala
mxp4-interactive-music,83097a0e1641e8eda5b5ac717eccfce8	Mxp4 Interactive Music	TheRemixCulture
my-online-golf-club,83097a0e1641e8eda5b5ac717ecfbebd	My Online Golf Club	MOGC
myalert,5fae06029bbe793553b81c6aca500ce6	AlertMe	alertmesays
myallsearch-com,83097a0e1641e8eda5b5ac717ed1c993	MyAllSearch.com	MyAllSearch
myareanetwork,83097a0e1641e8eda5b5ac717ed1fcfb	MyAreaNetwork	myareanetwork
mybuys,83097a0e1641e8eda5b5ac717ed31c33	MyBuys	MyBuys
mydials,83097a0e1641e8eda5b5ac717ed59be3	myDIALS	myDIALS
myplaniq,83097a0e1641e8eda5b5ac717edc2064	MyPlanIQ	MyPlanIQ
mysupermarket,83097a0e1641e8eda5b5ac717edfc33d	mySupermarket	mysupermarket
myvouchercodes-co-uk,83097a0e1641e8eda5b5ac717ee1c87d	MyVoucherCodes.co.uk	MyVoucherCodes
nabu-media,83097a0e1641e8eda5b5ac717ee51b78	Nabu Media	zoomvino
napera-networks,83097a0e1641e8eda5b5ac717eeb2ae9	Napera Networks	napera
nasty-gal,83097a0e1641e8eda5b5ac717eec7f23	Nasty Gal	nastygal
navdog,83097a0e1641e8eda5b5ac717ef18010	NavDog	navdog
naymz,83097a0e1641e8eda5b5ac717ef2f403	Naymz	naymzdotcom
ncrypted-technologies,83097a0e1641e8eda5b5ac717ef42468	NCrypted Technologies	kunalism
ndreams,83097a0e1641e8eda5b5ac717ef48a5c	nDreams	patrickol
neighborhood-pay-services,83097a0e1641e8eda5b5ac717ef7b53d	Neighborhood Pay Services	RentAssurance
neocore,83097a0e1641e8eda5b5ac717ef9e953	Neocore	neocorebr
nestoria,83097a0e1641e8eda5b5ac717efe8131	Nestoria	nestoria
net2ez,e054627bc6b1f1d8cb812cce42000225	Net2ez	net2ez
netbiz-systems-pvt-ltd,e054627bc6b1f1d8cb812cce4200d346	NetBiz Systems Pvt. Ltd.	netbizsystems
netjam,e054627bc6b1f1d8cb812cce42047c05	NetJam	ivornl
netpeak,e054627bc6b1f1d8cb812cce4205eb0e	NETPEAK	netpeak_us
netprospex,e054627bc6b1f1d8cb812cce420633c7	NetProspex	NetProspex
networked-insights,e054627bc6b1f1d8cb812cce420a51bd	Networked Insights	NetInsights
netwrix,e054627bc6b1f1d8cb812cce420aaaa0	NetWrix	NetWrix
neustep,e054627bc6b1f1d8cb812cce420caea8	Neustep	webwalk
new-media-campaigns,e054627bc6b1f1d8cb812cce420f7812	New Media Campaigns	nmcteam
new-media-guru-nmg,e054627bc6b1f1d8cb812cce420f8873	New Media Guru (NMG)	newmediagurunmg
new-prodigy-marketing-group,e054627bc6b1f1d8cb812cce42102cfc	New Prodigy Marketing Group	newprodigy
newblue,e054627bc6b1f1d8cb812cce42119da3	NewBlue	newbluefx
newyork60-com,e054627bc6b1f1d8cb812cce4216750f	NewYork60.com	NewYork60
nexj-systems,e054627bc6b1f1d8cb812cce4217607a	NexJ Systems	nexj
next-conference,e054627bc6b1f1d8cb812cce4217ffcc	NEXT Conference	nextconf
nextivity,e054627bc6b1f1d8cb812cce421a76cb	Nextivity	5bars
ngoc-thuy-shop,e054627bc6b1f1d8cb812cce421d924d	Ngoc Thuy Shop	ngocthuygroup
nikkoshops,e054627bc6b1f1d8cb812cce4220b03e	nikkoSHOPS	nikkoSHOPS
nile-guide,e054627bc6b1f1d8cb812cce4220f4ee	NileGuide	NileGuide
nipiq,e054627bc6b1f1d8cb812cce42230a78	NIPIQ	NIPIQ
no-problem,e054627bc6b1f1d8cb812cce422685c6	NO PROBLEM	NoProblemPPC
nokaut,e054627bc6b1f1d8cb812cce4229466e	Nokaut	nokautPL
north-social,e054627bc6b1f1d8cb812cce422decff	North Social	northsocial
nosco-hq,e054627bc6b1f1d8cb812cce422fddab	Nosco HQ	noscohq
noza,e054627bc6b1f1d8cb812cce4236dc80	NOZA	NOZA_INC
nst-power-tech-co-ltd,e054627bc6b1f1d8cb812cce423808f5	NST POWER TECH CO.LTD	nstpower
ntractive,e054627bc6b1f1d8cb812cce4238e5ac	Ntractive	ntractive
nuclear-coffee,e054627bc6b1f1d8cb812cce423a106b	Nuclear Coffee	Nuclear_Coffee
nuroa,e054627bc6b1f1d8cb812cce423d3d86	Nuroa	nuroa_es
nutrac-inc,'e054627bc6b1f1d8cb812cce423deea9	Nutrac, Inc	K_Brand'
nuvographics,e054627bc6b1f1d8cb812cce423eb213	NuvoGraphics	NuvoGraphics
nyoomedia,e054627bc6b1f1d8cb812cce42412249	NyooMedia Business Solutions	lifeatmetromela
nysteria-solutions,e054627bc6b1f1d8cb812cce42415c37	Nysteria Solutions	nysteria
oaven,e054627bc6b1f1d8cb812cce42438589	Oaven	oaven
obvious,e054627bc6b1f1d8cb812cce4245e6bb	Obvious	ObviousCorp
odin-software,e054627bc6b1f1d8cb812cce4249fbe0	ODIN Software	odintravel
odnoklassniki,e054627bc6b1f1d8cb812cce424a0aad	Odnoklassniki	odnoklassniki
ofuscados,e054627bc6b1f1d8cb812cce424d82ed	Ofuscados	ofuscados
omnicompete,e054627bc6b1f1d8cb812cce42539501	OmniCompete	omnicompete
one-world-connects,e054627bc6b1f1d8cb812cce4259c6cd	One World Connects	worldconnectme
oneclickfix,e054627bc6b1f1d8cb812cce425a8635	OneClickFix	oneclickfix
onegoodlove-com,e054627bc6b1f1d8cb812cce425b3650	OneGoodLove.com	onegoodlove
oneims,e054627bc6b1f1d8cb812cce425b76c4	OneIMS	OneIms
oneriot,e054627bc6b1f1d8cb812cce425c5096	OneRiot	OneRiot
onesecure-technology,e054627bc6b1f1d8cb812cce425c940b	OneSecure Technology	onesecureit
onfx,e054627bc6b1f1d8cb812cce425dd2cf	ONFX	onfx
online-casino-suite,e054627bc6b1f1d8cb812cce425ec10a	Online Casino Suite	onlinecasinous
online-clock,e054627bc6b1f1d8cb812cce425ed507	Online Clock	OnlineClock
onthegig,e054627bc6b1f1d8cb812cce4263ad94	Onthegig	onthegig
oobgolf,e054627bc6b1f1d8cb812cce4264c90a	oobgolf	oobgolf
open-web-analytics,e054627bc6b1f1d8cb812cce42696e63	Open Web Analytics	openwebanalytic
openbravo,e054627bc6b1f1d8cb812cce426a18ea	Openbravo	openbravo
openmarket,e054627bc6b1f1d8cb812cce426b84dc	OpenMarket	openmarket
openq,e054627bc6b1f1d8cb812cce426bfff8	OpenQ	openqinc
operagram-com,e054627bc6b1f1d8cb812cce426dd740	OperaGram.com	operagram
optimal-fusion,e054627bc6b1f1d8cb812cce427156f1	Optimal Fusion	optimalfusion
orangesoda,e054627bc6b1f1d8cb812cce427594c2	OrangeSoda	OrangeSoda
orbitel,e054627bc6b1f1d8cb812cce4276538b	Orbitel	Orbitel
orca-digital-uk,e054627bc6b1f1d8cb812cce4276b7a6	Orca Digital - UK	orcadigital
orcatec,e054627bc6b1f1d8cb812cce4276f141	OrcaTec	orcatec
originate-labs,e054627bc6b1f1d8cb812cce427aa1e8	Originate Labs	originatelabs
osscube-solutions,e054627bc6b1f1d8cb812cce427da5ba	OSSCube Solutions	osscube
osxdaily,e054627bc6b1f1d8cb812cce427e1091	OSXDaily	osxdaily
ourstage,e054627bc6b1f1d8cb812cce42808831	OurStage	ourstage
outside-in,e054627bc6b1f1d8cb812cce4282c366	Outside.in	outsidein
overnight-pet-tags,e054627bc6b1f1d8cb812cce4284468c	Overnight Pet Tags	OvernightPetTag
ovguide,e054627bc6b1f1d8cb812cce42851186	OVGuide	0VGUIDE
paden-noble-consulting,e054627bc6b1f1d8cb812cce428c2da0	Paden Noble Consulting	padennoble
pagpop,e054627bc6b1f1d8cb812cce428e637c	PagPop	pagpop
panache,e054627bc6b1f1d8cb812cce4291fefe	Panache	PanacheTech
pangea-media,e054627bc6b1f1d8cb812cce42932955	Pangea Media	Snap_app
panjiva,e054627bc6b1f1d8cb812cce42937cca	Panjiva	panjiva
parkatmyhouse-com,e054627bc6b1f1d8cb812cce429a3d6a	ParkatmyHouse	parkatmyhouse
parkwhiz,e054627bc6b1f1d8cb812cce429b2e0e	ParkWhiz	ParkWhiz
partition-recovery-software,e054627bc6b1f1d8cb812cce429c33e5	partition recovery software	ddrglnk
passion-radio-oxford-ltd,e054627bc6b1f1d8cb812cce429dbee4	Passion Radio (Oxford) Ltd	106jackfm
pattern-insight,e054627bc6b1f1d8cb812cce42a16f9d	Pattern Insight	patterninsight
patterson-consulting,e054627bc6b1f1d8cb812cce42a178fd	Patterson Consulting	dannypatterson
paul-a-young-fine-chocolates,e054627bc6b1f1d8cb812cce42a1a661	Paul A Young Fine Chocolates	paul_a_young
paul-internet,e054627bc6b1f1d8cb812cce42a1b534	Paul Internet	ipadress
paul-internet-germany,e054627bc6b1f1d8cb812cce42a1c472	Paul Internet Germany	ipadress
peachypeople-com,e054627bc6b1f1d8cb812cce423f524e	Nvolve Limited	nvolve
peer39,e054627bc6b1f1d8cb812cce42ac8092	Peer39	SemanticizeMe
peerpong,e054627bc6b1f1d8cb812cce42acf427	PeerPong	peerpong
pente-group,e054627bc6b1f1d8cb812cce42b07d98	Pente Group	PenteGroup
perception-group,e054627bc6b1f1d8cb812cce42b40bf6	Perception Group	perceptiongrp
perfect-escapes,e054627bc6b1f1d8cb812cce42b5129f	Perfect Escapes	perfectescapes
perfecto-mobile,e054627bc6b1f1d8cb812cce42b5b332	Perfecto Mobile	PerfectoMobile
perkspot,e054627bc6b1f1d8cb812cce42b7cae1	PerkSpot	perkspot
photoblog,e054627bc6b1f1d8cb812cce42c33a51	Photoblog	photoblogcom
photohand,e054627bc6b1f1d8cb812cce42c3f5c4	PhotoHand	photohand
photojojo,e054627bc6b1f1d8cb812cce42c3fa5f	Photojojo	photojojo
phpcodelance,e054627bc6b1f1d8cb812cce42c5fd7b	phpcodelance	phpcodelance
piabo-public-relations,e054627bc6b1f1d8cb812cce42c75f73	piabo public relations	piabo
picaholic,e054627bc6b1f1d8cb812cce42c7bed4	Picaholic	picaholic
picrap,e054627bc6b1f1d8cb812cce42ca0a8d	Picrap	picraptv
pictiger,e054627bc6b1f1d8cb812cce42caa314	Pictiger and Pixa.us	Pictiger
picture-picasso,e054627bc6b1f1d8cb812cce42cad8bc	Picture Picasso	picturepicasso
pixa,e054627bc6b1f1d8cb812cce42d45119	Pixa	pixa
pizza-seo,e054627bc6b1f1d8cb812cce42d777e5	Pizza SEO	pizzaseo
plandone,e054627bc6b1f1d8cb812cce42d9725e	PlanDone	plandone
planet41-mobi-venture,e054627bc6b1f1d8cb812cce42da1329	Planet41 Mobi-Venture	planet41tweets
planeteye,e054627bc6b1f1d8cb812cce42da4b66	PlanetEye	planeteye
plantsense,e054627bc6b1f1d8cb812cce42dbd5dc	PlantSense	easybloom
plastic-jungle,e054627bc6b1f1d8cb812cce42dc79b9	Plastic Jungle	PlasticJungle
plastyc,e054627bc6b1f1d8cb812cce42dd2170	Plastyc	iBankUP
play-games24x7-pvt-ltd,e054627bc6b1f1d8cb812cce42debd9b	Play Games24x7 Pvt. Ltd.	games24x7
plug-and-play-tech-center,e054627bc6b1f1d8cb812cce42e506db	Plug and Play Tech Center	plugandplaytc
pluggedin-co,e054627bc6b1f1d8cb812cce42e5409d	PluggedIN Co.	pluggedinco
podcast-de,e054627bc6b1f1d8cb812cce42e8e8eb	podcast.de	podcastDe
podclass,e054627bc6b1f1d8cb812cce42e8f227	Podclass	GaryGil
policystat,e054627bc6b1f1d8cb812cce42ecc908	PolicyStat	PolicyStat
portecenter-nl,e054627bc6b1f1d8cb812cce42f3f93c	Portecenter.nl	portecenter
posterita,e054627bc6b1f1d8cb812cce42f71148	Posterita	posterita
power-of-two,e054627bc6b1f1d8cb812cce42f950a8	Power of Two	po2marriage
practicesuite,e054627bc6b1f1d8cb812cce42fc8e3b	Practicesuite	Practicesuite
prcrossing,e054627bc6b1f1d8cb812cce42fd981e	PRCrossing	prcrossing
prismastar,5885c8f942b2d53de0f9ff90e10bc26e	PrismaStar	prismastar
procserve,5885c8f942b2d53de0f9ff90e10fe4d1	ProcServe	procserve
prodege,5885c8f942b2d53de0f9ff90e110263e	Prodege	swagbucks
products-designer,5885c8f942b2d53de0f9ff90e111448b	Products Designer	PdTools
produkte24-com,5885c8f942b2d53de0f9ff90e1115dbe	produkte24.com	produkte24_com
profit-biz,5885c8f942b2d53de0f9ff90e11277b1	profit.biz	profitgs
profithost,5885c8f942b2d53de0f9ff90e112c621	ProfitHost	stockinvest
profundcom,5885c8f942b2d53de0f9ff90e1132c2b	ProFundCom	ProFundCom
programeter,5885c8f942b2d53de0f9ff90e1139fca	Programeter	Programeter
promotionstep,5885c8f942b2d53de0f9ff90e11855a4	PromotionStep	Tugeza
propertyadd,5885c8f942b2d53de0f9ff90e11a45a0	PropertyADD	PropertyADD
propertymaps,5885c8f942b2d53de0f9ff90e11abbb3	PropertyMaps.com	propertymaps
proposalware,5885c8f942b2d53de0f9ff90e11b2fed	Proposalware	proposalware
propr-agency,5885c8f942b2d53de0f9ff90e11b382e	PRoPR Agency	propragency
proximic,5885c8f942b2d53de0f9ff90e1203da0	Proximic	proximic
publiatis,5885c8f942b2d53de0f9ff90e123a7f3	PubliAtis	publiatis
publitas,5885c8f942b2d53de0f9ff90e125547c	Publitas.com	publitas
pubmatic,5885c8f942b2d53de0f9ff90e1258d07	PubMatic	pubmatic
pulse2,5885c8f942b2d53de0f9ff90e126b93e	Pulse2	pulse2dotcom
qliance,5885c8f942b2d53de0f9ff90e13178d9	Qliance Medical Management	qliance
qorus-software,5885c8f942b2d53de0f9ff90e13273c5	Qorus Software	qorusdocs
qsoft-vietnam,5885c8f942b2d53de0f9ff90e1341f6c	QSoft Vietnam	qsoftvietnam
quang-ba-web-vn-seo-inc,5885c8f942b2d53de0f9ff90e136be77	Quang ba web VN-SEO Inc	quangbawebseo
quantcast,5885c8f942b2d53de0f9ff90e1371a1c	Quantcast	quantcast
quebarato,5885c8f942b2d53de0f9ff90e13984e1	QueBarato	QueBarato
questdome,5885c8f942b2d53de0f9ff90e13ac33b	QuestDome	questdome
quosal,5885c8f942b2d53de0f9ff90e140cddd	Quosal 	quosalllc
r1soft,5885c8f942b2d53de0f9ff90e143951d	R1Soft	R1Soft
radian-6,5885c8f942b2d53de0f9ff90e145f266	Radian 6	radian6
radian6,5885c8f942b2d53de0f9ff90e1b64d03	Salesforce Radian6	Radian6
radix-technologies,5885c8f942b2d53de0f9ff90e148016d	Radix Technologies	RadixCloud
radix-technologies-ltd,5885c8f942b2d53de0f9ff90e148091b	Radix Technologies LTD	JuditRadix
rafaelklaus-com,5885c8f942b2d53de0f9ff90e148af75	RafaelKlaus.com	rafaelklaus
rafter,5885c8f942b2d53de0f9ff90e149110f	Rafter	RafterCo
railsfactory,5885c8f942b2d53de0f9ff90e149cbec	Railsfactory	railsfactory
rainmaking,5885c8f942b2d53de0f9ff90e14aa3d3	Rainmaking	Rainmaking_uk
rapid-micro-biosystems,5885c8f942b2d53de0f9ff90e14f6931	Rapid Micro Biosystems	rapidmicrobio
rapidsslonline-com,5885c8f942b2d53de0f9ff90e1505ea8	RapidSSLOnline.com	RapidSSLonline
ratepoint,5885c8f942b2d53de0f9ff90e1530400	RatePoint	RatePoint
ravelong-productions,5885c8f942b2d53de0f9ff90e1541a88	Ravelong Productions	Ravelong
raygain-technologies-pvt-ltd,5885c8f942b2d53de0f9ff90e1550e6c	Raygain Technologies Pvt. Ltd.	raygaintech
razoo,5885c8f942b2d53de0f9ff90e156054e	Razoo	razoo
reach-further,5885c8f942b2d53de0f9ff90e1586e4d	Reach Further	reachfurther
real-time-content,5885c8f942b2d53de0f9ff90e15b8ba2	Real Time Content 	realtimecontent
realmac-software,5885c8f942b2d53de0f9ff90e15d48fb	Realmac Software	realmacsoftware
realself,5885c8f942b2d53de0f9ff90e15dd097	RealSelf	realself
rebel-travel-corporation,5885c8f942b2d53de0f9ff90e15fbf4e	REBEL Travel Corporation	rebeltravelcorp
reborn-entertainment,5885c8f942b2d53de0f9ff90e15feec3	Reborn Entertainment	reborntweet
rebtel,5885c8f942b2d53de0f9ff90e1600ab8	Rebtel	Rebtel
red-butler,5885c8f942b2d53de0f9ff90e1638b9a	Red Butler	redbutler
red-jasper-worldwide,5885c8f942b2d53de0f9ff90e164a6c1	Red Jasper Worldwide	rjwconsulting
red-pacto-global-chile,5885c8f942b2d53de0f9ff90e16554a0	Red Pacto Global Chile	pactoglobal
red-tag-media,5885c8f942b2d53de0f9ff90e165b02c	Red Tag Media	bargainjack
red-tricycle,5885c8f942b2d53de0f9ff90e165fff2	Red Tricycle	redtricycle
redpear,5885c8f942b2d53de0f9ff90e1695806	redPear	redPear
reliance-digital,5885c8f942b2d53de0f9ff90e1720426	Reliance Digital	RelianceDigital
relyable,5885c8f942b2d53de0f9ff90e172c9d5	Relyable	relyable
renowned-media,5885c8f942b2d53de0f9ff90e175dee6	Renowned Media	renownedmedia
rent-it-today,5885c8f942b2d53de0f9ff90e1763973	Rent It Today	Rent_It_Today
rentmatic,5885c8f942b2d53de0f9ff90e178b917	Rentmatic	rentmatic
reprints-desk,5885c8f942b2d53de0f9ff90e17b3d9a	Reprints Desk	reprintsdesk
reputation-com,5885c8f942b2d53de0f9ff90e17be937	Reputation.com	Reputation_Com
repyourcity-com,5885c8f942b2d53de0f9ff90e17c272b	RepYourCity.com	RepYourCity
retrevo,5885c8f942b2d53de0f9ff90e18373c1	Retrevo	retrevo
revivelanoche-sl,5885c8f942b2d53de0f9ff90e186a4d4	Revivelanoche.com	Revivelanoche
revolutionweb-com,5885c8f942b2d53de0f9ff90e187a199	RevolutionWeb.com	RevolutionWebs
revstream,5885c8f942b2d53de0f9ff90e187f63c	Revstream	revstreamONE
revtrax,5885c8f942b2d53de0f9ff90e1881315	Revtrax	RevTrax
richrelevance,5885c8f942b2d53de0f9ff90e18caf05	RichRelevance	richrelevance
rightscale,5885c8f942b2d53de0f9ff90e18f0674	RightScale	rightscale
rightsline,5885c8f942b2d53de0f9ff90e18f4092	RightsLine	rightsline
rikhav-infotech,5885c8f942b2d53de0f9ff90e18fc8b1	Rikhav Infotech	rikhavinfotech
riot,5885c8f942b2d53de0f9ff90e190e607	RIOT	agenciariot
riot-games,5885c8f942b2d53de0f9ff90e190ea3c	Riot Games	RiotPendragon
risc-os-open,5885c8f942b2d53de0f9ff90e191bcd2	RISC OS Open	risc_os
riviera-rental-guide,5885c8f942b2d53de0f9ff90e1947046	Riviera Rental Guide	french_riviera
rmg-networks,5885c8f942b2d53de0f9ff90e1958792	RMG Networks	rmgnetworks
robot-mode-llc,5885c8f942b2d53de0f9ff90e1980530	Robot Mode	robotmode
rockfish-interactive,5885c8f942b2d53de0f9ff90e19b5f42	Rockfish Interactive	Rockfish
rocudo,5885c8f942b2d53de0f9ff90e19c67b5	Rocudo	rocudo
roi-com-au,5885c8f942b2d53de0f9ff90e19d69e9	ROI.com.au	roicomau
routerank,5885c8f942b2d53de0f9ff90e1a3d83f	routeRANK	routerank
rpmware,5885c8f942b2d53de0f9ff90e1a5c614	RPMWare	rpmware
rt-brokerage-services,5885c8f942b2d53de0f9ff90e1a6b940	RT Brokerage Services	rtbrokerage
rudrasoft,5885c8f942b2d53de0f9ff90e1a84f55	RudraSoft	infocaptor
runyourwebsite,5885c8f942b2d53de0f9ff90e1aa5b7f	RunYourWebsite	RunYourWebsite
ryp-marketing,5885c8f942b2d53de0f9ff90e1acadd6	RYP Marketing	RYPMarketing
rytech-audio,5885c8f942b2d53de0f9ff90e1a6d85a	RTA Innovations	rtainnovations
saavn,5885c8f942b2d53de0f9ff90e1af005a	Saavn	Saavn
sacpros,5885c8f942b2d53de0f9ff90e1afd941	sacpros	sacpros
sadecehosting,5885c8f942b2d53de0f9ff90e1b01313	SadeceHosting	sadecehosting
salween-solutions,5885c8f942b2d53de0f9ff90e1b8f286	Salween Solutions	salweensolution
sanho,5885c8f942b2d53de0f9ff90e1bd826b	Sanho	hypermac
saut-en-parachute,5885c8f942b2d53de0f9ff90e1c1ff36	Saut-en-parachute	sautenparachute
saybasic-com-promotional-products,5885c8f942b2d53de0f9ff90e1c5382b	Saybasic.com Promotional Products	saybasic
sbsh-software,5885c8f942b2d53de0f9ff90e1c6192d	SBSH Software	sbshsoft
scale-computing,5885c8f942b2d53de0f9ff90e1c67aeb	Scale Computing	scalecomputing
schedjoules-com,5885c8f942b2d53de0f9ff90e1c95f64	SchedJoules.com	schedjoules
scrapblog,5885c8f942b2d53de0f9ff90e1d0e97a	Scrapblog	scrapblog
screenaid,5885c8f942b2d53de0f9ff90e1d193c9	ScreenAid	ScreenAid
seambi,5885c8f942b2d53de0f9ff90e1d5a61e	SeamBI	SeamBI
search-engine,5885c8f942b2d53de0f9ff90e1d65acb	Search Engine	RankBetter
searchmedia,5885c8f942b2d53de0f9ff90e1d812f2	SearchMedia	tmmd
secuplex,5885c8f942b2d53de0f9ff90e1db217c	Secuplex	secuplex
selective-marketing,5885c8f942b2d53de0f9ff90e1e16f5a	Selective Marketing	selectivemkt
selleo,5885c8f942b2d53de0f9ff90e1e2d43d	Selleo	selleo
sellingcrossing,5885c8f942b2d53de0f9ff90e1e2f5b6	SellingCrossing	SellingCrossing
semprus-biosciences,5885c8f942b2d53de0f9ff90e1e54a1b	Semprus BioSciences	SemprusBio
sensometrix,5885c8f942b2d53de0f9ff90e1e9585c	Sensometrix	sensometrix
sentrigo,5885c8f942b2d53de0f9ff90e1eadfaf	Sentrigo	Sentrigo
seo-peace,5885c8f942b2d53de0f9ff90e1ec60fd	SEO Peace	seopeace
seo-services-spain,5885c8f942b2d53de0f9ff90e1ed1a14	SEO Services Spain	seospain
seoclock-co-uk,5885c8f942b2d53de0f9ff90e1edfd40	SEOClock.co.uk	seosheffield
seoeng,907373444553d8ee3bfe8778cd2374a4	The SEO Engine	SEOEng
seoptimise,5885c8f942b2d53de0f9ff90e1eeb6e2	SEOptimise	seoptimise
serious-games-interactive,5885c8f942b2d53de0f9ff90e1f1531d	Serious Games Interactive	SeriousGamesInt
servicefinder-se,5885c8f942b2d53de0f9ff90e1f2f534	ServiceFinder	ServiceFinder
servicesidekick,5885c8f942b2d53de0f9ff90e1f392bd	ServiceSidekick	servicesidekick
sevenload,5885c8f942b2d53de0f9ff90e1f6020d	sevenload	sevenload
sg-analytics,5885c8f942b2d53de0f9ff90e1f750de	SG Analytics	SGAnalytics
sgb-media-group-llc,5885c8f942b2d53de0f9ff90e1f7869b	SGB Media Group	sgbmedia
shape-up-the-nation,5885c8f942b2d53de0f9ff90e1fa3633	ShapeUp	shapeupdotcom
sharendipity,5885c8f942b2d53de0f9ff90e1fb8d23	Sharendipity	sharendipity
sharp-technology,5885c8f942b2d53de0f9ff90e1fd340e	Sharp Technology	sharptechnology
sherpa-web-studios,08ea75d0b39da8eeca1e9129c7004ee0	Sherpa! Web Studios	sherpastatus
shespeaks,08ea75d0b39da8eeca1e9129c7007d04	SheSpeaks	shespeaksinc
shipwire,08ea75d0b39da8eeca1e9129c702a550	Shipwire	shipwire
shock-concepts,08ea75d0b39da8eeca1e9129c703bef3	Shock Concepts	shockconcepts
shopping-time,08ea75d0b39da8eeca1e9129c7080d86	Shopping-Time	horaires
shoptext,08ea75d0b39da8eeca1e9129c709048f	ShopText	textisnext
shredder-warehouse-2,08ea75d0b39da8eeca1e9129c70c782a	Shredder Warehouse	shredders
sightbox-studios,08ea75d0b39da8eeca1e9129c710dee9	Sightbox Studios	sightboxstudios
sim-partners,08ea75d0b39da8eeca1e9129c7180ca4	SIM Partners	simpartners
sim-venture,08ea75d0b39da8eeca1e9129c71de4db	SimVenture	simventureusa
simfy,08ea75d0b39da8eeca1e9129c718b6f3	simfy	simfy
simopsstudios,08ea75d0b39da8eeca1e9129c717ff59	Sim Ops Studios	wildpockets
simplefilings-com,08ea75d0b39da8eeca1e9129c71af568	SimpleFilings.com	SimpleFilings
simplified-safety,08ea75d0b39da8eeca1e9129c71c4927	Simplified Safety	safetyexperts
singlebrook-technology,08ea75d0b39da8eeca1e9129c71ee1e1	Singlebrook_Technology	Singlebrook
sitar-group,08ea75d0b39da8eeca1e9129c721bcc1	Sitar Group	sitargroup
site-da-baixada,08ea75d0b39da8eeca1e9129c72205f0	Site da Baixada	sitedabaixada
site24x7,08ea75d0b39da8eeca1e9129c7224fd1	Site24x7	site24x7
skedx,08ea75d0b39da8eeca1e9129c726ed73	SkedX	SkedX
sketchcan-ltd,08ea75d0b39da8eeca1e9129c7276644	Sketchcan Ltd.	sketchcan
sketchin,08ea75d0b39da8eeca1e9129c7276685	Sketchin	sketchin
skookum,08ea75d0b39da8eeca1e9129c72a0b62	Skookum Digital Works	Skookum
skreened,08ea75d0b39da8eeca1e9129c72a551e	Skreened	skreened
skytap,08ea75d0b39da8eeca1e9129c72e10b2	Skytap	skytap
slatecast,08ea75d0b39da8eeca1e9129c72f540b	SlateCast	slatecaster
sleeq,08ea75d0b39da8eeca1e9129c72fbb08	sleeq	sleeq
slurp-co-uk,08ea75d0b39da8eeca1e9129c73260f3	Slurp.co.uk	SlurpWine
small-box-web-design,08ea75d0b39da8eeca1e9129c733179a	Small Box Web Design	smallbox
small-screen-network,08ea75d0b39da8eeca1e9129c73376d2	Small Screen Network	smallscreen
smallmart,08ea75d0b39da8eeca1e9129c733dfb0	Smallmart	smallmart_nl
smx,08ea75d0b39da8eeca1e9129c73e6114	SMX	smxemail
snapcomms-2,08ea75d0b39da8eeca1e9129c73fcd79	SnapComms	Snapcomms
snaplogic,08ea75d0b39da8eeca1e9129c740deb9	SnapLogic	snaplogic
snooth,08ea75d0b39da8eeca1e9129c744273a	Snooth Media	snooth
soa-training-solutions,08ea75d0b39da8eeca1e9129c745eee1	SOA Training Solutions	soatrainer
social-networking-watch,08ea75d0b39da8eeca1e9129c7498260	Social Networking Watch	social_news
socialpicks,08ea75d0b39da8eeca1e9129c74ea0d5	SocialPicks	SocialPicks
soft-prodigy,08ea75d0b39da8eeca1e9129c752a99f	SOFT PRODIGY	softprodigy
soft-prodigy-system-solution-p-ltd,08ea75d0b39da8eeca1e9129c752aa48	Soft Prodigy System Solution (P) Ltd	softprodigy
softheme,08ea75d0b39da8eeca1e9129c753c50f	Softheme	softheme
softprodigy,08ea75d0b39da8eeca1e9129c7547516	Softprodigy	iPhoneAppsDevp
software-technology-and-resources,08ea75d0b39da8eeca1e9129c75628a1	Software Technology and Resources	STAR_QA
solaiemes,08ea75d0b39da8eeca1e9129c757b12e	Solaiemes	solaiemes
solaredge,08ea75d0b39da8eeca1e9129c75904be	SolarEdge	SolarEdgePV
solidiance,08ea75d0b39da8eeca1e9129c75af3e2	Solidiance	Solidiance
solidwild,08ea75d0b39da8eeca1e9129c75b252f	SolidWild	SolidWild
solodev,08ea75d0b39da8eeca1e9129c75b8c71	Solodev	Solodev
soluworks,08ea75d0b39da8eeca1e9129c75d6be8	SoluWorks	soluworks
sonicliving,08ea75d0b39da8eeca1e9129c761010a	SonicLiving	sonicliving
sourcebits-technologies,08ea75d0b39da8eeca1e9129c7676676	Sourcebits	sourcebits
sourcekibitzer,08ea75d0b39da8eeca1e9129c76728bd	Source Kibitzer	Programeter
sparksupport,08ea75d0b39da8eeca1e9129c76dab0f	Sparksupport	sparksupport
spectrumdna,08ea75d0b39da8eeca1e9129c772031f	SpectrumDNA	SpectrumDNA
spinlet,08ea75d0b39da8eeca1e9129c7770466	Spinlet	spinlet
spitogatos-gr,08ea75d0b39da8eeca1e9129c7791e78	Spitogatos.gr	spitogatos
spitting-bullets,08ea75d0b39da8eeca1e9129c7792ba9	Spitting Bullets	gobshot
splitted-desktop-systems,08ea75d0b39da8eeca1e9129c77adf6c	Splitted-Desktop Systems	splitteddesktop
spokeo,08ea75d0b39da8eeca1e9129c77bac58	Spokeo	spokeo
sponsormob,08ea75d0b39da8eeca1e9129c77c3cb0	Sponsormob	sponsormob
sports-aptitude,08ea75d0b39da8eeca1e9129c77e128b	Sports Aptitude	sportsaptitude
spotify,08ea75d0b39da8eeca1e9129c78068cb	Spotify	spotify
spotzer,08ea75d0b39da8eeca1e9129c7810770	Spotzer Media Group	spotzermedia
spyvee,08ea75d0b39da8eeca1e9129c7853779	Spyvee	spyveellc
srihitha-technologies,08ea75d0b39da8eeca1e9129c787f237	Srihitha Technologies	srihitha1111
stage-two-consulting,08ea75d0b39da8eeca1e9129c78a922a	Stage Two Consulting	s2
stanacard,08ea75d0b39da8eeca1e9129c78b937a	StanaCard	stanacard
star-software-technology-and-resources,08ea75d0b39da8eeca1e9129c77353e1	Speja	spejatweet
starmount,08ea75d0b39da8eeca1e9129c78e4a37	Starmount	StarmountRetail
start-to-finish-production,08ea75d0b39da8eeca1e9129c78ee843	Start to Finish Production	stf_production
startupers,08ea75d0b39da8eeca1e9129c7911ce6	StartUpers	startupers
status-bureau,08ea75d0b39da8eeca1e9129c793bfa8	Status Bureau	thestatusbureau
stayclassy-org,08ea75d0b39da8eeca1e9129c7945018	StayClassy	stayclassySD
stellar-media-works,08ea75d0b39da8eeca1e9129c796808f	Stellar Media Works	stellarbeats
stereoscopynews,08ea75d0b39da8eeca1e9129c7982bb0	StereoscopyNews	benoitmichel100
sticviews,08ea75d0b39da8eeca1e9129c799a731	Sticviews	sticviews
strativia-software,08ea75d0b39da8eeca1e9129c7a28a96	Strativia Software	strativia
studyblue,08ea75d0b39da8eeca1e9129c7aa158d	StudyBlue	studyblue
suade,08ea75d0b39da8eeca1e9129c7acedc4	Suade	suadellc
substantial,08ea75d0b39da8eeca1e9129c7ae1e7e	Substantial	substantial
subverge,08ea75d0b39da8eeca1e9129c7ae98c4	SubVerge	subverge
sulit-com-ph,08ea75d0b39da8eeca1e9129c7b1187a	Sulit.com.ph	sulit
suncom-infotech,08ea75d0b39da8eeca1e9129c7b32cad	SUNCOM INFOTECH	SUNCOMINFOTECH
sunlight-foundation,08ea75d0b39da8eeca1e9129c7b45641	Sunlight Foundation	sunfoundation
surf-canyon,08ea75d0b39da8eeca1e9129c7bb1813	Surf Canyon	surfcanyon
surveygizmo,08ea75d0b39da8eeca1e9129c7bd03dc	SurveyGizmo	surveygizmo
sutisoft,'08ea75d0b39da8eeca1e9129c7be602a	SutiSoft, Inc	sutisoft'
sweeps,08ea75d0b39da8eeca1e9129c7c16b8c	Sweeps 	sweepsjobs
switch-marketing-and-communications-ltd,08ea75d0b39da8eeca1e9129c7c4769c	Switch Marketing and Communications Limited (Switch Video).	andrewangus
syllabs,08ea75d0b39da8eeca1e9129c7c782c0	Syllabs	syllabs
symora-networks,08ea75d0b39da8eeca1e9129c7c8a558	Symora Networks	symora
synthesio,08ea75d0b39da8eeca1e9129c7cdd944	Synthesio	Synthesio
synthetic,08ea75d0b39da8eeca1e9129c7cde396	Synthetic	heysynthetic
sysoon,08ea75d0b39da8eeca1e9129c7cf8fbd	Sysoon	sysoon
sysoon-com-2,08ea75d0b39da8eeca1e9129c7cf9f16	Sysoon.com	sysoon
systemwebservice,08ea75d0b39da8eeca1e9129c7d0a914	Systemwebservice	d4workz
ta-with-you,08ea75d0b39da8eeca1e9129c7e4c14c	tauyou <language technology>	diegobartolome
takecommand-org,08ea75d0b39da8eeca1e9129c7d822a5	TakeCommand.org	takecommand
takelessons-com,08ea75d0b39da8eeca1e9129c7d85130	TakeLessons	TakeLessons
talentsoup,08ea75d0b39da8eeca1e9129c7da1815	TalentSoup	talentsoup
talktocanada-com,08ea75d0b39da8eeca1e9129c7dbee64	TalktoCanada.com	talktocanada
targetprocess,08ea75d0b39da8eeca1e9129c7e1bc8c	TargetProcess	targetprocess
tarsnap,08ea75d0b39da8eeca1e9129c7e27f08	Tarsnap	cperciva
tastyplacement,08ea75d0b39da8eeca1e9129c7e3d9c8	TastyPlacement	tastyplacement
tc-ventures-manila,08ea75d0b39da8eeca1e9129c7e6e562	TC Ventures Manila	TCManila
teachfor-us,08ea75d0b39da8eeca1e9129c7e7c954	Teach For Us	teachforus
teamonthree,08ea75d0b39da8eeca1e9129c7e9cff6	TeamOnThree	TeamOnThreeBuzz
tech-active,08ea75d0b39da8eeca1e9129c7ead14c	Tech Active	tech_active
tech-cocktail,08ea75d0b39da8eeca1e9129c7eae02a	TECH cocktail	techcocktail
techstars,08ea75d0b39da8eeca1e9129c7f2a3c4	TechStars	techstars
teczo-com,08ea75d0b39da8eeca1e9129c7f4548b	Teczo.com	Teczo
tekegysms,08ea75d0b39da8eeca1e9129c7f66e20	Tekegysms	tekegy
teknobuilding,08ea75d0b39da8eeca1e9129c7f6fc82	Teknobuilding	teknobuilding
tekvista,08ea75d0b39da8eeca1e9129c7f7715f	Tekvista	tekvista
telovations,08ea75d0b39da8eeca1e9129c7fdb752	Telovations	telovations
temperies-information-technology,08ea75d0b39da8eeca1e9129c7fea0d5	Temperies IT	temperies
templeman-automation,08ea75d0b39da8eeca1e9129c7fef64e	Templeman Automation	playsurface
tesa-telecom-south-america,907373444553d8ee3bfe8778cd04fe5d	Tesa Telecom South America	tesatelecom
textnomics,907373444553d8ee3bfe8778cd09a211	Textnomics	ResumeTuner
the-cmo-club,907373444553d8ee3bfe8778cd10bd09	The CMO Club	thecmoclub
the-cogworks,907373444553d8ee3bfe8778cd11010d	The CogWorks	cogworks
the-expedited-group,4b9962595d7ff850d591b39c00a38c34	Expedited Group	AirFreight
the-legal-assistant,907373444553d8ee3bfe8778cd1acb1c	The Legal Assistant	lawyersoftware
the-music-producer,907373444553d8ee3bfe8778cd1d572e	The Music Producer	TheMusicProduce
the-pixel-awards,907373444553d8ee3bfe8778cd209227	The Pixel Awards	pixelawards
the-poker-atlas,907373444553d8ee3bfe8778cd20f7ad	The Poker Atlas	poker
the-rich-times,907373444553d8ee3bfe8778cd224d36	The Rich Times	therichtimes
the-senior-list,907373444553d8ee3bfe8778cd23654f	The Senior List	seniorlist
the-uprising-creative,907373444553d8ee3bfe8778cd2732b3	The Uprising Creative	uprising_create
the1stmovement,907373444553d8ee3bfe8778cd2985df	The1stMovement	the1stmovement
thecampuscenter,907373444553d8ee3bfe8778cd2ac4f5	theCampusCenter	patcc28
themakeupgirl,907373444553d8ee3bfe8778cd2ccc2b	TheMakeupGirl	themakeupgirl
theramatch,907373444553d8ee3bfe8778cd2ec665	Theramatch	Theramatch
theringbearer-ca,907373444553d8ee3bfe8778cd2fadce	TheRingBearer.ca	theringbearer
thfdigital,907373444553d8ee3bfe8778cd31f33a	ThfDigital	thfdigitalweb
third-estate,907373444553d8ee3bfe8778cd35822c	Third Estate	thirdestate
thirteen23,907373444553d8ee3bfe8778cd361eb7	thirteen23	thirteen23
thomas-reif-internethandel,907373444553d8ee3bfe8778cd36f243	Thomas Reif Internethandel	Reizkraft
thoughtgraph,907373444553d8ee3bfe8778cd38341a	Thoughtgraph	Debategraph
three-pillar-global,907373444553d8ee3bfe8778cd3930ac	Three Pillar Global	threepillar
ticket-text,907373444553d8ee3bfe8778cd3d746c	Ticket ABC	ticketabc
ticketscript,907373444553d8ee3bfe8778cd3e834b	ticketscript	ticketscript_en
tiempo-development,907373444553d8ee3bfe8778cd3fcaf0	Tiempo Development	tiempodev
tiger-chef,907373444553d8ee3bfe8778cd406737	Tiger Chef	TigerChef
toktumi,597e595b22c7371d2769eb1fa0f0a6e8	Line2	toktumi
tomato-lightning,907373444553d8ee3bfe8778cd4dacb8	Tomato Lightning	get_a_game
tomttb,907373444553d8ee3bfe8778cd4e66a3	Tomttb	tomttb
top10-com-media,907373444553d8ee3bfe8778cdbf537b	uSwitch Communications Ltd	uswitchtech
tossable-digits,907373444553d8ee3bfe8778cd55964b	Tossable Digits	TossableDigits
touristr,907373444553d8ee3bfe8778cd599213	TouristR	touristr
tpad-com,907373444553d8ee3bfe8778cd5bba8a	Tpad	Tpad
traackr-2,907373444553d8ee3bfe8778cd5c4b50	Traackr	traackr
track-and-locate,907373444553d8ee3bfe8778cd5cb004	Track and Locate	trackandlocate
tradepoint360,907373444553d8ee3bfe8778cd5ffd98	Tradepoint360	bdhaverty
traders-laboratory,907373444553d8ee3bfe8778cd6037ee	Traders Laboratory	soultrader
traetelo-com,907373444553d8ee3bfe8778cd617ce3	Traetelo.com	Traetelo
traffic-digital,907373444553d8ee3bfe8778cd61b5f1	Traffic Digital	trafficdigital
traffiq,907373444553d8ee3bfe8778cd62c5c5	TRAFFIQ	TRAFFIQ
training-intelligence,907373444553d8ee3bfe8778cd6374c8	Training Intelligence	trainingintel
transaction-wireless,907373444553d8ee3bfe8778cd643b37	Transaction Wireless	TransactionW
transition-it,907373444553d8ee3bfe8778cd667735	Transition IT	Cmackin1
trashpixels-llc,907373444553d8ee3bfe8778cd68f5c8	TrashPixels 	trashpixels
travelindex,907373444553d8ee3bfe8778cd6a71a3	Travelindex	travel_tourism
travelindia365,907373444553d8ee3bfe8778cd6a73bd	Travelindia365	travelindia365
trend-hunter,907373444553d8ee3bfe8778cd6e9ca9	Trend Hunter	trendhunter
trendland,907373444553d8ee3bfe8778cd6f1a95	Trendland	trendland
trex-global,907373444553d8ee3bfe8778cd7048ba	TReX Global	TReXGlobal
trgiman,907373444553d8ee3bfe8778cd70779b	Trgiman	trgiman
trialpay,907373444553d8ee3bfe8778cd712aa5	TrialPay	trialpay
triangle-direct-llc,'907373444553d8ee3bfe8778cd71735c	Triangle Direct, LLC	triangledirect'
triangle-direct-media,907373444553d8ee3bfe8778cd716936	Triangle Direct Media	triangledirect
triggit,907373444553d8ee3bfe8778cd73b487	Triggit	Triggit
tritone,907373444553d8ee3bfe8778cd798f83	Tritone	tritone
trovit,907373444553d8ee3bfe8778cd7bcede	Trovit	trovit
true-fit,907373444553d8ee3bfe8778cd7c751c	True Fit	truefit
truemetrics,907373444553d8ee3bfe8778cd7d8a79	Truemetrics	truemetrics
truepath-technologies,907373444553d8ee3bfe8778cd7d9a28	TruePath Technologies	truepathtech
truphone,907373444553d8ee3bfe8778cd7f1c27	Truphone	truphone
trustedopinion,907373444553d8ee3bfe8778cd7fb985	Trusted Opinion	TrustedOpinion
tsg-global,907373444553d8ee3bfe8778cd81bcd6	TSG Global	tsgglobal_inc
tubaloo,907373444553d8ee3bfe8778cd82fbe7	Tubaloo	tubaloo
tubemogul,907373444553d8ee3bfe8778cd833753	TubeMogul	tubemogul
tuenti-technologies,907373444553d8ee3bfe8778cd83a248	Tuenti Technologies	tuenti
tug,907373444553d8ee3bfe8778cd83b4a7	Tug	tugsearch
tungle,907373444553d8ee3bfe8778cd85bcbe	Tungle.me	TungleRocks
turnkeye,907373444553d8ee3bfe8778cd873748	TurnkeyE	turnkeye
twenga,907373444553d8ee3bfe8778cd8f5fa0	Twenga	twenga_fr
twitter,907373444553d8ee3bfe8778cd939f49	Twitter	twitter
twmg-the-weal-media-group,907373444553d8ee3bfe8778cd94e612	TWMG -The Weal Media Group	Weal_Media
typemock,907373444553d8ee3bfe8778cd98cb68	Typemock	typemock
uber-3d,907373444553d8ee3bfe8778cd9b1104	Uber 3D	uber3d
ucubd,907373444553d8ee3bfe8778cd9de34b	uCubd	ucubd
ugal,907373444553d8ee3bfe8778cd9ef059	UGAL	ugal
ugallery-com,907373444553d8ee3bfe8778cd9ef71f	Ugallery	ugallery
ukpaydayloans,907373444553d8ee3bfe8778cda0eed6	UKPaydayLoans	ukpayday_loans
ulike,907373444553d8ee3bfe8778cda122cc	ulike	ulike
undercoders,907373444553d8ee3bfe8778cda55808	Undercoders	Undercoders
unitedlex,907373444553d8ee3bfe8778cdac0cfa	UnitedLex	UnitedLex
unruly-media,907373444553d8ee3bfe8778cdb118c5	Unruly 	unrulymedia
urbanspoon,907373444553d8ee3bfe8778cdb8d63e	Urbanspoon	urbanspoon
usb-promos,907373444553d8ee3bfe8778cdbc2544	USB Promos	usbpromos
use-all-five,907373444553d8ee3bfe8778cdbc7731	Use All Five	useallfive
ustream,907373444553d8ee3bfe8778cdbeef8f	Ustream	USTREAM
utherverse-digial,907373444553d8ee3bfe8778cdbfc1c3	Utherverse Digital	Utherverse
v4x-interactive-factory,907373444553d8ee3bfe8778cdc2e625	V4x Interactive Factory	V4x
value-leaf-services,907373444553d8ee3bfe8778cdc6ec7b	Valueleaf Services India	valueleaf
vandm-vintage-modern,907373444553d8ee3bfe8778cdc81b36	VandM (Vintage + Modern)	vandm
vayavya-labs,907373444553d8ee3bfe8778cdcc0593	VAYAVYA LABS	vayavya
vebnest,907373444553d8ee3bfe8778cdcdee8c	vebnest	vebnest
veeple,907373444553d8ee3bfe8778cdcf4324	Veeple	veeple
vellumweb,907373444553d8ee3bfe8778cdd0a3a5	VellumWeb	paul_shumskiy
venpop,907373444553d8ee3bfe8778cdd4005f	Venpop	VenpopHQ
veracode,907373444553d8ee3bfe8778cdd6fa44	Veracode	veracode
via6,907373444553d8ee3bfe8778cde13fab	Via6	via6
viaddress,907373444553d8ee3bfe8778cde1b4f7	Viaddress	Viaddress
vidamo,907373444553d8ee3bfe8778cde4a96c	Vidamo	VidamoGroup
viddler,907373444553d8ee3bfe8778cde4f66b	Viddler	viddler
videosurf,907373444553d8ee3bfe8778cde72c0f	VideoSurf	VideoSurf
viewr,907373444553d8ee3bfe8778cde96a6e	viewr	viewr
virtual-bridges,907373444553d8ee3bfe8778cdf0b513	Virtual Bridges	vbridges
virtual-office-dublin,907373444553d8ee3bfe8778cdf1a8dd	Virtual Office Dublin	dublinmaildrop
vital-concept-ltd,907373444553d8ee3bfe8778cdf969dc	Vital Concept Ltd	vitalconcept
vitis-pr,907373444553d8ee3bfe8778cdfa8d37	Vitis PR	VitisPR
vitrue,907373444553d8ee3bfe8778cdfae09d	Vitrue	vitrue
vivix-credit-solutions,907373444553d8ee3bfe8778cdfc6108	Vivix Credit Solutions	vivixcredit
vkontakte-ru,907373444553d8ee3bfe8778cdfe23f6	Vkontakte.ru	vkontakte
vlingo,907373444553d8ee3bfe8778cdfe5843	Vlingo	vlingo
vodpod,'5885c8f942b2d53de0f9ff90e173e228	Remixation, Inc.	showyouapp'
volga-ig,40effe5288e80a75577c6fc05803628f	Volga IG	intervolga
volunteering-travel-solutions-private-limited,40effe5288e80a75577c6fc058044977	Volunteering Travel Solutions Private Limited	volsol
voocs,40effe5288e80a75577c6fc05804c2d0	Voocs	voocs
votigo,40effe5288e80a75577c6fc0580685eb	Votigo	votigo
voxopolis,40effe5288e80a75577c6fc05807bacd	VOXopolis	VOXopolis
vps-private-server,40effe5288e80a75577c6fc0580903b0	VPS Private Server	gohost19
vr-media-pte-ltd,40effe5288e80a75577c6fc058093095	VR Media Pte. Ltd.	vrzone
vringo,40effe5288e80a75577c6fc058096e39	Vringo	vringo
walkingspree,40effe5288e80a75577c6fc058102870	Walkingspree	Walkingspree
wanda-digital,40effe5288e80a75577c6fc058124f48	Wanda Digital	wandadigital
wantsa,40effe5288e80a75577c6fc05813660e	Wantsa	wantsa
watmedia,40effe5288e80a75577c6fc05816d38c	WATMedia	watblog
wattpad,40effe5288e80a75577c6fc058171942	Wattpad	wattpad
wavecon,40effe5288e80a75577c6fc05817b327	Wavecon	wavecon
way2sms-com,40effe5288e80a75577c6fc05818ec80	Way2SMS.com	way2sms
weather-trends-international,40effe5288e80a75577c6fc0581c20ff	Weather Trends International	wt360
web2carz,40effe5288e80a75577c6fc0582057aa	Web2Carz	web2carz
webbmedia-group,40effe5288e80a75577c6fc058217493	Webbmedia Group	webbmedia
webbroi,40effe5288e80a75577c6fc058218201	webbROI	webbroi
webjam,40effe5288e80a75577c6fc05825c12e	Webjam	webjamdotcom
webpagefx,40effe5288e80a75577c6fc058283632	WebpageFX	webpagefx
webperfex,40effe5288e80a75577c6fc058284674	WebPerfex	webperfex
webpt,40effe5288e80a75577c6fc05828a8f1	WebPT	webpt
websalad,40effe5288e80a75577c6fc058295eb4	Websalad	websalad
website-technology-services,40effe5288e80a75577c6fc05829fccc	Website Technology Services	WebTechATL
websitebusiness-com,40effe5288e80a75577c6fc0582a2070	WebsiteBusiness.com	WSBCom
webstarts-shopping-cart,40effe5288e80a75577c6fc0582ae1f4	WebStarts Shopping Cart	webstarts
webstigma,40effe5288e80a75577c6fc0582b0063	webstigma	webstigma
weddingwire-inc,40effe5288e80a75577c6fc0582da743	WeddingWire Inc	weddingwire
wejoinin,40effe5288e80a75577c6fc05830d027	Wejoinin	wejoinin
wellcomemat,40effe5288e80a75577c6fc058319d81	WellcomeMat	wellcomemat
weogeo,40effe5288e80a75577c6fc0583346ae	WeoGeo	weogeo
whatclinic-com,40effe5288e80a75577c6fc05837c958	WhatClinic.com	whatclinic
where-youre-from,'40effe5288e80a75577c6fc05839ba73	Where you''re from	jocymru'
whisher,40effe5288e80a75577c6fc0583b2ef0	Whisher	whisher
who-sells-it-com,40effe5288e80a75577c6fc0583d73a1	Who-Sells-it.com	WhoSellsIt
whosoff,40effe5288e80a75577c6fc0583ec918	WhosOff	WhosOff
wildearth-media,40effe5288e80a75577c6fc05844b115	WildEarth Media	wildearth
wilshire-shaw-inc,40effe5288e80a75577c6fc05846377d	Wilshire Shaw Inc.	wilshireshaw
wishli-st,40effe5288e80a75577c6fc0584ef22d	wishli.st	wishli_st
wishpot,40effe5288e80a75577c6fc0584f1e2a	Wishpot	wishpot
wistia,40effe5288e80a75577c6fc0584f6a9d	Wistia	Wistia
wit-innovation-technologies,40effe5288e80a75577c6fc0584f977d	Wit Innovation Technologies	wit_innovation
wix,40effe5288e80a75577c6fc058507c07	Wix.com	Wix
woman-in-leadership,40effe5288e80a75577c6fc05852ebd3	Woman in Leadership	staciewalker
women-2-0,40effe5288e80a75577c6fc05853047f	Women 2.0	women2
wordans,40effe5288e80a75577c6fc0585601bd	Wordans	wordansfashion
worketc-small-business-crm,40effe5288e80a75577c6fc05857f147	WORKetc	worketc
workingprogram,40effe5288e80a75577c6fc05858cba7	workingProgram	workingprogram
worldticketshop-b-v,40effe5288e80a75577c6fc0585cac6c	Worldticketshop	worldticketshop
wot-services,40effe5288e80a75577c6fc0585dd8ef	WOT Services Oy	Web_of_Trust
wowio,40effe5288e80a75577c6fc0585e4dfa	WOWIO	WOWIO
wrike,40effe5288e80a75577c6fc0585fb08f	Wrike	wrike
x13,40effe5288e80a75577c6fc0586b245c	X13	X13
xaluan,40effe5288e80a75577c6fc0586bd47c	xaluan	xaluan
xbosoft,40effe5288e80a75577c6fc0586d0cb9	XBOSoft	xbosoft
xenoone-co-ltd,40effe5288e80a75577c6fc0586f2aa2	XenoOne	xenoone
xero,40effe5288e80a75577c6fc0586f6b93	Xero	Xero
xmarks,40effe5288e80a75577c6fc05872fa93	Xmarks	xmarks
xobni,40effe5288e80a75577c6fc0587372ff	Xobni	xobni
xomba,40effe5288e80a75577c6fc05873e7a0	Xomba	Xomba
xtend,40effe5288e80a75577c6fc058766881	XTEND	FollowXTEND
xumii,40effe5288e80a75577c6fc05877aa6a	Xumii	xumii
yalwa,40effe5288e80a75577c6fc0587aeb83	Yalwa	yalwa
yap,40effe5288e80a75577c6fc0587bb4bf	Yap	yapme
yedda,40effe5288e80a75577c6fc0587e631c	Yedda	aolanswers
yellow-hat-media,40effe5288e80a75577c6fc0587ee594	Yellow Hat Media	_yellowhat
yext,40effe5288e80a75577c6fc05880f63b	Yext	yext
ygoy-inc,40effe5288e80a75577c6fc0588138db	YGoY Inc	ygoy
yoono,40effe5288e80a75577c6fc05884a8c0	Yoono	yoono
youcalc,40effe5288e80a75577c6fc05886a2c9	youcalc	youcalc
yours2share,40effe5288e80a75577c6fc0588b5487	yours2share	yours2share
yovia,40effe5288e80a75577c6fc0588d60ca	Yovia	yovia
zafustore-com,40effe5288e80a75577c6fc05891cc27	ZafuStore.com	zafustore
zamzar,40effe5288e80a75577c6fc05892a8a3	Zamzar	zamzar
zane-benefits-inc,40effe5288e80a75577c6fc05892caf0	Zane Benefits Inc	zanebenefits
zanran,40effe5288e80a75577c6fc0589327b5	Zanran	ZanranSearch
zavers,40effe5288e80a75577c6fc05895a49d	Zavers	ZaversCoupons
zayo-group,40effe5288e80a75577c6fc05895c736	Zayo Group	zayogroup
zecco,40effe5288e80a75577c6fc05897437c	Zecco	zecco
zhc,40effe5288e80a75577c6fc0589e2bb7	ZHC	zerohourandco
zhuhai-tianke-energy-saving-equipment-manufacture,40effe5288e80a75577c6fc0589e6f0c	Zhuhai Tianke Energy Saving Equipment Manufacture	tespiliakis
zima-studios,40effe5288e80a75577c6fc058a0bfd6	Zima Studios	zimastudios
zimbio,40effe5288e80a75577c6fc058a0e3c7	Zimbio	zimbio
zimplu-crm,40effe5288e80a75577c6fc058a147f7	Zimplu CRM	Zimplu
zipeg,40effe5288e80a75577c6fc058a2eea6	Zipeg	zipeg
ziplocal,40effe5288e80a75577c6fc058a35e72	Ziplocal	wwwZIPLOCALca
zipscene,40effe5288e80a75577c6fc058a3f82d	Zipscene	zipscene
zmags,40effe5288e80a75577c6fc058a53cbf	Zmags	zmags
zonerider-networks,40effe5288e80a75577c6fc058a7c32d	Zonerider Networks	zonerider
zoomrank,40effe5288e80a75577c6fc058a9bbae	ZoomRank	zoomrank
zulutrade,40effe5288e80a75577c6fc058ac6306	ZuluTrade	zulutrade_com
zuneboards,40effe5288e80a75577c6fc058acf985	ZuneBoards	zuneboards
