a-fast-local-refrigerator-repair,5fae06029bbe793553b81c6aca00ee68	A Fast Local Refrigerator Repair	FixMyFridge
a-small-orange,5fae06029bbe793553b81c6aca01367a	A Small Orange	asmallorange
a3logics-india-limited,5fae06029bbe793553b81c6aca030d9c	A3Logics India Limited	a3plogicsindia
abovenet,5fae06029bbe793553b81c6aca08d281	AboveNet	above_net
accurate-always-inc,'5fae06029bbe793553b81c6aca11a595	Accurate Always, Inc	voxida'
acid-labs,5fae06029bbe793553b81c6aca13ee6c	Acid Labs	AcidLabsLLC
acquisio,5fae06029bbe793553b81c6aca156431	Acquisio	acquisio
activeark,5fae06029bbe793553b81c6aca194571	Activeark	activeark
activecampaign,5fae06029bbe793553b81c6aca19564f	ActiveCampaign	activecampaign
added-bytes,5fae06029bbe793553b81c6aca2122bf	Added Bytes	AddedBytes
adido,5fae06029bbe793553b81c6aca262fe7	Adido	adido
adjust,5fae06029bbe793553b81c6aca2738ce	Adjust	adjust_agency
advantage-solutions,5fae06029bbe793553b81c6aca3191ab	Advantage Solutions	asap_is
advanti,5fae06029bbe793553b81c6aca31bcc7	Advanti	advantitweets
affinitive,5fae06029bbe793553b81c6aca39120d	Affinitive	Affinitive
aholics-com,5fae06029bbe793553b81c6aca437480	Aholics.com	Aholics
airsoft-e-zone-toy-guns-ammo-gear-inc,'5fae06029bbe793553b81c6aca47e2e4	Airsoft-E-Zone Toy Guns Ammo Gear, Inc.	AirsoftStore'
akamedia,5fae06029bbe793553b81c6aca4a53f3	Akamedia	akamedia
alacriti,5fae06029bbe793553b81c6aca4ccea3	Alacriti	Alacriti
all-india-guide,5fae06029bbe793553b81c6aca541673	All India Guide	allindiaguide
allen-partners,5fae06029bbe793553b81c6aca5661c4	Allen Partners	AllenPartners
alliance-interactive,5fae06029bbe793553b81c6aca575308	Alliance Interactive	brand_marketing
alsyon-technologies,5fae06029bbe793553b81c6aca5e0602	Alsyon Technologies	alsyon
altos-marketing,5fae06029bbe793553b81c6aca6130cd	Altos Marketing	AltosMarketing
ameredia,5fae06029bbe793553b81c6aca677490	Ameredia	ameredia
amplify-interactive,5fae06029bbe793553b81c6aca6da4a2	Amplify Interactive	AmplifySEM
analog-rails,5fae06029bbe793553b81c6aca7029d0	Analog Rails	analograils
aqsound,5fae06029bbe793553b81c6aca910c50	aqsound	aqsound
aranca,5fae06029bbe793553b81c6aca9321ee	Aranca	aranca
arc-it-solutions-ltd,5fae06029bbe793553b81c6aca93ffaf	ARC iT Solutions ltd	arcitsol
aria-systems,5fae06029bbe793553b81c6aca989d2a	Aria Systems	AriaSystemsInc
armstead-enterprise,5fae06029bbe793553b81c6aca9afb29	Armstead Enterprise	armsteadent
around-delhi-holidays-pvt-ltd,5fae06029bbe793553b81c6aca9b5147	Around Delhi Holidays Pvt Ltd	arounddelhi
arteris,5fae06029bbe793553b81c6aca9dd22d	Arteris	arteris_noc
aruspex,5fae06029bbe793553b81c6acaa1947a	Aruspex	Aruspex
arvixe,5fae06029bbe793553b81c6acaa1be9b	Arvixe	Arvixe
asset-alliance-corporation,5fae06029bbe793553b81c6acaa953c8	Asset Alliance Corporation	assetalliance01
attella,5fae06029bbe793553b81c6acab4f4cb	Attella	attellallc
autoplicity,5fae06029bbe793553b81c6acac02c09	Autoplicity	autoplicity
avatar-new-york,5fae06029bbe793553b81c6acac43cee	Avatar New York 	avatarnewyork
aventure-media,5fae06029bbe793553b81c6acac566d2	Aventure Media	aventure
avinci-media,5fae06029bbe793553b81c6acac74d73	aVinci Media	avincimedia
avst,5fae06029bbe793553b81c6acac8944b	AVST	avst
awarelabs,5fae06029bbe793553b81c6acac94a75	Aware Labs	awarelabs
awrisk,5fae06029bbe793553b81c6acaca49b3	awrisk	atixworld
axel-technologies,5fae06029bbe793553b81c6acacab586	Axel Technologies	FuugoTV
babynology-baby-names,5fae06029bbe793553b81c6acad33432	Babynology Baby Names	Babynology
backbase,5fae06029bbe793553b81c6acad3d73d	Backbase	backbase
backstop-solutions-group,5fae06029bbe793553b81c6acad4cfe4	Backstop Solutions Group	backstop
bandzoogle,5fae06029bbe793553b81c6acada6244	Bandzoogle	Bandzoogle
bc-web-wise,5fae06029bbe793553b81c6acae40797	BC Web Wise	bcwebwise
bean,5fae06029bbe793553b81c6acae73529	BEAN	beanonline
beautycenter-ro-2,5fae06029bbe793553b81c6acae8e2bc	beautycenter.ro	beautycenter_ro
beceem,5fae06029bbe793553b81c6acae9667a	Beceem Communications	Beceem
beijing-rayootech-co-ltd,'5fae06029bbe793553b81c6acaed7b79	Beijing RayooTech Co., Ltd.	unisoftchina'
bella-pictures,5fae06029bbe793553b81c6acaee91f9	Bella Pictures	Bella_Pictures
ben-jen-online,'5fae06029bbe793553b81c6acaefc939	Ben Jen Online, LLC	benjenonline'
bersin-associates,5fae06029bbe793553b81c6acaf333a1	Bersin & Associates	bersin
besttechie-holdings,5fae06029bbe793553b81c6acaf62bae	BestTechie Holdings	besttechie
bia2,5fae06029bbe793553b81c6acafc3ae4	Bia2	bia2
biddingforgood,5fae06029bbe793553b81c6acafd644c	BiddingForGood	Bidding4Good
big-mountain-bike-adventures,5fae06029bbe793553b81c6acaffe9fa	Big Mountain Bike Adventures	bigmtnglobal
big-orange-planet,fb79c1faa23e6537889b8b58ca00493c	Big Orange Planet	bigorangeplanet
bigjump,fb79c1faa23e6537889b8b58ca021351	BigJump	bigjump
billingparadise,fb79c1faa23e6537889b8b58ca046fa8	Billingparadise	Mtranscription
billups-design,fb79c1faa23e6537889b8b58ca04becf	Billups Design	billupsdesign
blackout-design,fb79c1faa23e6537889b8b58ca176a17	BlackOut Design	blackoutdesign
bloglines,fb79c1faa23e6537889b8b58ca1ec3d6	Bloglines	Bloglines
blue-box-group,fb79c1faa23e6537889b8b58ca21fd53	Blue Box Group	bluebox
blue-interactive-agency,fb79c1faa23e6537889b8b58ca232976	Blue Interactive Agency	WebSEOMarketing
bookatable,fb79c1faa23e6537889b8b58ca31cd06	Bookatable	bookatable
bookeen,fb79c1faa23e6537889b8b58ca321c6f	Bookeen	BookeenTeam
boomcycle,fb79c1faa23e6537889b8b58ca352f92	Boomcycle	dvictor
brainsonic,fb79c1faa23e6537889b8b58ca3f3878	Brainsonic	BrainsonicParis
brainstorm-studio,fb79c1faa23e6537889b8b58ca3f6967	Brainstorm Studio	brainstormweb
branded3,fb79c1faa23e6537889b8b58ca41662e	Branded3	branded_3
brickhost,fb79c1faa23e6537889b8b58ca46a007	BrickHost	brickhost
brightergy,fb79c1faa23e6537889b8b58ca49407d	Brightergy	brightergy
bring2mind,fb79c1faa23e6537889b8b58ca4b64b5	Bring2mind	bring2mind
broadbandsports,fb79c1faa23e6537889b8b58ca4df01e	Broadbandsports	jaimeagosto
broadhop,fb79c1faa23e6537889b8b58ca4e8ec9	BroadHop	broadhop
broadway-infotech-pty-ltd-2,fb79c1faa23e6537889b8b58ca4f1cce	Broadway Infotech Pty Ltd	BroadwayIT
brooks-bell-interactive,fb79c1faa23e6537889b8b58ca5033a8	Brooks Bell Interactive	bbinteractive
buildium,fb79c1faa23e6537889b8b58ca57d9b3	Buildium	buildium
bullsprig,fb79c1faa23e6537889b8b58ca599bba	Bullsprig	bullsprig_js
bulogics,fb79c1faa23e6537889b8b58ca59b5a5	BuLogics	BuLogics
carid-com,fb79c1faa23e6537889b8b58ca867f5b	CARiD.com	carid_com
carpathia-hosting,fb79c1faa23e6537889b8b58ca881165	Carpathia Hosting	CarpathiaHost
cartwheel,fb79c1faa23e6537889b8b58ca8a5103	Cartwheel	cartwheelit
certeon,fb79c1faa23e6537889b8b58ca9fe9e0	Certeon	certeon_news
cf-x,fb79c1faa23e6537889b8b58caa10adb	cf/x	cfxsoftware
chad-hatten-seo,fb79c1faa23e6537889b8b58caa213a1	chad hatten seo	chadhatten
checkmarket,fb79c1faa23e6537889b8b58caab2905	CheckMarket	checkmarket
china-dale-bags-corporation,fb79c1faa23e6537889b8b58cab0602e	China Dale Bags Corporation	dalebag
chrono24-com,fb79c1faa23e6537889b8b58cab5900d	Chrono24.com	chrono24
chronos-consulting,fb79c1faa23e6537889b8b58cab5a89e	Chronos Consulting	coberonchronos
citrix-online,fb79c1faa23e6537889b8b58cabe9aa5	Citrix Online	citrixonline
citytech,fb79c1faa23e6537889b8b58cac126d1	CITYTECH	citytech
clearme,fb79c1faa23e6537889b8b58caca990c	CLEARme	CLEAR_me
cleartech-solutions,fb79c1faa23e6537889b8b58cacbad6e	Cleartech Solutions	thecleartech
clickn-kids,fb79c1faa23e6537889b8b58cacf983d	ClickN KIDS	clicknkids
climate-change-capital-ltd,fb79c1faa23e6537889b8b58cad1a412	Climate Change Capital Ltd	Jamesogradycam
clinipace-worldwide,fb79c1faa23e6537889b8b58cad260e1	Clinipace WorldWide	clinipace
clique-studios,fb79c1faa23e6537889b8b58cad3f51e	Clique Studios	cliquechicago
cloudpuncher,fb79c1faa23e6537889b8b58cad935d7	CloudPuncher	cloudpunchr
club-runner,fb79c1faa23e6537889b8b58cadb8efd	Club Runner	clubrunner
clutch-creative,fb79c1faa23e6537889b8b58cadcacad	Clutch Creative	clutchcreative
cmswire,fb79c1faa23e6537889b8b58cade0e60	CMSWire	cmswire
codeclouds-technologies,fb79c1faa23e6537889b8b58cae31121	Codeclouds Technologies	codeclouds
coderscode,fb79c1faa23e6537889b8b58cae47606	Coderscode	coderscode
computek-industries-llc,'fb79c1faa23e6537889b8b58cafbb1e3	CompuTEK Industries, LLC.	computek_ind'
concord-supplies,fb79c1faa23e6537889b8b58cafff829	Concord Supplies	concordsupplies
cool-dept,c61e6a5dd61ef3ac28d02c864e117e84	Cool Dept	cooldept
cool-life-systems,c61e6a5dd61ef3ac28d02c864e119240	Cool Life Systems	coollifesystems
coolpanama-com,c61e6a5dd61ef3ac28d02c864e127135	CoolPanama.com	CoolPanama
couponcabin,c61e6a5dd61ef3ac28d02c864e1dcce0	CouponCabin	CouponCabin
cprime,c61e6a5dd61ef3ac28d02c864e234a22	cPrime	cPrimeTraining
crea,c61e6a5dd61ef3ac28d02c864e266463	Crea	CreaLabs
creative-glance-technologies,c61e6a5dd61ef3ac28d02c864e28742e	Creative Glance Technologies	cglance08
creative-slice,c61e6a5dd61ef3ac28d02c864e2913fa	Creative Slice	creativeslice
critical-distance,c61e6a5dd61ef3ac28d02c864e2e2de8	Critical Distance	jonathanmarks
csoft,c61e6a5dd61ef3ac28d02c864e37b801	CSOFT	localisation
cuban-council,c61e6a5dd61ef3ac28d02c864e3977ee	Cuban Council	cubancouncil
cubic-creative,c61e6a5dd61ef3ac28d02c864e3a024c	Cubic Creative	cubiccreative
cyberxlink,c61e6a5dd61ef3ac28d02c864e442559	Cyberxlink	CyberXLink
cyrus-innovation,c61e6a5dd61ef3ac28d02c864e46c22f	Cyrus Innovation	cyrusinnovation
daintree-networks,c61e6a5dd61ef3ac28d02c864e4d27cb	Daintree Networks	daintreenet
daintree-networks,c61e6a5dd61ef3ac28d02c864ec07843	Daintree Networks	daintreenet
datasheet-archive,c61e6a5dd61ef3ac28d02c864e568c2f	Datasheet Archive	datasheets
datasheet-archive,c61e6a5dd61ef3ac28d02c864eca3a89	Datasheet Archive	datasheets
davao-real-estate,c61e6a5dd61ef3ac28d02c864e5951c3	Davao Real Estate	davaorealestate
davao-real-estate,c61e6a5dd61ef3ac28d02c864eccfdf7	Davao Real Estate	davaorealestate
demandforce,c61e6a5dd61ef3ac28d02c864e6c7bde	Demandforce	demandforce
demandforce,c61e6a5dd61ef3ac28d02c864edfe487	Demandforce	demandforce
demandresults,c61e6a5dd61ef3ac28d02c864e6c9601	DemandResults	DemandResults
demandresults,c61e6a5dd61ef3ac28d02c864ee001af	DemandResults	DemandResults
designashirt,c61e6a5dd61ef3ac28d02c864e72f443	DesignAShirt	designashirt
designashirt,c61e6a5dd61ef3ac28d02c864ee57650	DesignAShirt	designashirt
designcontest,c61e6a5dd61ef3ac28d02c864e730c90	DesignContest	designcontests
designcontest,c61e6a5dd61ef3ac28d02c864ee58d02	DesignContest	designcontests
developmentseed,c61e6a5dd61ef3ac28d02c864e77ed7e	DevelopmentSeed	developmentseed
developmentseed,c61e6a5dd61ef3ac28d02c864eea301d	DevelopmentSeed	developmentseed
deviceanywhere,597e595b22c7371d2769eb1fa0a12ffd	Keynote DeviceAnywhere	DevAnywhere
diagenode,c61e6a5dd61ef3ac28d02c864e7b6546	Diagenode	diagenode
diagenode,c61e6a5dd61ef3ac28d02c864eedc004	Diagenode	diagenode
dianomi-2,c61e6a5dd61ef3ac28d02c864e7d1b95	dianomi	dianomi
dianomi-2,c61e6a5dd61ef3ac28d02c864eefd790	dianomi	dianomi
digi-works,c61e6a5dd61ef3ac28d02c864e897990	DigiWorks	digiworks
digi-works,c61e6a5dd61ef3ac28d02c864efda56f	DigiWorks	digiworks
digital-face,c61e6a5dd61ef3ac28d02c864e82f00b	Digital Face	colingilchrist
digital-face,c61e6a5dd61ef3ac28d02c864ef6842e	Digital Face	colingilchrist
direct-agents,4b9962595d7ff850d591b39c0000613a	Direct Agents	DirectAgents
direct-agents,c61e6a5dd61ef3ac28d02c864e8c9b26	Direct Agents	DirectAgents
directmailmanager-com,4b9962595d7ff850d591b39c00022c41	DirectMailManager.com	directmailmanag
directmailmanager-com,c61e6a5dd61ef3ac28d02c864e8e189e	DirectMailManager.com	directmailmanag
dotxin-cyber-solutions,4b9962595d7ff850d591b39c001a884d	Dotxin Cyber Solutions	bilalfazal
dotxin-cyber-solutions,c61e6a5dd61ef3ac28d02c864ea5ef32	Dotxin Cyber Solutions	bilalfazal
dpivision-com,4b9962595d7ff850d591b39c001cf4fd	dpivision.com	dpivisiondotcom
dpivision-com,c61e6a5dd61ef3ac28d02c864ea843ee	dpivision.com	dpivisiondotcom
dream-cheeky,4b9962595d7ff850d591b39c001f46b4	Dream Cheeky	dreamcheeky
dream-cheeky,c61e6a5dd61ef3ac28d02c864eaae68d	Dream Cheeky	dreamcheeky
dream-systems-media,4b9962595d7ff850d591b39c001f7d51	Dream Systems Media	dreamsystems
dream-systems-media,c61e6a5dd61ef3ac28d02c864eab22fe	Dream Systems Media	dreamsystems
driving-sports,4b9962595d7ff850d591b39c00237461	Driving Sports	drivingsports
driving-sports,c61e6a5dd61ef3ac28d02c864eaf1e6e	Driving Sports	drivingsports
droisys,4b9962595d7ff850d591b39c0023f12b	Droisys	droisys
droisys,c61e6a5dd61ef3ac28d02c864eaf7cd8	Droisys	droisys
dubli,4b9962595d7ff850d591b39c00283483	DubLi	DubLi_Social
dubli,c61e6a5dd61ef3ac28d02c864eb3eeda	DubLi	DubLi_Social
dutch-by-design-ltd,4b9962595d7ff850d591b39c002bc3ee	Dutch By Design Ltd	Dutchbydesign
dutch-by-design-ltd,c61e6a5dd61ef3ac28d02c864eb7366b	Dutch By Design Ltd	Dutchbydesign
dzine-it,4b9962595d7ff850d591b39c002fdc0e	dzine it	dzineit
dzine-it,c61e6a5dd61ef3ac28d02c864ebb5ec7	dzine it	dzineit
e-con-systems,4b9962595d7ff850d591b39c003215f5	e-con Systems	econsystems
e-lava,4b9962595d7ff850d591b39c003099f1	E LAVA	infolava
e-motion-software,4b9962595d7ff850d591b39c00335291	e-motion software	emotionsoftware
eastonsweb-multimedia,4b9962595d7ff850d591b39c003837a1	Eastonsweb Multimedia	jeaston1
easy-projects-net,4b9962595d7ff850d591b39c0038d030	Easy Projects .NET	easyprojectsnet
ebuddy,4b9962595d7ff850d591b39c003e833f	eBuddy	ebuddy
echospin,4b9962595d7ff850d591b39c004148eb	Echospin	echospin
econnect-email,4b9962595d7ff850d591b39c0044d3c9	eConnect Email	econnectemail
edgelink,4b9962595d7ff850d591b39c00486a6d	EdgeLink	edgelink
editme,4b9962595d7ff850d591b39c0049d3ff	EditMe	EditMe
eleven2,4b9962595d7ff850d591b39c005b6539	Eleven2	Eleven2
emailbrain,4b9962595d7ff850d591b39c005f87b0	Email Marketing - EmailBrain	emailbrain_
emailmovers,4b9962595d7ff850d591b39c005fc5ea	Emailmovers	emailmovers
emavens-web-developent-company,4b9962595d7ff850d591b39c0060b070	Emavens Web Developent  Company	emavensolutions
emma-email-marketing,4b9962595d7ff850d591b39c0065b341	Emma Email Marketing	emmaemail
empower-elearning-solutions,4b9962595d7ff850d591b39c0067eef6	emPower eLearning Solutions	jasongaya
emprivo,4b9962595d7ff850d591b39c006872b9	Emprivo	Emprivo
engrade,4b9962595d7ff850d591b39c00715cea	Engrade	Engrade
enjoy-prepaid,4b9962595d7ff850d591b39c00725a97	Enjoy Prepaid	nobelcom
entrada-group,4b9962595d7ff850d591b39c0077cbf8	Entrada Group	EntradaGroup
eonesoft,4b9962595d7ff850d591b39c007bb271	eOneSoft	eonekim
esg-enterprises-llc,4b9962595d7ff850d591b39c00872dcb	ESG Enterprises	ESG_Enterprises
estensa,4b9962595d7ff850d591b39c008a1556	Estensa	estensaweb
eturbo,4b9962595d7ff850d591b39c008e36d5	eTurbo	eTotal
euntra-corporation,4b9962595d7ff850d591b39c008ec20c	Euntra Corporation	euntra
european-domain-centre,4b9962595d7ff850d591b39c00904926	European Domain Centre	HofmanLaursen
eventbee,4b9962595d7ff850d591b39c00938c0c	Eventbee	eventbee
excel-internet-pvt-ltd,4b9962595d7ff850d591b39c009ebd09	Excel Internet Pvt. Ltd.	excelinternet1
exo-platform,4b9962595d7ff850d591b39c00a2b54d	eXo Platform	exoplatform
expeditions-west,4b9962595d7ff850d591b39c00a39ba6	Expeditions West	expoportal
explore-talent,4b9962595d7ff850d591b39c00a5f6b7	Explore Talent	ExploreTalent
ezappt,4b9962595d7ff850d591b39c00abf42d	EZappt	ezappt
ezrezsoftware,4b9962595d7ff850d591b39c00acd398	ezRez Software	ezrez
fabernovel,4b9962595d7ff850d591b39c00ae024f	faberNovel	fabernovel
fablesoft,4b9962595d7ff850d591b39c00ae42d4	FableSoft	ksyed0
factonomy,4b9962595d7ff850d591b39c00b11388	Factonomy	FactonomyGB
falafel-software,4b9962595d7ff850d591b39c00b3092d	Falafel Software	falafelsoftware
fierce-thought,4b9962595d7ff850d591b39c00c9cba4	Fierce Thought	fiercethought
firetide,4b9962595d7ff850d591b39c00d556d6	FireTide	firetide
first-giving,4b9962595d7ff850d591b39c00d86c8c	FirstGiving	firstgiving
fj-solutions-miami,4b9962595d7ff850d591b39c00de5b42	FJ Solutions Miami	fjsolutions
flightsrus,4b9962595d7ff850d591b39c00e41d04	flightsrus	flightsrus
flip-media,4b9962595d7ff850d591b39c00e4afa6	Flip Media	flipmedia
floatpoint-media,4b9962595d7ff850d591b39c00e66e1b	FloatPoint Media	floatpointmedia
florida-lacrosse-sports,4b9962595d7ff850d591b39c00e7c681	Florida Lacrosse & Sports	floridalacrosse
fonality,4b9962595d7ff850d591b39c00ef54bf	Fonality	Fonality
foodcalc,4b9962595d7ff850d591b39c00f12021	FoodCALC	FoodCALC
for-human-use,4b9962595d7ff850d591b39c00f39cf8	FOR HUMAN USE	ForHumanUse
forty-agency,4b9962595d7ff850d591b39c00f8f149	Forty	fortyagency
foundvalue,4b9962595d7ff850d591b39c00fc452d	FoundValue	foundvalue
fpm-marketing-and-design-inc-fpm3,4b9962595d7ff850d591b39c00fe91ef	FPM Marketing and Design Inc (FPM3)	fpmmarketing
free-rentals,bb00443be334273f59d3ef19d1031373	Free-Rentals	freerentals
freecashback-co-uk,bb00443be334273f59d3ef19d103643c	FreeCashback.co.uk	freecashback
freedom-cad-services,bb00443be334273f59d3ef19d103c894	Freedom CAD Services	freedomcad
freshbooks,bb00443be334273f59d3ef19d108b19a	FreshBooks	freshbooks
front-gate-tickets,bb00443be334273f59d3ef19d10cc4c6	Front Gate Tickets	frontgatetix
futurlink,bb00443be334273f59d3ef19d1196c1e	Futurlink	futurlink
g3-creative,bb00443be334273f59d3ef19d11c49a2	G3 Creative	G3Creatives
game-trading-technologies-inc,'bb00443be334273f59d3ef19d1211936	Game Trading technologies, Inc.	GTTI_News'
gamefresh,bb00443be334273f59d3ef19d12237c7	Gamefresh	Gamefresh
gamesbox,bb00443be334273f59d3ef19d124235f	GamesBox	Blackjack3D
gaterocket,bb00443be334273f59d3ef19d128f734	GateRocket	GateRocket
gear4music-com,bb00443be334273f59d3ef19d12cc6bf	Gear4music.com	gear_4_music
geer-services,bb00443be334273f59d3ef19d12f3af7	Geer Services	geerservices
getmyhomesvalue-com,bb00443be334273f59d3ef19d13d12c7	GetMyHomesValue.com	getmyhomesvalue
ggl-global-gaming,bb00443be334273f59d3ef19d13eedbe	GGL Global Gaming	global_gaming
giant-step,bb00443be334273f59d3ef19d13f9908	Giant Step	giantstepmedia
giaspace,bb00443be334273f59d3ef19d13fd501	Giaspace	Giaspace
glammedia,bb00443be334273f59d3ef19d1496935	Glam Media	glammedia
global-unlock,bb00443be334273f59d3ef19d1507124	Global Unlock	globalunlock
globant,bb00443be334273f59d3ef19d1523abe	Globant	Globant
glowria,bb00443be334273f59d3ef19d15483eb	glowria	videofutur
goaleurope,bb00443be334273f59d3ef19d158f771	GoalEurope	goaleurope
gopro,bb00443be334273f59d3ef19d166239e	GoPro	GoPro_News
governmentauctions-org,bb00443be334273f59d3ef19d169f1d6	GovernmentAuctions.org	GovtAuctions
grasshopper,bb00443be334273f59d3ef19d1701170	Grasshopper	Grasshopper
great-big-solutions,bb00443be334273f59d3ef19d17154d4	Great Big Solutions	CompTracker
great-scores,bb00443be334273f59d3ef19d171b391	Great Scores	greatscores
greatcare-co-uk,bb00443be334273f59d3ef19d171f98e	greatcare.co.uk	uknannyjobs
grey-orange-brand-private-limited,bb00443be334273f59d3ef19d17a1bef	Grey Orange Brand Private Limited	greyorangebrand
gsmliberty,bb00443be334273f59d3ef19d184dd13	GSMLiberty	GSMliberty
gugga,bb00443be334273f59d3ef19d187c6ab	GUGGA	gugga_
guidepoint-global,bb00443be334273f59d3ef19d1888456	Guidepoint Global	guidepoint
guildquality,bb00443be334273f59d3ef19d188fe4a	GuildQuality	guildquality
gyanagni-consulting-private-limited,bb00443be334273f59d3ef19d18c5d88	Gyanagni Consulting Private Limited	gyanagni
healthpharmarx,bb00443be334273f59d3ef19d1a19db9	HealthPharmaRx	healthpharmarx
hiddenbrains-infotech-pvt-ltd,bb00443be334273f59d3ef19d1af0b37	HiddenBrains InfoTech Pvt Ltd. 	HiddenBrains
home-creative-studio,bb00443be334273f59d3ef19d1bc2e62	Home Creative Studio	homecst
hospedagemhost,bb00443be334273f59d3ef19d1c3a125	HospedagemHost	hospedagemhost
hostelbookers-com,bb00443be334273f59d3ef19d1c478e8	HostelBookers.com	hostelbookers
hotspot-technologies,bb00443be334273f59d3ef19d1c82231	HotSpot Technologies	SeanFromIT
hpinkcartridges,bb00443be334273f59d3ef19d1cc30d0	hpinkcartridges	hpinkcartridges
hrm-consulting-gmbh,bb00443be334273f59d3ef19d1ccc61f	HRM CONSULTING GmbH	hrmconsulting
hypursuit-inc,bb00443be334273f59d3ef19d1da4ee3	HyPursuit Inc.	hypursuit
icontact,bb00443be334273f59d3ef19d1e7b9b3	iContact	icontact
idashboards,bb00443be334273f59d3ef19d1e9eafd	iDashboards	idashboards
idea-code,bb00443be334273f59d3ef19d1ea513d	Idea Code	ideacode
iego-neighborhood-basketball-program,83097a0e1641e8eda5b5ac717ef79509	Neighborhood Basketball Program	na
imageshack,bb00443be334273f59d3ef19d1fb6ea4	ImageShack	imageshack
imaste,bb00443be334273f59d3ef19d1fd6126	IMASTE	imasteips
imptrax-corporation,597e595b22c7371d2769eb1fa004dfd9	ImpTrax Corporation	ImpTrax
infinitehoops,597e595b22c7371d2769eb1fa013f210	InfiniteSports LLC	InfiniteHoops
influencer50,597e595b22c7371d2769eb1fa01493fe	Influencer50	Influencer50
infolava-com,597e595b22c7371d2769eb1fa016e2ed	INFOLAVA.com	infolava
infotaxsquare,597e595b22c7371d2769eb1fa01a85ec	Infotaxsquare	infotaxsquare
inlet-technologies,597e595b22c7371d2769eb1fa01fc03a	Inlet Technologies	inlettech
inphonex,597e595b22c7371d2769eb1fa02636cb	InPhonex	InPhonex
insivia-marketing-interactive-web-design,597e595b22c7371d2769eb1fa029c801	Insivia Marketing & Interactive Web Design	insivia
instacarma,597e595b22c7371d2769eb1fa02b6b16	InstaCarma	instacarma
instantfinder,597e595b22c7371d2769eb1fa02cbb98	InstantFinder	instantfinder
intellectspace,597e595b22c7371d2769eb1fa0331d59	IntellectSpace	intellectspace
intellectual-property-exchange,597e595b22c7371d2769eb1fa033262b	Intellectual Property Exchange	ipexl
intelligent-retail,597e595b22c7371d2769eb1fa0348003	Intelligent Retail	EPOSSoftware
interspire,597e595b22c7371d2769eb1fa040152d	Interspire	interspire
intronis,597e595b22c7371d2769eb1fa0444a21	Intronis	intronisinc
invel,597e595b22c7371d2769eb1fa045c319	INVEL	NPINVEL
invensense,597e595b22c7371d2769eb1fa045d698	InvenSense	invensense
iotum,597e595b22c7371d2769eb1fa04d7403	Iotum	Calliflower
ipromote,597e595b22c7371d2769eb1fa05262e4	iPromote	iPromote
iptronics-a-s,597e595b22c7371d2769eb1fa052fd18	IPtronics A/S	ParallelOptics
iq-tech-pros,597e595b22c7371d2769eb1fa05355d0	IQ Tech Pros	iqtechpros
it-resource-center,597e595b22c7371d2769eb1fa05cd932	IT Resource Center	itrcp
itnt,597e595b22c7371d2769eb1fa0615a20	ITNT	i_t_n_t
j-beads,597e595b22c7371d2769eb1fa068a972	J-beads	gemstonebeads
jeeran,597e595b22c7371d2769eb1fa0721c06	Jeeran	Jeeran
jeki-handel-design-gbr,597e595b22c7371d2769eb1fa0729dcc	Jeki Handel & Design GbR	kimschiefer
jetminds,597e595b22c7371d2769eb1fa074bdc0	JetMinds	jetminds
jig-jp,597e595b22c7371d2769eb1fa07630d4	jig.jp	spiderss_beta
jiwire,597e595b22c7371d2769eb1fa077d7fe	JiWire	JiWire
jobthread,597e595b22c7371d2769eb1fa07ce871	JobThread	JobThread
juegate-com,597e595b22c7371d2769eb1fa08562c2	Juegate.com	juegate
just-landed,597e595b22c7371d2769eb1fa089d2c5	Just Landed	youjustlanded
just1word,597e595b22c7371d2769eb1fa08a6bb2	Just1Word	just1word
justfooderp,597e595b22c7371d2769eb1fa08b3312	JustFoodERP	JustFoodERP
kaizen-software-solutions,597e595b22c7371d2769eb1fa090a33e	Kaizen Software Solutions	kzsoftware
kewego,597e595b22c7371d2769eb1fa0a00482	Kewego	kewego
kineticart-limited,597e595b22c7371d2769eb1fa0a7f6b6	KineticaRT Limited	KineticaRT
king,597e595b22c7371d2769eb1fa0a893f8	King.com	king_dot_com
kinos-group,597e595b22c7371d2769eb1fa0a9d9d3	Kinos Group 	kinosgroup
kirei-usa,597e595b22c7371d2769eb1fa0aa81e2	Kirei USA	kireiusa
kitenga,597e595b22c7371d2769eb1fa0abc937	Kitenga	zettavox
knotice,597e595b22c7371d2769eb1fa0b0e0c7	Knotice	knotice
koona,597e595b22c7371d2769eb1fa0b78488	Koona	tsancio
kubotek-usa,597e595b22c7371d2769eb1fa0be1f3c	Kubotek USA	kubotekusa
kyero,597e595b22c7371d2769eb1fa0c2cf5f	Kyero	kyero
l2shosting,597e595b22c7371d2769eb1fa0c49337	L2SHosting	l2shosting
language-connect,597e595b22c7371d2769eb1fa0cb5a2a	Language Connect	lconnect
lawcrossing,597e595b22c7371d2769eb1fa0d2561a	LawCrossing	Law_Crossing
leadconcept,597e595b22c7371d2769eb1fa0d59f90	LEADconcept	leadconcept
leapfile,597e595b22c7371d2769eb1fa0d876ac	LeapFILE	leapfile
learningmate,597e595b22c7371d2769eb1fa0d9c301	LearningMate	learningmate
lebootcamp,597e595b22c7371d2769eb1fa0da6dc6	LeBootCamp	lebootcamp
legalfish,597e595b22c7371d2769eb1fa0dc4fb7	LegalFish	LegalFish
lencor-technology,597e595b22c7371d2769eb1fa0dee406	Lencor Technology	lencortech
leo-technosoft,597e595b22c7371d2769eb1fa0e075f5	Leo TechnoSoft	leo_technosoft
lexalytics,597e595b22c7371d2769eb1fa0e46a62	Lexalytics	Lexalytics
lifeknot-com,597e595b22c7371d2769eb1fa0e90aba	lifeknot	lifeknot
lifephoto,597e595b22c7371d2769eb1fa0e98168	Lifephoto	lifephotodotcom
lifesize-communications,597e595b22c7371d2769eb1fa0e9e765	LifeSize Communications	lifesizehd
limina-application-office,597e595b22c7371d2769eb1fa0ef664c	Limina Application Office	LiminaAO
linkedin,597e595b22c7371d2769eb1fa0f37e69	LinkedIn	linkedin
linnworks,597e595b22c7371d2769eb1fa0f5585c	Linnworks	LINNWORKS
linode,597e595b22c7371d2769eb1fa0f559be	Linode	linode
litescape,597e595b22c7371d2769eb1fa0f9f6af	litescape	3deeplitescape
little-kids-rock,597e595b22c7371d2769eb1fa0fae95e	Little Kids Rock	littlekidsrock
live2support,597e595b22c7371d2769eb1fa0fccf85	Live2Support	live2support
livehelpnow,597e595b22c7371d2769eb1fa0fe2332	LiveHelpNow	livehelpnow
locamoda,83097a0e1641e8eda5b5ac717e07018d	LocaModa	locamoda
logic-media-zone,83097a0e1641e8eda5b5ac717e0a2a1c	Logic Media Zone	logicmediazone
logmein,83097a0e1641e8eda5b5ac717e0bdfab	LogMeIn	LogMeIn
lookeen,83097a0e1641e8eda5b5ac717e100884	Lookeen	LookeenSearch
m88-india,83097a0e1641e8eda5b5ac717e225dd7	M88 India	m88winningXI
macrotronics,83097a0e1641e8eda5b5ac717e24f1f9	Macrotronics	macrotronics
magic-star-media,83097a0e1641e8eda5b5ac717e290d82	Magic Star Media	magicstarmedia
mailspect,83097a0e1641e8eda5b5ac717e2e4dde	Mailspect	mailspect
mansions-and-estates-international,83097a0e1641e8eda5b5ac717e369b9e	Mansions and Estates International	thebuilderone1
manthan-systems,83097a0e1641e8eda5b5ac717e36fab4	Manthan Systems	Retail_Ideas
market-and-sales-logic,83097a0e1641e8eda5b5ac717e3bedc7	Market and Sales Logic	kristinmsl
marklogic,83097a0e1641e8eda5b5ac717e3f7d39	MarkLogic	MarkLogic
mcdonald-butler,83097a0e1641e8eda5b5ac717e4fd239	McDonald Butler	mcdonaldbutler
mediamiser,83097a0e1641e8eda5b5ac717e5a4757	MediaMiser	MediaMiser
medianet-group,83097a0e1641e8eda5b5ac717e5a8788	MediaNet Group	DubLi_Social
megameeting-com,83097a0e1641e8eda5b5ac717e633ef4	MegaMeeting.com	megameeting
memeo,83097a0e1641e8eda5b5ac717e664bd8	Memeo	Memeo_Inc
meridix,83097a0e1641e8eda5b5ac717e6cc608	Meridix	Meridix
merrows,83097a0e1641e8eda5b5ac717e6d842e	Merrows	merrows
mesadynamics,83097a0e1641e8eda5b5ac717e6de6b9	Mesa Dynamics	mesadynamics
metaio,83097a0e1641e8eda5b5ac717e70b718	metaio	twitt_AR
mimecast,83097a0e1641e8eda5b5ac717e8361ca	Mimecast	mimecast
mindbees,83097a0e1641e8eda5b5ac717e84d771	Mindbees	mindbees
mindworks-seo-and-sem-services,83097a0e1641e8eda5b5ac717e877758	Mindworks interactive	mindworks
minesage,83097a0e1641e8eda5b5ac717e6e38a2	MeshTop	hellomeshtop
mioot,83097a0e1641e8eda5b5ac717e8ad6b9	Mioot live chat	mioot
missionmode,83097a0e1641e8eda5b5ac717e8e31a1	MissionMode	missionmode
mist-technologies,5fae06029bbe793553b81c6acab8ffb4	Audionamix	audionamix
mister-corporation,83097a0e1641e8eda5b5ac717e8e981d	Mister Corporation	mistercorp
miyowa,83097a0e1641e8eda5b5ac717e91fb53	Miyowa	miyowa
mmchannel,83097a0e1641e8eda5b5ac717e93a310	mmCHANNEL	mmchannel
mobile9-com,83097a0e1641e8eda5b5ac717e9ac2dd	mobile9.com	mobile9dotcom
moco-loco,83097a0e1641e8eda5b5ac717ea23ceb	MOCO LOCO	mocoloco
model-metrics,83097a0e1641e8eda5b5ac717ea34235	Model Metrics	modelmetricsinc
mosaic-ites-services,83097a0e1641e8eda5b5ac717eb50b6b	Mosaic ITES Services	Mosaic_ITES
motive-interactive,83097a0e1641e8eda5b5ac717eb72851	Motive Interactive	motive
motivequest,83097a0e1641e8eda5b5ac717eb75135	motivequest	motivequest
mountain-goat-software,83097a0e1641e8eda5b5ac717eb85128	Mountain Goat Software	mikewcohn
movero-technology,83097a0e1641e8eda5b5ac717eba1bf8	Movero Technology	MoveroTech
multi-world-technologies,83097a0e1641e8eda5b5ac717ec5beda	Multi-World Technologies	multiworldtech
mxit,83097a0e1641e8eda5b5ac717ecced8a	Mxit	mxit
mylocator-com,83097a0e1641e8eda5b5ac717ed96518	MyLocator	MyLocator
myriad-supply,83097a0e1641e8eda5b5ac717edd7b50	Myriad Supply	myriadsupply
mysecuritycenter,83097a0e1641e8eda5b5ac717ede397c	MYSecurityCenter	MYSecureTweets
myspace,83097a0e1641e8eda5b5ac717edf2741	MySpace	MySpace
name-com,83097a0e1641e8eda5b5ac717ee7a506	Name.com	namedotcom
narian-technologies,83097a0e1641e8eda5b5ac717eebceb7	Narian Technologies	narian1
ncomputing,83097a0e1641e8eda5b5ac717ef41414	NComputing	NComputing
nero-global-tracking,83097a0e1641e8eda5b5ac717efdb5ca	Nero Global Tracking	neroglobal
net-results,83097a0e1641e8eda5b5ac717effe431	Net-Results	NetResults
netfira,e054627bc6b1f1d8cb812cce4203584c	Netfira	netfira
netlog,e054627bc6b1f1d8cb812cce4204d648	Netlog	netlog
newfield-it,e054627bc6b1f1d8cb812cce42124d5d	NewField IT 	NewFieldIT
newforma,e054627bc6b1f1d8cb812cce421258c4	Newforma	Newforma
nexopia,e054627bc6b1f1d8cb812cce42178bab	Nexopia	nexopia
nipple-charms,e054627bc6b1f1d8cb812cce42230bcc	Nipple Charms	nipplecharms
niveus,e054627bc6b1f1d8cb812cce4224b2e7	Niveus	niveusmedia
nlyte-software,e054627bc6b1f1d8cb812cce4225e43b	nlyte Software	nlyte
norbsoft,e054627bc6b1f1d8cb812cce422bfff7	Norbsoft	norbsoft
nova-software,e054627bc6b1f1d8cb812cce4232a25e	Nova Software	novachina
nova-software-china,e054627bc6b1f1d8cb812cce4232a679	Nova Software China	novachina
nutus,e054627bc6b1f1d8cb812cce423e2c7d	Nutus	nutus
nya-translation-services,e054627bc6b1f1d8cb812cce42405a00	NYA Translation Services	_N_Y_A_
oak-web-works,e054627bc6b1f1d8cb812cce4242b777	Oak Web Works	joconnor888
ocga-off-course-golfers-association,e054627bc6b1f1d8cb812cce424743a2	OCGA Off-Course Golfers Association	offcoursegolfer
odesk,e054627bc6b1f1d8cb812cce4249b17f	oDesk	oDesk
offerwire,e054627bc6b1f1d8cb812cce424c2057	OfferWire	OfferwireCEO
one-source-talent,e054627bc6b1f1d8cb812cce42595f1a	One Source Talent	onesourcetalent
one2tribe,e054627bc6b1f1d8cb812cce4259fdff	one2tribe	one2tribe
onestop,e054627bc6b1f1d8cb812cce425ceebc	OneStop Internet	onestopinternet
onosys-online-ordering,e054627bc6b1f1d8cb812cce42623348	ONOSYS Online Ordering 	onosys
onsite-local,e054627bc6b1f1d8cb812cce426307a8	OnSite Local	BIZUSAONLINE
ontela,'e054627bc6b1f1d8cb812cce42c34fd7	Photobucket, Corp.	photobucket'
op5,e054627bc6b1f1d8cb812cce4266648f	op5	op5ab
open-hosting,e054627bc6b1f1d8cb812cce4267bc84	Open Hosting Inc.	ohicloud
opentracker,e054627bc6b1f1d8cb812cce426ccd00	Opentracker	opentracker
openxtra,e054627bc6b1f1d8cb812cce426d7e8f	Openxtra	MrJackHughes
optimize-my-site,e054627bc6b1f1d8cb812cce4271f03f	Optimize My Site	optimizemysite
orangescape,e054627bc6b1f1d8cb812cce4275840b	OrangeScape	orangescape
orbis-education,e054627bc6b1f1d8cb812cce42760e8c	Orbis Education	orbiseducation
orpalis-gdpicture,e054627bc6b1f1d8cb812cce427b5c7a	ORPALIS-GdPicture	ORPALIS
osanegroup,e054627bc6b1f1d8cb812cce427c840b	Osane Studios	osanestudios
osc-works,e054627bc6b1f1d8cb812cce427c8776	Osc Works	ozcartsoftware
otrs,e054627bc6b1f1d8cb812cce427f268d	OTRS	otrsUSA
pacific-crest-group,e054627bc6b1f1d8cb812cce428a5e78	Pacific Crest Group	PCGcalifornia
palamida,e054627bc6b1f1d8cb812cce428fdb3d	Palamida	palamida_inc
palomar-fashion-2,e054627bc6b1f1d8cb812cce429170d8	Palomar Fashion	palomar_fashion
paravan-interactive,e054627bc6b1f1d8cb812cce42984971	paravan interactive	paravansk
parchment,e054627bc6b1f1d8cb812cce42989582	Parchment	Parchment
parity,5fae06029bbe793553b81c6acace9098	Azigo Inc.	azigo
partnerweekly,e054627bc6b1f1d8cb812cce429ca80c	PartnerWeekly	partnerweekly
paylease,e054627bc6b1f1d8cb812cce42a470fe	PayLease	PayLease
pharmiweb-solutions,e054627bc6b1f1d8cb812cce42be736d	PharmiWeb Solutions	pharmiweb
phoenix-nap,e054627bc6b1f1d8cb812cce42c11ab1	Phoenix NAP	Phoenixnap
pinnacle-cart,e054627bc6b1f1d8cb812cce42cfe943	Pinnacle Cart	pinnaclecart
pivot3,e054627bc6b1f1d8cb812cce42d3ddbc	Pivot3	pivot3inc
pixeon,e054627bc6b1f1d8cb812cce42d5f9d2	Pixeon	pixeon
pixolut,e054627bc6b1f1d8cb812cce42d68711	Pixolut	pixolut
planet-dds,e054627bc6b1f1d8cb812cce42d9bcae	Planet DDS	planetdds
planettran,e054627bc6b1f1d8cb812cce42da7b9c	PlanetTran	PlanetTran
plasticomp,e054627bc6b1f1d8cb812cce42dcc9eb	Plasticomp	PlastiComp
plentyoffish,e054627bc6b1f1d8cb812cce42e35a58	Plentyoffish	plentyoffish
podium-advertising-technologies,e054627bc6b1f1d8cb812cce42e93478	Podium Advertising Technologies	adcorelive
point-of-reference,e054627bc6b1f1d8cb812cce42ea5bb3	Point of Reference	crinsights
pointspa,e054627bc6b1f1d8cb812cce42eb7641	PointSpa	pointspa
postme-com,e054627bc6b1f1d8cb812cce42f7bb82	PostMe.com	postmecom
pr-smart,e054627bc6b1f1d8cb812cce42fc1462	PR Smart	prsmartla
prager-microsystems,e054627bc6b1f1d8cb812cce42fcafab	Prager Microsystems	pragermicro
prelytis,e054627bc6b1f1d8cb812cce42ffe52c	PRELYTIS	prelytis
prescription-point,5885c8f942b2d53de0f9ff90e1019f06	Prescription Point	prescriptionpt
printpop,5885c8f942b2d53de0f9ff90e10aea91	Printpop	printpop
pro2col,5885c8f942b2d53de0f9ff90e10e3f59	Pro2col	pro2colgroup
probability-plc,5885c8f942b2d53de0f9ff90e10ea83c	Probability PLC	probabilityplc
prodek,5885c8f942b2d53de0f9ff90e1103323	ProDek	rubbersurfacing
productiontrax,5885c8f942b2d53de0f9ff90e1112d68	Productiontrax	Productiontrax
prolexic,5885c8f942b2d53de0f9ff90e1169636	Prolexic Technologies	prolexic
proyecto-ewa,5885c8f942b2d53de0f9ff90e120d04a	Proyecto eWa	enwillyado
punch-communications,5885c8f942b2d53de0f9ff90e1275d3e	Punch Communications	pragency
puplife,5885c8f942b2d53de0f9ff90e128698f	PupLife	puplife
pure-costumes,5885c8f942b2d53de0f9ff90e128f819	Pure Costumes	purecostumes
qa-infotech,5885c8f942b2d53de0f9ff90e12ee8f4	QA InfoTech	qainfotech
quality-prescription-drugs,5885c8f942b2d53de0f9ff90e1362e0f	Quality Prescription Drugs	qualityrxdrugs
quarkis,5885c8f942b2d53de0f9ff90e1389a51	Quarkis	quarkis
quickplay-media,5885c8f942b2d53de0f9ff90e13d27f9	QuickPlay Media	QuickPlayMedia
quicktoclick-com,5885c8f942b2d53de0f9ff90e13d522d	Quicktoclick.com	quicktoclick
qumu,5885c8f942b2d53de0f9ff90e14040c7	Qumu	Qumu_Inc
radha-krishna-portal,5885c8f942b2d53de0f9ff90e145c463	Radha Krishna Portal	Radha_Krsna
raizlabs,5885c8f942b2d53de0f9ff90e14b1ec5	Raizlabs	raizlabs
rapid-addition,5885c8f942b2d53de0f9ff90e14f2590	Rapid Addition	RapidAddition
ready2invest,5885c8f942b2d53de0f9ff90e15a4c5b	Ready2invest	ready2invest
real-pro-systems,5885c8f942b2d53de0f9ff90e15b7e7b	Real Pro Systems	realprosystems
reality-check-network,5885c8f942b2d53de0f9ff90e15c900b	Reality Check Network	realitychecknet
reality-digital,5885c8f942b2d53de0f9ff90e15c9489	Reality Digital	realitydigital
reasonart,5885c8f942b2d53de0f9ff90e15f696f	Reasonart	reasonart
red-tiki-design-studio,5885c8f942b2d53de0f9ff90e165ee7a	Red Tiki Design Studio	redtikidesign
reddwerks,5885c8f942b2d53de0f9ff90e1675a6c	Reddwerks Corporation	ReddwerksCorp
regent-markets,5885c8f942b2d53de0f9ff90e16e6926	Regent Markets	regentmarketsau
regulator-records,5885c8f942b2d53de0f9ff90e16f5332	Regulator Records	regulatorrecord
reporte-inmobiliario-2,5885c8f942b2d53de0f9ff90e17ad9cc	Reporte Inmobiliario	reporte_inmob
right-click-capital,5885c8f942b2d53de0f9ff90e18e03cc	Right Click Capital	InternetDealBk
rightway-solution-pvt-ltd,5885c8f942b2d53de0f9ff90e18f683f	Rightway Solution Pvt.Ltd.	rightwayindia
ringlead,5885c8f942b2d53de0f9ff90e1905e60	Ringlead	RingLead
rize-technology-corporation,5885c8f942b2d53de0f9ff90e194cd18	Rize Technology Corporation	RizeTechnology
roadtrucker,5885c8f942b2d53de0f9ff90e1969874	RoadTrucker	roadtruckerinc
robotshop,5885c8f942b2d53de0f9ff90e19869ea	RobotShop	robotshop
roomster,5885c8f942b2d53de0f9ff90e1a04dbb	Roomster	roomster
roundthird,5885c8f942b2d53de0f9ff90e1a34d02	Roundthird	roundthird
s2-services,5885c8f942b2d53de0f9ff90e1ad8d08	S2 Services	socrtwo
saiki-veterinary-mobile-care,5885c8f942b2d53de0f9ff90e1b3efcf	Saiki Veterinary Mobile Care	MargaretSaiki
sales-lead-generation,5885c8f942b2d53de0f9ff90e1b589ca	Sales Lead Generation	connecteffects
sales-result,5885c8f942b2d53de0f9ff90e1b5c2b8	Sales Result 	salesresultinc
saletrix,5885c8f942b2d53de0f9ff90e1b73a2a	Saletrix	saletrix
samrx,5885c8f942b2d53de0f9ff90e1ba67be	Samrx	samrx4u
san-diego-web-design-studio,5885c8f942b2d53de0f9ff90e1bb36d1	San Diego Web Design Studio	sandiegoweb
sandbox-industires,5885c8f942b2d53de0f9ff90e1bc5629	Sandbox Industries	SandboxInd
sans-software-and-network-solutions,5885c8f942b2d53de0f9ff90e1be26a6	SANS Software and Network Solutions	languagelabs
scaleout-software,5885c8f942b2d53de0f9ff90e1c6ae98	ScaleOut Software	ScaleOut_Inc
scandio,5885c8f942b2d53de0f9ff90e1c79647	Scandio	scandio
schokologo,5885c8f942b2d53de0f9ff90e1ca6eb4	Schokologo	schokologo
schoolrack,5885c8f942b2d53de0f9ff90e1cba3d8	SchoolRack	schoolrack
screaming-circuits,5885c8f942b2d53de0f9ff90e1d15fce	Screaming Circuits	pcbassembly
searchblox,5885c8f942b2d53de0f9ff90e1d78bf0	SearchBlox	search_software
sedalia-news-journal,5885c8f942b2d53de0f9ff90e1dd6b4f	Sedalia News Journal	sedalia_news
selnet,5885c8f942b2d53de0f9ff90e1e35ff6	Selnet	Selnet
semrush,5885c8f942b2d53de0f9ff90e1e555c5	SEMrush	semrush
sendthisfile-inc,'5885c8f942b2d53de0f9ff90e1e6da9e	SendThisFile, Inc.	sendthisfile'
seo-book,5885c8f942b2d53de0f9ff90e1eb3cf2	SEO Book	seobook
sgs-technologie,5885c8f942b2d53de0f9ff90e1f7a0f0	SGS Technologie	sgstechnologie
shaping-tomorrow,5885c8f942b2d53de0f9ff90e1fa53b1	Shaping Tomorrow	shapingtomorrow
shriv-commedia-2,08ea75d0b39da8eeca1e9129c70caff0	Shriv ComMedia	shrivcommedia
shriv-commedia-solutions-2,08ea75d0b39da8eeca1e9129c70cb81a	Shriv ComMedia Solutions	shrivcommedia
shutterstock,08ea75d0b39da8eeca1e9129c70d3e69	Shutterstock	shutterstock
sitevisibility,08ea75d0b39da8eeca1e9129c724467c	SiteVisibility	sitevisibility
skiphop-com,08ea75d0b39da8eeca1e9129c7295eee	Skip Hop	skiphopnyc
skitsanos,08ea75d0b39da8eeca1e9129c729cb9e	Skitsanos	skitsanos
skype,08ea75d0b39da8eeca1e9129c72d4bde	Skype	skype
skyrank,08ea75d0b39da8eeca1e9129c72d8759	SkyRank	skyrank
smc-software,08ea75d0b39da8eeca1e9129c73b26fd	SMC Software	smconline
soho-voip-phone,08ea75d0b39da8eeca1e9129c756e4f6	Soho-Voip-Phone	sohovoipphone
solutions-financial,08ea75d0b39da8eeca1e9129c75d1d81	Solutions Financial	Sfcanada
sonorika-com,08ea75d0b39da8eeca1e9129c761df44	Sonorika.com	sonorika
soul-oyster-web-studios,08ea75d0b39da8eeca1e9129c765678b	Soul Oyster Web Studios	souloyster
soundloud,08ea75d0b39da8eeca1e9129c766309a	SoundLoud	soundloudmusic
sparkfun-electronics,08ea75d0b39da8eeca1e9129c76d2501	SparkFun Electronics	sparkfun
spb-media-buro,08ea75d0b39da8eeca1e9129c76f2814	SPB Media Buro	publiciti
speedshape,08ea75d0b39da8eeca1e9129c772f920	Speedshape	speedshape
splunk,08ea75d0b39da8eeca1e9129c77b26e6	Splunk	splunk
sprike,08ea75d0b39da8eeca1e9129c7821154	Sprike	sprike_ltd
squarespace,08ea75d0b39da8eeca1e9129c786b366	Squarespace	squarespace
strands,08ea75d0b39da8eeca1e9129c7a0fe42	Strands Labs	StrandsPF
streambase-systems,08ea75d0b39da8eeca1e9129c7a34658	StreamBase Systems	mrkwpalmer
streaming-tank,08ea75d0b39da8eeca1e9129c7a3c0a0	Streaming Tank	streamingtank
strikeiron,08ea75d0b39da8eeca1e9129c7a630db	StrikeIron	strikeiron
surfboardshack-com,08ea75d0b39da8eeca1e9129c7bb32bb	SurfboardShack.com	surfboardshack
surveyshack,08ea75d0b39da8eeca1e9129c7bd449a	SurveyShack	surveyshack
svitla-systems,08ea75d0b39da8eeca1e9129c7bf2951	Svitla Systems	SvitlaSystemsIn
swiftway,08ea75d0b39da8eeca1e9129c7c30786	Swiftway	swiftwaynet
switchfly,08ea75d0b39da8eeca1e9129c7c4b29f	Switchfly	switchflyinc
tabula-digita,c61e6a5dd61ef3ac28d02c864e8adff5	DimensionU (formerly Tabula Digita)	DimensionUGames
tabula-digita,c61e6a5dd61ef3ac28d02c864efee9bb	DimensionU (formerly Tabula Digita)	DimensionUGames
talkfree,08ea75d0b39da8eeca1e9129c7db1c2d	TalkFree	talkfree
talktalk,08ea75d0b39da8eeca1e9129c7dbc61a	TalkTalk	TalkTalkTips
techcfo,08ea75d0b39da8eeca1e9129c7eced13	TechCXO	TechCXO
techmedianetwork,08ea75d0b39da8eeca1e9129c7ee844e	TechMediaNetwork	TMN_TechMedia
techome-web-development,08ea75d0b39da8eeca1e9129c7f15926	TecHome Web Development	techomechina
techreviewsource,08ea75d0b39da8eeca1e9129c7f21291	TechReviewSource	TechSource
terasic-technologies,907373444553d8ee3bfe8778cd02981c	Terasic Technologies	Terasic_FPGA
terra-civil,907373444553d8ee3bfe8778cd03a637	Terra Civil	TerraCivil
terracota,907373444553d8ee3bfe8778cd03ffd2	Terracotta	TerracottaTech
the-african-store,907373444553d8ee3bfe8778cd0c55f8	The African Store	theafricanstore
the-big-domain,907373444553d8ee3bfe8778cd0dafbd	The Big Domain	thebigdomain
the-design-people-creative-outsourcing-division,907373444553d8ee3bfe8778cd12dee3	The Design People - Web Outsourcing Services	TheDesignPeople
the-green-head,907373444553d8ee3bfe8778cd17344b	The Green Head	thegreenhead
the-little-app-factory,907373444553d8ee3bfe8778cd1b2c16	The Little App Factory	johndevor
the-rights-workshop,907373444553d8ee3bfe8778cd225d10	The Rights Workshop	rightsworkshop
the-seed-studio,907373444553d8ee3bfe8778cd235f1a	The Seed Studio	the_seed_studio
the-web-shoppe,907373444553d8ee3bfe8778cd284bc9	The Web Shoppe	thewebshoppe
the-young-turks,907373444553d8ee3bfe8778cd29549a	The Young Turks	theyoungturks
theseoportal,907373444553d8ee3bfe8778cd30838a	TheSEOPortal	theseoportal
thesignchef-com,907373444553d8ee3bfe8778cd309cc9	TheSignChef.com	TheSignChef
thetus-corporation,907373444553d8ee3bfe8778cd315c9c	Thetus Corporation	THETUSCORP
thought-equity-motion,08ea75d0b39da8eeca1e9129c7d218df	T3Media	T3Media_Inc
thoughtbot,907373444553d8ee3bfe8778cd37e30d	thoughtbot	thoughtbot
thoughtbus,907373444553d8ee3bfe8778cd37f9f0	Thoughtbus	thoughtbus
thriftycomputer-com,907373444553d8ee3bfe8778cd3a35ee	Thriftycomputer.com	Thriftycomp
ticketleap,907373444553d8ee3bfe8778cd3e43e5	TicketLeap	ticketleap
tigerspike,907373444553d8ee3bfe8778cd40e0a6	Tigerspike	tigerspike
tm-media,907373444553d8ee3bfe8778cd4a4ffb	TM Media	tim8155
tm-one,907373444553d8ee3bfe8778cd4a5483	TM one	TMone
toa-technologies,907373444553d8ee3bfe8778cd4b7f71	TOA Technologies	toatech
tocoy-tungsten-co-ltd,'907373444553d8ee3bfe8778cd4bae26	Tocoy Tungsten Co., Ltd	tocoytungsten'
topcmm-software-corp,907373444553d8ee3bfe8778cd525d38	TopCMM Software Corp.	123flashchat
toro-holidays,907373444553d8ee3bfe8778cd54f9d3	Toro Holidays	toroholidays
transcription-wave-inc,907373444553d8ee3bfe8778cd65450f	Transcription wave Inc	transcriptwave
transcriptionlive,907373444553d8ee3bfe8778cd655480	Transcriptionlive	cybosys
transcriptionwave-inc,907373444553d8ee3bfe8778cd6575a1	Transcriptionwave Inc	transcriptwave
transparent,907373444553d8ee3bfe8778cd67afd5	Transparent 	Mind_Update
travelhouseuk,907373444553d8ee3bfe8778cd6a6cd8	Travelhouseuk	Travelhouseuk
trellia-networks,907373444553d8ee3bfe8778cd6e213c	Trellia Networks	trellianetworks
tribold,907373444553d8ee3bfe8778cd72bba2	Tribold	triboldEPM
trigon-technology-group,907373444553d8ee3bfe8778cd73bfed	Trigon Technology Group	TrigonIT
tristit,907373444553d8ee3bfe8778cd795f0b	Tristit	tristit
trueshare,907373444553d8ee3bfe8778cd7db3a5	TrueShare	trueshare
tsevo,907373444553d8ee3bfe8778cd81bbe3	TSEVO	tsevohouston
tshwanedje,907373444553d8ee3bfe8778cd81d1da	TshwaneDJe	tshwanedje
tsohost,907373444553d8ee3bfe8778cd820dc7	Tsohost	tsohost
tvblob-s-r-l,907373444553d8ee3bfe8778cd89b463	TVBLOB	tvblob
ubequity,907373444553d8ee3bfe8778cd9b0ba3	Ubequity	ubequity
unitesting-software-testing,907373444553d8ee3bfe8778cdac2b19	UniTesting Software Testing	unitestingchina
untangle,907373444553d8ee3bfe8778cdb1966e	Untangle	untangle_inc
uqqn,907373444553d8ee3bfe8778cdb7097f	uQQn	uQQn_com
usedeverywhere-com,907373444553d8ee3bfe8778cdbcb051	UsedEverywhere.com	usedeverywhere
uship,907373444553d8ee3bfe8778cdbe465b	uShip	uShip
velocity-technology-solutions,907373444553d8ee3bfe8778cdd114be	Velocity Technology Solutions	velocity_inc
verafin,907373444553d8ee3bfe8778cdd70d04	Verafin	Verafin
verax-systems,907373444553d8ee3bfe8778cdd77433	Verax Systems	VeraxSystems
vertive,907373444553d8ee3bfe8778cdddc7b8	Vertive (Offers.com)	offers
victory-visions-software-development,907373444553d8ee3bfe8778cde441c1	Victory Visions Software Development	victoryvisionsc
vigitrust,907373444553d8ee3bfe8778cdea3d3c	Vigitrust	VigiTrust
vindicia,907373444553d8ee3bfe8778cdec20d0	Vindicia	vindicia
vinovas,907373444553d8ee3bfe8778cdecad3d	Vinovas	VinovasArt
vip-realty,907373444553d8ee3bfe8778cdedba83	VIP Realty	viprealty
vizualtech,907373444553d8ee3bfe8778cdfde316	Vizualtech	seocompanymiami
voice123,40effe5288e80a75577c6fc058017757	Voice123	voice123
vss-monitoring,40effe5288e80a75577c6fc0580a2e6e	VSS Monitoring	vssmonitoring
waleg,40effe5288e80a75577c6fc0580fac9e	Waleg	waleg
wavemetrix,40effe5288e80a75577c6fc05817ff8d	WaveMetrix	wavemetrix
webasyst,40effe5288e80a75577c6fc058211996	WebAsyst	webasyst
webgravity,40effe5288e80a75577c6fc05824afca	WebGravity	webgravityusa
webligo,40effe5288e80a75577c6fc058261a1e	Webligo Developments	webligo
webnoxs-technologies,40effe5288e80a75577c6fc05827e02c	Webnoxs Technologies	webnoxs
weddingmuseum-com,40effe5288e80a75577c6fc0582d57d6	WeddingMuseum.com	weddingmuseum
welz-and-weisel-communications,40effe5288e80a75577c6fc05832ea67	Welz and Weisel Communications	W2Comm
wharfside-seafood-grille,40effe5288e80a75577c6fc058371632	Wharfside Seafood Grille	wharfside
winshuttle,40effe5288e80a75577c6fc0584a7a62	Winshuttle	winshuttle
witech,40effe5288e80a75577c6fc0584fe873	WiTech	WiTech_spa
wolfgang-s-vault,'40effe5288e80a75577c6fc05852a9f9	Wolfgang''s Vault	wolfgangsvault'
wondershare-software,40effe5288e80a75577c6fc05853c456	Wondershare Software	iCollage
wordpress,40effe5288e80a75577c6fc058567ba3	WordPress	WordPress
xignite,40effe5288e80a75577c6fc05870f4cd	Xignite	xignite
xpandforce,40effe5288e80a75577c6fc05874c38b	Xpandforce	xpandforce
younicycle,40effe5288e80a75577c6fc05888e49c	Younicycle	Cloudsville
your-hcg-beauty-essentials,40effe5288e80a75577c6fc0588998dc	Your Hcg Beauty Essentials 	BEAUTYESSENT
zemoga,40effe5288e80a75577c6fc0589922a8	Zemoga	zemoga
zenprise,40effe5288e80a75577c6fc0589aa634	Zenprise	zenprise_inc
zero-3-computers,40effe5288e80a75577c6fc0589c02cc	Zero 3 Computers	Zero3Computers
zion-educational-systems,40effe5288e80a75577c6fc058a27407	Zion Educational Systems	craigsrogers
zojax,40effe5288e80a75577c6fc058a69125	Zojax	zojax
