absara,5fae06029bbe793553b81c6aca09b357	Absara	absara
acclaro-inc,5fae06029bbe793553b81c6aca0f6fbe	Acclaro Inc.	acclaro_inc
accrue-performance-marketing-inc,5fae06029bbe793553b81c6aca10bd37	Accrue Performance Marketing	Accruing
acronis,5fae06029bbe793553b81c6aca15d047	Acronis	acronis
adforrm,5fae06029bbe793553b81c6aca24e79f	adform	adforminsider
admeta,5fae06029bbe793553b81c6aca2837ea	ADMETA	admetacompany
advanced-millennium-technologies,5fae06029bbe793553b81c6aca30271f	Advanced Millennium Technologies	amtindia
advantis-communications,5fae06029bbe793553b81c6aca31cdab	Advantis Communications	advantiscomm
advection-net-2,5fae06029bbe793553b81c6aca31f815	Advection.NET	advection
advicoach-2,5fae06029bbe793553b81c6aca33bf4a	AdviCoach	advicoach
advicoachmi-advicoach,5fae06029bbe793553b81c6aca33c901	AdviCoachMI AdviCoach	advicoach
adviso,5fae06029bbe793553b81c6aca33f872	Adviso	adviso
advisor-websites,5fae06029bbe793553b81c6aca341c12	Advisor Websites	advisorwebsite
affinitycircles,5fae06029bbe793553b81c6aca394681	Affinity Circles	incircle
affygility-solutions,5fae06029bbe793553b81c6aca3a731c	Affygility Solutions	affygility
afghans-network,5fae06029bbe793553b81c6aca3a828f	Afghans Network	afghansnetwork
aggrosoft,5fae06029bbe793553b81c6aca3eb6eb	Aggrosoft	aggrosoft
agilebio,5fae06029bbe793553b81c6aca3f9d13	AgileBio	agilebio
agility,5fae06029bbe793553b81c6aca40380e	Agility	AgilityCMS
air-astana-airlines,5fae06029bbe793553b81c6aca45236e	Air Astana Airlines	airastana
airtight-networks,5fae06029bbe793553b81c6aca481fb3	AirTight Networks	AirTightWIPS
al-amood-engineering,5fae06029bbe793553b81c6aca4ca17f	Al-Amood Engineering	alamood
altiria,5fae06029bbe793553b81c6aca6094a5	Altiria 	MarketingMovil
ambey-network-systems,5fae06029bbe793553b81c6aca65c6a9	Ambey Network Systems	viveklamba
anrews-media-group,5fae06029bbe793553b81c6aca77d155	AnrewS Media Group	netexecutive
anue-systems,5fae06029bbe793553b81c6aca7a2510	Anue Systems	anuesystems
anxa,5fae06029bbe793553b81c6aca7a6655	Anxa	AnxaTeam
anza-technology-network,5fae06029bbe793553b81c6aca7bf65d	ANZA Technology Network	anzatechnet
appriver,5fae06029bbe793553b81c6aca8afbe0	AppRiver	appriver
arcar-classic-cars-2,5fae06029bbe793553b81c6aca946424	ArCar Classic Cars	arcar
arocho-law-office,5fae06029bbe793553b81c6aca9b1db3	Arocho Law Office	arocholaw
arras-people,5fae06029bbe793553b81c6aca9bac02	Arras People	projectmgmt
articulate,5fae06029bbe793553b81c6aca9f2d28	Articulate	articulate
artisans-of-colorado,5fae06029bbe793553b81c6aca9fce27	Artisans Of Colorado	artofcolorado
artsgraphica,5fae06029bbe793553b81c6acaa10ed1	Artsgraphica	artsgraphica
aspose,5fae06029bbe793553b81c6acaa8bd56	Aspose	Aspose
astra-info-systems,5fae06029bbe793553b81c6acaac03c4	Astra Info Systems	astrainfosystem
atss,5fae06029bbe793553b81c6acab4b75f	ATSS	activenanda
audyssey,5fae06029bbe793553b81c6acab9b6a3	Audyssey	audyssey
australia-souvenir-gift-shop,5fae06029bbe793553b81c6acabbf6e9	Australia Souvenir Gift Shop	australiagift
avgn-systems,5fae06029bbe793553b81c6acac67472	AVGN Systems	avgnsystems
awareity,5fae06029bbe793553b81c6acac965ae	Awareity	Awareity
awem,5fae06029bbe793553b81c6acac9cc36	Awem	awem
axure-rp,5fae06029bbe793553b81c6acaccf632	Axure Software Solutions	axurerp
azul-systems,5fae06029bbe793553b81c6acacf51e3	Azul Systems	AzulSystems
b2b-sales-generation,5fae06029bbe793553b81c6acad0e7d8	B2B Sales Generation	connecteffects
badministration-web-marketing,5fae06029bbe793553b81c6acad5efc5	bAdministration Web Marketing	richkaminski
baltix,5fae06029bbe793553b81c6acad8d4f5	Baltix	baltix
banzai-labs,5fae06029bbe793553b81c6acadc6034	Banzai Labs	banzailabs
batteryfuel,5fae06029bbe793553b81c6acae1656a	BatteryFuel	batteryfuel
bayberry-consulting,5fae06029bbe793553b81c6acae23ec8	Bayberry Consulting	bayberryconsult
begun,5fae06029bbe793553b81c6acaec89d8	Begun	begun_ru
bend-oregon-real-estate,5fae06029bbe793553b81c6acaf066fe	Bend Oregon Real Estate	BendOregonHomes
beriltech,5fae06029bbe793553b81c6acaf26b0e	BerilTech	beriltech
bigoven,fb79c1faa23e6537889b8b58ca024d72	BigOven	bigoven
biomatik-corporation,fb79c1faa23e6537889b8b58ca09a07c	Biomatik Corporation	biomatikcorp
blaser-consulting,fb79c1faa23e6537889b8b58ca18a188	Blaser Consulting	blaserwebdesign
bloodbanker,fb79c1faa23e6537889b8b58ca202f3a	BloodBanker	blooddonation
bmi-gaming,fb79c1faa23e6537889b8b58ca2b1138	BMI Gaming	BMIGamingDotCom
bordeaux-wine-company,fb79c1faa23e6537889b8b58ca37a461	Bordeaux Wine Company	bordeauxwineco
brainglass,fb79c1faa23e6537889b8b58ca3e7fd5	Brainglass	brainglass
brammo,fb79c1faa23e6537889b8b58ca40197a	Brammo	BrammoSays
brighttalk,fb79c1faa23e6537889b8b58ca4a80cb	BrightTALK	brighttalk
bronto-software,fb79c1faa23e6537889b8b58ca4fd61a	Bronto Software	bronto
brothersoft,fb79c1faa23e6537889b8b58ca5090b6	Brothersoft	Brothersoft
bullguard,fb79c1faa23e6537889b8b58ca593948	BullGuard	BullGuard_IS
business-vision,fb79c1faa23e6537889b8b58ca65be8f	BVision	business_vision
cables4computer,fb79c1faa23e6537889b8b58ca6b251c	Cables4computer	Cables4computer
cadence-marketing,fb79c1faa23e6537889b8b58ca6c59ac	Cadence Marketing	cadencemarket
calcey-technologies,fb79c1faa23e6537889b8b58ca6e644b	Calcey Technologies	calcey
candrugstore,fb79c1faa23e6537889b8b58ca78c52f	CanDrugStore	candrugstore
capturix,fb79c1faa23e6537889b8b58ca7ecd82	CAPTURIX	capturix
carries-kiddie-closet,fb79c1faa23e6537889b8b58ca887c5e	Carries Kiddie Closet	notecardgirl
cashone,fb79c1faa23e6537889b8b58ca8c7568	CashOne	paydayloanutah
castle-ink-cartridges-phoenix,fb79c1faa23e6537889b8b58ca8d9f83	Castle Ink Cartridges - Phoenix	castle_ink
cataphora,fb79c1faa23e6537889b8b58ca8f0bb7	Cataphora	Cataphora
celltrade,fb79c1faa23e6537889b8b58ca9874af	Celltradeusa	celltradeusa
centerspace-software,fb79c1faa23e6537889b8b58ca9b3958	CenterSpace Software	centerspacesoft
centrexit,fb79c1faa23e6537889b8b58ca9cd70e	centrexIT	centrexIT
chapter-eight,fb79c1faa23e6537889b8b58caa52db3	Chapter Eight	chaptereightweb
chariot-solutions,fb79c1faa23e6537889b8b58caa593d5	Chariot Solutions	chariotsolution
cheapestees-com,fb79c1faa23e6537889b8b58caa99b04	CheapesTees.com	cheapestees
checkbox-inc-votos,fb79c1faa23e6537889b8b58caaabaa7	Checkbox Survey Solutions	checkbox
china-jiaohui-fiberglass-furniture-factory,fb79c1faa23e6537889b8b58cab08a5b	China Jiaohui Fiberglass Furniture Factory	chair2000
chris-graham-mastering,fb79c1faa23e6537889b8b58cab423d8	Chris Graham Mastering	_chris_graham_
chrissoon-real-estate-international,fb79c1faa23e6537889b8b58cab44fe3	Chrissoon Real Estate International	chrissoonhomes
cht-global,fb79c1faa23e6537889b8b58cab5db44	CHT Global	chtglobal
ciklum,fb79c1faa23e6537889b8b58cab86e7b	Ciklum	Ciklum
cinas-technologies,fb79c1faa23e6537889b8b58cab8e33b	Cinas Technologies	cinastech
citixsys,fb79c1faa23e6537889b8b58cabe00bd	CitiXsys	citixsys
city-network-hosting,fb79c1faa23e6537889b8b58cabf2186	City Network Hosting	citynetwork
claimforce,fb79c1faa23e6537889b8b58cac2db09	ClaimForce	thinkclaims
classic-informatics,fb79c1faa23e6537889b8b58cac5e4a4	Classic Informatics	classicinfo
cmed-technology,fb79c1faa23e6537889b8b58cadd5ca6	Cmed Technology	cmed_technology
coban-technologies,fb79c1faa23e6537889b8b58cae05caf	COBAN Technologies	cobantechinc
code-amber-news-service,fb79c1faa23e6537889b8b58cae1f8a0	Code Amber News Service	CodeAmber
concept-searching,fb79c1faa23e6537889b8b58cafee69e	Concept Searching	conceptsearch
conosco,c61e6a5dd61ef3ac28d02c864e068a13	Conosco	bengladstone
coolstreak-cartoons,907373444553d8ee3bfe8778cd4fd6b4	Toon Doctor	ToonDoctor
corematrix-systems,c61e6a5dd61ef3ac28d02c864e1649ce	CoreMatrix Systems	corematrix
cornish-webservices,c61e6a5dd61ef3ac28d02c864e1859db	Cornish WebServices	cornishweb
counterbooks,c61e6a5dd61ef3ac28d02c864e1cd470	CounterBooks	CounterBooks
counterpath,c61e6a5dd61ef3ac28d02c864e1cd9ad	CounterPath Corporation	CounterPath
countersoft,c61e6a5dd61ef3ac28d02c864e1ce770	Countersoft	countersoft
couponfan,c61e6a5dd61ef3ac28d02c864e1e00e9	Couponfan	couponfan_com
cozydays,c61e6a5dd61ef3ac28d02c864e226249	CozyDays	CozyDaysSocial
creabilis-toulouse,c61e6a5dd61ef3ac28d02c864e267858	Creabilis Toulouse	Creabilis_Tlse
credit-aid-software,c61e6a5dd61ef3ac28d02c864e2b0f53	Credit-Aid: Credit Repair Software	creditaid
crescendo-networks,c61e6a5dd61ef3ac28d02c864e2c06d6	Crescendo Networks	CrescendoNtwrks
crmnext,c61e6a5dd61ef3ac28d02c864e2f6970	CRMnext	crmnext
cyclus-id,c61e6a5dd61ef3ac28d02c864e44d85b	Cyclus ID	cyclusid
d-zigns-enterprise-solutions,c61e6a5dd61ef3ac28d02c864e48c3fb	D.zigns Enterprise Solutions	dzigner
d-zigns-enterprise-solutions,c61e6a5dd61ef3ac28d02c864ebc49fd	D.zigns Enterprise Solutions	dzigner
darkstar-communications,c61e6a5dd61ef3ac28d02c864e50913a	DarkStar Communications	ventrilo
darkstar-communications,c61e6a5dd61ef3ac28d02c864ec424af	DarkStar Communications	ventrilo
dataracks,c61e6a5dd61ef3ac28d02c864e56279f	Dataracks	Dataracks
dataracks,c61e6a5dd61ef3ac28d02c864ec9d7dc	Dataracks	Dataracks
days-of-wonder,c61e6a5dd61ef3ac28d02c864e5b975e	Days of Wonder	days_of_wonder
days-of-wonder,c61e6a5dd61ef3ac28d02c864ecf3602	Days of Wonder	days_of_wonder
decaldriveway,c61e6a5dd61ef3ac28d02c864e654d42	DecalDriveway	decaldriveway
decaldriveway,c61e6a5dd61ef3ac28d02c864ed88829	DecalDriveway	decaldriveway
deep-shift-labs,c61e6a5dd61ef3ac28d02c864e67cfd7	Deep Shift Labs	deepshiftlabs
deep-shift-labs,c61e6a5dd61ef3ac28d02c864edae57b	Deep Shift Labs	deepshiftlabs
definedlogic,c61e6a5dd61ef3ac28d02c864e6871b6	DefinedLogic	definedlogicllc
definedlogic,c61e6a5dd61ef3ac28d02c864edbafb8	DefinedLogic	definedlogicllc
demand-chain-systems,c61e6a5dd61ef3ac28d02c864e6c4e6d	Demand Chain Systems	michaelparadis
demand-chain-systems,c61e6a5dd61ef3ac28d02c864edfb3c1	Demand Chain Systems	michaelparadis
demandlogix,c61e6a5dd61ef3ac28d02c864e6c7ca4	DemandLogix	demandlogix
demandlogix,c61e6a5dd61ef3ac28d02c864edfeb64	DemandLogix	demandlogix
demonz-media,c61e6a5dd61ef3ac28d02c864e6d9db4	Demonz Media	demonzmedia
demonz-media,c61e6a5dd61ef3ac28d02c864ee0d364	Demonz Media	demonzmedia
deperu-com,c61e6a5dd61ef3ac28d02c864e6f54ff	DePeru.com	deperucom
deperu-com,c61e6a5dd61ef3ac28d02c864ee2202a	DePeru.com	deperucom
design215,c61e6a5dd61ef3ac28d02c864e72dac7	Design215	rob215
design215,c61e6a5dd61ef3ac28d02c864ee55961	Design215	rob215
dicom-grid,c61e6a5dd61ef3ac28d02c864e7e2a48	DICOM Grid	DICOMgrid
dicom-grid,c61e6a5dd61ef3ac28d02c864ef11aae	DICOM Grid	DICOMgrid
diettv,c61e6a5dd61ef3ac28d02c864e7e9cfb	Diet TV	diettv
diettv,c61e6a5dd61ef3ac28d02c864ef1a01e	Diet TV	diettv
digital-clarity,c61e6a5dd61ef3ac28d02c864e823b9d	Digital Clarity	digitalclarity
digital-clarity,c61e6a5dd61ef3ac28d02c864ef58aab	Digital Clarity	digitalclarity
digital-folio,c61e6a5dd61ef3ac28d02c864e83007b	Digital Folio	DigitalFolio
digital-folio,c61e6a5dd61ef3ac28d02c864ef69511	Digital Folio	DigitalFolio
digital-storm,c61e6a5dd61ef3ac28d02c864e869d90	Digital Storm	digitalstormpc
digital-storm,c61e6a5dd61ef3ac28d02c864efa7fd1	Digital Storm	digitalstormpc
docassist-2,4b9962595d7ff850d591b39c000d9285	docAssist	docassist
docassist-2,c61e6a5dd61ef3ac28d02c864e995b74	docAssist	docassist
dotbrilliance,4b9962595d7ff850d591b39c00192e74	dotBrilliance	fabdrol
dotbrilliance,c61e6a5dd61ef3ac28d02c864ea47964	dotBrilliance	fabdrol
dreampod,4b9962595d7ff850d591b39c00209c2f	Dreampod	dreampod
dreampod,c61e6a5dd61ef3ac28d02c864eac1f97	Dreampod	dreampod
driver-technology-consulting-llc,'4b9962595d7ff850d591b39c00234292	Driver Technology Consulting, LLC	morrisdriver'
driver-technology-consulting-llc,'c61e6a5dd61ef3ac28d02c864eaefa32	Driver Technology Consulting, LLC	morrisdriver'
dynamic-interactive,4b9962595d7ff850d591b39c002da9e3	Dynamic Interactive	dynamicic
dynamic-interactive,c61e6a5dd61ef3ac28d02c864eb97171	Dynamic Interactive	dynamicic
dynasec,4b9962595d7ff850d591b39c00393ce5	easy2comply (Dynasec)	easy2comply
e2-solutions,4b9962595d7ff850d591b39c00346e25	E2 Solutions	E2_Solutions
e3-software,4b9962595d7ff850d591b39c0034a315	e3 Software	directmailmac
easy-explain-video-2,4b9962595d7ff850d591b39c0038a2d6	Easy Explain Video	easyexplain
ecom-access,4b9962595d7ff850d591b39c0043f4b3	Ecom Access	ecomaccess
edison-software-development-centre,4b9962595d7ff850d591b39c00499607	EDISON Software Development Centre	edsdru
educationcrossing,4b9962595d7ff850d591b39c004be277	EducationCrossing	EducationXing
elevation-web,4b9962595d7ff850d591b39c005b3010	Elevation web	elevationgroup
eluminous-technologies,4b9962595d7ff850d591b39c005eadf1	eLuminous Technologies	eluminoustech
emaxglobal,4b9962595d7ff850d591b39c0060bb05	Emaxglobal Uk Ltd	emaxglobal
emcien,4b9962595d7ff850d591b39c00626b02	Emcien	emciennews
emeteclass,4b9962595d7ff850d591b39c00648be4	Emeteclass	emeteclass
endeavour-software,4b9962595d7ff850d591b39c006bdec6	Endeavour Software Technologies	mobilitycompany
engine-digital-inc,4b9962595d7ff850d591b39c0070379c	Engine Digital Inc.	enginedigital
eonic,4b9962595d7ff850d591b39c007bbfce	EonicWeb	eonicweb
epoque-hotels,4b9962595d7ff850d591b39c007f2ccf	Epoque Hotels	epoquehotels
eroi-inc,4b9962595d7ff850d591b39c0084c000	eROI	eroi
etna-software,4b9962595d7ff850d591b39c008d4ba5	ETNA Software	etnasoft
etx-capital,4b9962595d7ff850d591b39c008e554a	ETX Capital	etxcapital
eurodns,4b9962595d7ff850d591b39c008f87bb	EuroDNS	EuroDNS
everbridge,4b9962595d7ff850d591b39c0095ce84	Everbridge	everbridge
everyscape,4b9962595d7ff850d591b39c0097fa09	EveryScape	EscapeBoston
exclusive-resorts,4b9962595d7ff850d591b39c00a0149a	Exclusive Resorts	ExclusiveResrts
execonnect,4b9962595d7ff850d591b39c00a04f42	ExeConnect	execonnect
fanbox,4b9962595d7ff850d591b39c00b5e071	FanBox	daleyne
fansoft-media,4b9962595d7ff850d591b39c00b7c75a	Fansoft Media	fansoftmedia
fast-repair-llc,4b9962595d7ff850d591b39c00bca96c	Fast Repair LLC	fast_repair
fathom-seo-search-engine-optimization,4b9962595d7ff850d591b39c00beb701	Fathom	fathomonline
feed-me-links,4b9962595d7ff850d591b39c00c21e77	Feed Me Links	REALfeedmelinks
ferias-espanha,4b9962595d7ff850d591b39c00c57867	Ferias Espanha	ferias_espanha
fidelus-technologies,4b9962595d7ff850d591b39c00c9147e	Fidelus Technologies	fidelustech
flabber,4b9962595d7ff850d591b39c00de97fe	Flabber	flabber
flexus-group,4b9962595d7ff850d591b39c00e340bf	Flexus Group	Flexus_Group
fli-digital,4b9962595d7ff850d591b39c00e34349	Fli Digital	flidigital
flower-station,4b9962595d7ff850d591b39c00e8854b	Flower Station	flowerstationuk
fnbox-2,4b9962595d7ff850d591b39c00eca51f	Fnbox	fnbox
foolproof-group,4b9962595d7ff850d591b39c00f2c01b	Foolproof Group	Foolproof_UX
fotovergelijk,4b9962595d7ff850d591b39c00fa8d17	Fotovergelijk	fotovergelijk
freedom-partners,bb00443be334273f59d3ef19d103adca	Freedom + Partners	FplusP
g-r-infosys,bb00443be334273f59d3ef19d11ba9ec	G.R.infosys	grinfosys
gamefly,bb00443be334273f59d3ef19d1222af1	GameFly	GameFlyInc
gavin-rozzi-technology,bb00443be334273f59d3ef19d129f9ac	Gavin Rozzi Technology	TechCentralBlog
geeks-on-site,bb00443be334273f59d3ef19d12ebc8a	Geeks On Site	GeeksOnSite
gehry-technologies,bb00443be334273f59d3ef19d12f7864	Gehry Technologies	gehrytechnology
getaway-packages,bb00443be334273f59d3ef19d13bccfa	Getaway Packages	getawaypackages
ggo,c61e6a5dd61ef3ac28d02c864e873ec5	Digital WarRoom	digitalwarroom
ggo,c61e6a5dd61ef3ac28d02c864efb2a75	Digital WarRoom	digitalwarroom
glam-2,bb00443be334273f59d3ef19d1495cc2	Glam .fr France	arnaudfischer
glide-interactive,bb00443be334273f59d3ef19d14b4517	Glide Interactive	Glideint
global-bay-mobile,bb00443be334273f59d3ef19d14c6d9a	Global Bay Mobile	globalbay
goanywhere-mft,bb00443be334273f59d3ef19d1595da2	GoAnywhere MFT	GoAnywhereMFT
gold-lasso,bb00443be334273f59d3ef19d15ccf87	Gold Lasso	goldlasso
goldfire-studios,bb00443be334273f59d3ef19d15d8a17	GoldFire Studios	GoldFireStudios
goldstar,bb00443be334273f59d3ef19d15ded5f	Goldstar	goldstar
golftoimpress,bb00443be334273f59d3ef19d15ec31d	GolfToImpress	tourspecgolf
gravity-informatics,bb00443be334273f59d3ef19d17099ec	Gravity Informatics	gipl_services
gravity-informatics-pvt-ltd,bb00443be334273f59d3ef19d1709ad7	Gravity Informatics Pvt Ltd	gipl_services
grovesite,bb00443be334273f59d3ef19d1817a62	GroveSite	GroveSite
guardianedge-technologies,bb00443be334273f59d3ef19d1868906	GuardianEdge Technologies	guardianedge
guru-careers,bb00443be334273f59d3ef19d18abdd5	Guru Careers	gurucareers
harvest-realty,bb00443be334273f59d3ef19d198ccf1	Harvest Realty	Sunshine
hay-meadows-seo,bb00443be334273f59d3ef19d19bb519	Hay Meadows SEO	HayMeadows
hayneedle,bb00443be334273f59d3ef19d19beaff	Hayneedle	hayneedle
health-products-for-you,bb00443be334273f59d3ef19d19f537a	HEALTH PRODUCTS FOR YOU	hpfy
hedgeco,bb00443be334273f59d3ef19d1a48ed3	HedgeCo	hedge_funds
heraty-law,bb00443be334273f59d3ef19d1aa7cc9	Heraty Law	Heratylaw
hip-hop-handbook,bb00443be334273f59d3ef19d1b33e6a	Hip-Hop Handbook	hiphophandbook
hispazone,bb00443be334273f59d3ef19d1b61927	HispaZone	hispazone
hlw-software-development,bb00443be334273f59d3ef19d1b906db	HLW Software Development	itapmobile
hongkong-yejian-technologies,bb00443be334273f59d3ef19d1c07415	hongkong yejian technologies	karenluo87
hoodywood-records,bb00443be334273f59d3ef19d1c0c17b	HOODYWOOD RECORDS	HOODYWOOD
hostgator,bb00443be334273f59d3ef19d1c4a831	HostGator	hostgator
hostmycalls,bb00443be334273f59d3ef19d1c5201d	HostMyCalls	hostmycalls
hr-logistics,bb00443be334273f59d3ef19d1cc66a0	HR Logistics	KristieEvansHRL
hrm-consulting,bb00443be334273f59d3ef19d1ccb762	HRM CONSULTING	hrmconsulting
hub-culture,bb00443be334273f59d3ef19d1d07482	Hub Culture	hubculture
huongviet-travel,bb00443be334273f59d3ef19d1d564a5	Huongviet Travel	huongviet
hurrah,bb00443be334273f59d3ef19d1d58853	Hurrah	maxbosi
hydrix,bb00443be334273f59d3ef19d1d75cba	Hydrix	innovation9
i6net,bb00443be334273f59d3ef19d1de9813	I6NET	i6net
ideafarms,bb00443be334273f59d3ef19d1eb2b75	Ideafarms	ideafarms
iisa,bb00443be334273f59d3ef19d1f696ff	iiSA	iisatech
ima,bb00443be334273f59d3ef19d1fa6ab2	IMA	IMA_live
importmyvehicle-com,597e595b22c7371d2769eb1fa0040e5c	ImportMyVehicle.com	roush_uk
in-motion-technology,597e595b22c7371d2769eb1fa0066453	In Motion Technology	inmotion_tech
inbox-marketer,597e595b22c7371d2769eb1fa0080a4a	Inbox Marketer	Inbox_Marketer
indigo-clothing,597e595b22c7371d2769eb1fa00e8e81	Indigo Clothing	indigo
inetgiant,597e595b22c7371d2769eb1fa011c4b0	iNetGiant	iNetGiant
infrenion-networks,597e595b22c7371d2769eb1fa01baa3c	Infrenion Networks	infrenion
innerworkings,597e595b22c7371d2769eb1fa0211358	InnerWorkings	innerworkings
inovia,597e595b22c7371d2769eb1fa025eaee	inovia	inoviaIP
insigno-quipment-technologies,597e595b22c7371d2769eb1fa0298df1	Insigno Quipment Technologies	insignoquipment
integrigy,597e595b22c7371d2769eb1fa0318e34	Integrigy	Integrigy
integromics,597e595b22c7371d2769eb1fa031c1d4	Integromics	Integromics
intellitrack,597e595b22c7371d2769eb1fa035879f	IntelliTrack	intellitrack
intergraphicdesigns,597e595b22c7371d2769eb1fa039937a	InterGraphicDESIGNS	igdonline
internetvista,597e595b22c7371d2769eb1fa03eb2d6	InternetVista	internetvista
internetware-limited,597e595b22c7371d2769eb1fa03ebeaf	Internetware Limited	internetware
interoute,597e595b22c7371d2769eb1fa03f4cb8	Interoute	Interoute
intraworlds,597e595b22c7371d2769eb1fa0435e14	IntraWorlds	intraworlds
intuilab-2,597e595b22c7371d2769eb1fa044bc9e	IntuiLab	intuilab
inventables,597e595b22c7371d2769eb1fa0461318	Inventables	inventables
ionic-media,597e595b22c7371d2769eb1fa04cc352	Ionic Media	IonicMediaGroup
iqnomy-liquid-internet,597e595b22c7371d2769eb1fa053933a	IQNOMY Liquid Internet	iqnomy
iquate,597e595b22c7371d2769eb1fa053d6f0	iQuate	iQuate
ispring-solutions-inc,'597e595b22c7371d2769eb1fa05ad2f9	iSpring Solutions, Inc	iSpringPro'
ivexe,597e595b22c7371d2769eb1fa064d223	Ivexe	ivexe
ixaris,597e595b22c7371d2769eb1fa066f0c9	Ixaris Systems	Ixaris
izenda,597e595b22c7371d2769eb1fa067bede	Izenda	Izenda
jahia,597e595b22c7371d2769eb1fa06c07c2	Jahia	jahia
jawaan,597e595b22c7371d2769eb1fa06fd797	Jawaan	rajajang
jd-tangney-and-associates,597e595b22c7371d2769eb1fa0719d4f	JD Tangney and Associates	jdtangney
jedox,597e595b22c7371d2769eb1fa071fa21	Jedox	InsidePalo
keengardener-ltd,597e595b22c7371d2769eb1fa09afad4	Keengardener Ltd	keengardener
kent-house,597e595b22c7371d2769eb1fa09e2788	Kent House	kenthouse
kinoma,597e595b22c7371d2769eb1fa0a9cb2d	Kinoma	Kinoma
klr-communications,597e595b22c7371d2769eb1fa0aef141	KLR Communications	kelly_reeves
kurtosys,597e595b22c7371d2769eb1fa0c058ea	Kurtosys	kurtosysUK
laisy-koseoglu-day-tuk-mal-san-tic,597e595b22c7371d2769eb1fa0c890c8	Laisy Koseoglu Day. Tuk. Mal. San. Tic.	Laisykoseoglu
landsofamerica-com,597e595b22c7371d2769eb1fa0caf5a3	LandsofAmerica.com	saleslandsofam
last-fm,597e595b22c7371d2769eb1fa0ce91a8	Last.fm	lastfm
levelwing,597e595b22c7371d2769eb1fa0e3b17a	Levelwing	levelwing
linalis,597e595b22c7371d2769eb1fa0efe590	Linalis	Linalis
littlefish-it-support,597e595b22c7371d2769eb1fa0fb6f1f	Littlefish IT Support	it_support
liveadmins,597e595b22c7371d2769eb1fa0fcf64b	LiveAdmins	LiveAdmns
livechatsoftware,597e595b22c7371d2769eb1fa0fd9fa2	LIVECHAT Software	livechat
llamasoft,83097a0e1641e8eda5b5ac717e017501	LLamasoft	Llamasoft
lmgpr,83097a0e1641e8eda5b5ac717e01f29b	LMGPR	lmgpr
local-matters,83097a0e1641e8eda5b5ac717e03e37b	Local Matters	matterslocal
loglogic,83097a0e1641e8eda5b5ac717e0bcafa	LogLogic	loglogic
lotus-public-relations,83097a0e1641e8eda5b5ac717e133ce9	Lotus Public Relations	lotuspr
magmic,83097a0e1641e8eda5b5ac717e29f2e9	Magmic	magmic
mailup,83097a0e1641e8eda5b5ac717e2e5123	MailUp	mailup
majestic-research,83097a0e1641e8eda5b5ac717e2f671f	Majestic Research	MajesticRes
major-league-gaming,83097a0e1641e8eda5b5ac717e2fa43b	Major League Gaming	MLG
makemeheal-com,83097a0e1641e8eda5b5ac717e30d5ec	Makemeheal.com	makemeheal
manhunt,83097a0e1641e8eda5b5ac717e35b575	MANHUNT	manhuntnet
mantra-softech-pvt-ltd,83097a0e1641e8eda5b5ac717e37283d	Mantra Softech Pvt Ltd	mantratec
marketing-innovation-today,907373444553d8ee3bfe8778cd2400d4	The Social Mobile Web Business Conference	collegeofents
max-borges-agency,83097a0e1641e8eda5b5ac717e4a8d02	Max Borges Agency	maxborgesagency
maxonic,83097a0e1641e8eda5b5ac717e4c4571	Maxonic	maxonicinc
mediacor-solutions,83097a0e1641e8eda5b5ac717e591437	Mediacor Solutions	akivabeebe
medium,83097a0e1641e8eda5b5ac717e5e811e	medium	twit_medium
meetup,83097a0e1641e8eda5b5ac717e623931	Meetup	Meetup
memento,83097a0e1641e8eda5b5ac717e663dbc	Memento	BankFraudForum
memjet-technology,83097a0e1641e8eda5b5ac717e668e4c	Memjet 	memjet
mesotheliomasymptoms,83097a0e1641e8eda5b5ac717e6e8b6f	MesotheliomaSymptoms	MesoSymptoms
michael-martin-agency-2,83097a0e1641e8eda5b5ac717e77e918	Michael Martin Agency	mmagency
microlifeline,83097a0e1641e8eda5b5ac717e7a26d3	MICROLIFELINE	microlifeline
mindgrub-technologies,83097a0e1641e8eda5b5ac717e8570ac	Mindgrub Technologies 	mindgrub
mindshare-learning,83097a0e1641e8eda5b5ac717e865278	MindShare Learning	mindsharelearn
mobile-bridges-international,83097a0e1641e8eda5b5ac717e97dcfe	Mobile Bridges International	MobileBridges
modcloth,83097a0e1641e8eda5b5ac717ea2d443	ModCloth	modcloth
moraware,83097a0e1641e8eda5b5ac717eb2a79f	Moraware	moraware
morguefile,83097a0e1641e8eda5b5ac717eb38a2b	morguefile	morguefile_site
motorcycleszone,83097a0e1641e8eda5b5ac717eb7aa34	Motorcycleszone	Motorcycleszone
motostrano,83097a0e1641e8eda5b5ac717eb7f4d1	Motostrano	motostrano
mr-youth,83097a0e1641e8eda5b5ac717ec0165b	Mr. Youth	mryouth
mrcn-technology,83097a0e1641e8eda5b5ac717ec04b7d	MRCN Technology	mrcntechnology
muller-video-production,83097a0e1641e8eda5b5ac717ec56a48	Muller Video Production	KeithMuller1
my-evening-dress,83097a0e1641e8eda5b5ac717ece796e	My Evening Dress	myeveningdress
mythum-interactive,83097a0e1641e8eda5b5ac717ee08ac7	MyThum Interactive	mythum
n-ix,83097a0e1641e8eda5b5ac717ee39556	N-iX	N_iX
national-discount-merchant-services,83097a0e1641e8eda5b5ac717eed952a	National Discount Merchant Services	ndmscorp
nationwide-vehicle-contracts,83097a0e1641e8eda5b5ac717eef5dfb	Nationwide Vehicle Contracts	car_lease
naviance,83097a0e1641e8eda5b5ac717ef1b07f	Naviance	naviance
nex-g-exuberant-solutions,e054627bc6b1f1d8cb812cce4216a0be	Nex-G Exuberant Solutions	nexgespl
nimsoft,e054627bc6b1f1d8cb812cce4221dee0	Nimsoft	garynimsoft
nivel-siete,e054627bc6b1f1d8cb812cce4224b076	Nivel Siete	NivelSiete
nms-engineers-consultants,e054627bc6b1f1d8cb812cce422606c1	NMS ENGINEERS & CONSULTANTS	NMSENGINEERS
nonstopconsulting-international,e054627bc6b1f1d8cb812cce422ab8f7	nonstopConsulting International	nsCi_UK
nordic-edge,e054627bc6b1f1d8cb812cce422c35b9	Nordic Edge	nordicedge
nyc-doggies,e054627bc6b1f1d8cb812cce42406bb0	NYC Doggies	nycdoggies
ocz-technology,e054627bc6b1f1d8cb812cce42491ed1	OCZ Technology	OCZTechnology
one-com,e054627bc6b1f1d8cb812cce4259f378	One.com	onecom
one-way-marketing,e054627bc6b1f1d8cb812cce4259bd29	One Way Marketing	onewaymktg
onlive,e054627bc6b1f1d8cb812cce42619f22	OnLive	onlive
open-plug,e054627bc6b1f1d8cb812cce4269a5d3	Open-Plug	openplug
openfinance,e054627bc6b1f1d8cb812cce426b0319	Openfinance	openfinance
openjaw-technologies,e054627bc6b1f1d8cb812cce426b5a76	OpenJaw Technologies	OpenJawTech
opsource,e054627bc6b1f1d8cb812cce426ff599	OpSource	opsource
opswat,e054627bc6b1f1d8cb812cce42701e46	OPSWAT	opswat
orchard-hosting,e054627bc6b1f1d8cb812cce42771b69	Orchard Hosting	orchardhosting
our-crazy-deals,e054627bc6b1f1d8cb812cce427fb5b4	Our Crazy Deals	SeguraTrading
oxford-immunotec,e054627bc6b1f1d8cb812cce4286bf6d	Oxford Immunotec	TBDiagnosis
pagalguy,e054627bc6b1f1d8cb812cce428ca51d	PaGaLGuY	pagalguy
patientsafe-solutions,e054627bc6b1f1d8cb812cce42a09e1a	PatientSafe Solutions	PatientSafeSoln
patriot-software,e054627bc6b1f1d8cb812cce42a13895	Patriot Software	PatriotSoftware
payday-one,e054627bc6b1f1d8cb812cce42a3dd17	PayDay One	Paydayone
pctechbytes,e054627bc6b1f1d8cb812cce42a8a4f5	PCTechBytes	pctechbytes
people-onthego,e054627bc6b1f1d8cb812cce42b158dd	People-OnTheGo	pierrekhawand
perpetuum-software-llc,e054627bc6b1f1d8cb812cce42b8a82a	Perpetuum Software LLC	PerpetuumSoft
phase-2-international,e054627bc6b1f1d8cb812cce42beaeab	PHASE 2 International	phase2cloud
picscout,e054627bc6b1f1d8cb812cce42ca2856	PicScout	picscout
ping-identity-corporation,e054627bc6b1f1d8cb812cce42ceb858	Ping Identity Corporation	PingIdentity
pixelligent,e054627bc6b1f1d8cb812cce42d57225	Pixelligent 	pixelligent
plaxo,e054627bc6b1f1d8cb812cce42de6f90	Plaxo	plaxo
plimus,e054627bc6b1f1d8cb812cce42e443af	Plimus	plimusinc
pocketeers-limited,e054627bc6b1f1d8cb812cce42e84035	Pocketeers Limited	Print2App
podo-technology,e054627bc6b1f1d8cb812cce42e958cf	Podo Technology	patnickles
pollstream,e054627bc6b1f1d8cb812cce42ee1e9f	PollStream 	pollstream
porn-dvr,e054627bc6b1f1d8cb812cce42f2ff96	Porn DVR	PornDVR
posh-eyes,e054627bc6b1f1d8cb812cce42f4fcb0	Posh Eyes	posheyes
prenova,5885c8f942b2d53de0f9ff90e100e34d	Prenova	Prenova
primus-cable,5885c8f942b2d53de0f9ff90e1091ca5	Primus Cable	PrimusCable
princeton-public-speaking,5885c8f942b2d53de0f9ff90e1098661	Princeton Public Speaking	matt_eventoff
proactive-software,5885c8f942b2d53de0f9ff90e10e8367	ProActive Software	proworkflow
procpr,5885c8f942b2d53de0f9ff90e10fdd0a	ProCPR	procpr
projector-psa,5885c8f942b2d53de0f9ff90e115e46f	Projector PSA	ProjectorPSA
punchcut,5885c8f942b2d53de0f9ff90e127ab70	Punchcut	punchcut
qoppa-software,5885c8f942b2d53de0f9ff90e1327161	Qoppa Software	QoppaSusan
quadriga-consulting,5885c8f942b2d53de0f9ff90e134e2ea	Quadriga Consulting	JeffreyPeel
quickbeds,5885c8f942b2d53de0f9ff90e13c5f99	Quickbeds	quickbedscom
radiant-fire-systems-2,5885c8f942b2d53de0f9ff90e14602ef	Radiant Fire Systems	radiantfiresys
rainysunny-umbrella-factory,5885c8f942b2d53de0f9ff90e14aeef2	RainySunny Umbrella Factory	Davis
rally-software,5885c8f942b2d53de0f9ff90e14bee4d	Rally Software	rallysoftware
ramprate,5885c8f942b2d53de0f9ff90e14cdd63	RampRate Sourcing Advisors	rampratetony
readytalk,5885c8f942b2d53de0f9ff90e15a8b44	ReadyTalk	ReadyTalk
realeyes-3d,5885c8f942b2d53de0f9ff90e15c5bd0	Realeyes 3D	re3d
realvnc,5885c8f942b2d53de0f9ff90e15f10f3	RealVNC	RealVNC
recruiting-toolbox,5885c8f942b2d53de0f9ff90e1625608	Recruiting Toolbox	recruittoolbox
redman-technologies-inc,5885c8f942b2d53de0f9ff90e168c5aa	Redman Technologies	redmantech
rentabiliweb,5885c8f942b2d53de0f9ff90e176b3ca	Rentabiliweb Group	rentabiliweb
rentabiliweb-micro-paiement,5885c8f942b2d53de0f9ff90e176cb05	Rentabiliweb Micro-payment	micro_payment
rentalia-com,5885c8f942b2d53de0f9ff90e1773d15	Rentalia.com	rentalia
rescentris,5885c8f942b2d53de0f9ff90e17caf8d	Rescentris	rescentris
resolve-digital,5885c8f942b2d53de0f9ff90e17e7334	Resolve Digital	barryharrison
revionics,5885c8f942b2d53de0f9ff90e18661fe	Revionics	revionics
revolution-prep,5885c8f942b2d53de0f9ff90e18785e7	Revolution Prep	revolutionprep
rhino-house,5885c8f942b2d53de0f9ff90e18af226	Rhino House	rhinohouse
rhytha-web-solutions,5885c8f942b2d53de0f9ff90e18b9717	Rhytha Web Solutions	rhytha
right-networks,5885c8f942b2d53de0f9ff90e18e3292	Right Networks	RightNetworks
rise-creative-group,5885c8f942b2d53de0f9ff90e191d4c0	Rise Creative Group	risenet
riviera-partners,5885c8f942b2d53de0f9ff90e19463d2	Riviera Partners	RiviTeam
ro-innovation,5885c8f942b2d53de0f9ff90e1a5543b	RO|Innovation	jmooney
roadnarrows,5885c8f942b2d53de0f9ff90e19668cb	RoadNarrows	RoadNarrows
saashr-com,5885c8f942b2d53de0f9ff90e1aea9e4	SaaShr.com	SaaShr
safety-track,5885c8f942b2d53de0f9ff90e1b1bb91	Safety Track	safetytrack
sanare-technologies,5885c8f942b2d53de0f9ff90e1bbaa02	Sanare Technologies	sanare
sbl-graphics,5885c8f942b2d53de0f9ff90e1c5ffb2	SBL Graphics	sblgraphics
scada,5885c8f942b2d53de0f9ff90e1c63cee	Scada	scadacase
scooters-jungle,'5885c8f942b2d53de0f9ff90e1cea1b2	Scooter''s Jungle	scootersjungle'
sendlabs,5885c8f942b2d53de0f9ff90e1e65642	SendLabs	SendLabs
seo-internet-marketing,5885c8f942b2d53de0f9ff90e1edd635	SEO: Internet Marketing	seoexpectit
seomoz,5885c8f942b2d53de0f9ff90e1ee8a3f	SEOmoz	SEOmoz
seregon-solutions,5885c8f942b2d53de0f9ff90e1f0a4e4	Seregon Solutions	SeregonMap
shermans-travel,08ea75d0b39da8eeca1e9129c7001e5d	Shermans Travel Media	shermanstravel
shiftboard,08ea75d0b39da8eeca1e9129c7012c37	Shiftboard Online Scheduling	shiftboard
silverstorm,08ea75d0b39da8eeca1e9129c717ac3b	SilverStorm	rian07
site2you,08ea75d0b39da8eeca1e9129c72256c3	Site2You	site2you
sitevalley,08ea75d0b39da8eeca1e9129c72440f8	SiteValley	sitevalley
siteworx,08ea75d0b39da8eeca1e9129c7245836	Siteworx	siteworx
skild,08ea75d0b39da8eeca1e9129c727d84c	Skild	skild
skybox-security,08ea75d0b39da8eeca1e9129c72b9ad6	Skybox Security	skyboxsecurity
smarterservices,08ea75d0b39da8eeca1e9129c737c725	SmarterServices	SmarterServices
smartsimple-software,08ea75d0b39da8eeca1e9129c73996cd	SmartSimple Software	smartsimplesaas
sms-messaging,08ea75d0b39da8eeca1e9129c73d86b9	sms messaging	sgsmlnk
smugmug,08ea75d0b39da8eeca1e9129c73e40b6	SmugMug	smugmug
socialtext,08ea75d0b39da8eeca1e9129c74fb74c	Socialtext	Socialtext
socious,08ea75d0b39da8eeca1e9129c750d6e7	Socious	SociousSoftware
soloingles-com-internacional,08ea75d0b39da8eeca1e9129c75ba574	Soloingles.com Internacional 	soloenglish
sonos,08ea75d0b39da8eeca1e9129c761eee3	Sonos	Sonos
sopogy,08ea75d0b39da8eeca1e9129c763d131	Sopogy	sopogy
southpaw,08ea75d0b39da8eeca1e9129c7691b5a	Southpaw	PayMeWithPosts
spadac,08ea75d0b39da8eeca1e9129c76b211b	SPADAC	SPADAC
spinnakerpro,08ea75d0b39da8eeca1e9129c777478c	SpinnakerPro	spinnakerpro
spoke,08ea75d0b39da8eeca1e9129c77b6fca	Spoke	spokesoftware
springwise,08ea75d0b39da8eeca1e9129c782fcba	Springwise	springwise
sqlstream,08ea75d0b39da8eeca1e9129c785add4	SQLstream	SQLstream
starshine-academy-international-schools,08ea75d0b39da8eeca1e9129c78e9f92	StarShine Academy International Schools	__StarShine
steek-sa,08ea75d0b39da8eeca1e9129c7958fa1	Steek SA	steek
strongmail,08ea75d0b39da8eeca1e9129c7a6e5d0	StrongMail	strongmail
studystack,08ea75d0b39da8eeca1e9129c7aaaecb	StudyStack	studystack
stumbleupon,08ea75d0b39da8eeca1e9129c7aafdd1	StumbleUpon	stumbleupon
sublime-exile-recordings,08ea75d0b39da8eeca1e9129c7ad5733	Sublime Exile Recordings	sblmxlrcrdngs
sunidee,08ea75d0b39da8eeca1e9129c7b437cf	SunIdee	sunidee
surfpin,08ea75d0b39da8eeca1e9129c7bb9dc3	Surfpin	surfpin
swype,08ea75d0b39da8eeca1e9129c7c60a38	Swype	Swype
symphony-services,08ea75d0b39da8eeca1e9129c7c8eae1	Symphony Services	SymphonySV
tacit-knowledge,08ea75d0b39da8eeca1e9129c7d43981	Tacit Knowledge	tacitknowledge
tarsin-inc,08ea75d0b39da8eeca1e9129c7e27255	Tarsin Inc.	tarsininc
technology-leaders,08ea75d0b39da8eeca1e9129c7f06843	Technology Leaders	AEdwards_TL
technorati,08ea75d0b39da8eeca1e9129c7f0f121	Technorati	technorati
teehan-lax,08ea75d0b39da8eeca1e9129c7f4fcee	Teehan + Lax	teehanlax
telcobridges,08ea75d0b39da8eeca1e9129c7f8287b	TelcoBridges	telcobridges
telescope,08ea75d0b39da8eeca1e9129c7fb7cb3	Telescope	telescope_inc
templatemonster,08ea75d0b39da8eeca1e9129c7fedd92	TemplateMonster	truemonster
terapeak,907373444553d8ee3bfe8778cd026124	Terapeak	Terapeak
terranova-training,907373444553d8ee3bfe8778cd045dfe	Terranova Training	securityaware
tesla-purple-energy-plates,907373444553d8ee3bfe8778cd056b46	Tesla Purple Energy Plates	purpleenergy
textbooksrus-com,907373444553d8ee3bfe8778cd090294	TextbooksRus.com	TextbooksRus
tgfi-inc,'907373444553d8ee3bfe8778cd0a9023	TGFI, Inc.	tgfi'
the-bivium-group,907373444553d8ee3bfe8778cd0df54b	The Bivium Group	scottdunlop
the-flow-integrated-media-group,907373444553d8ee3bfe8778cd155b21	The Flow Integrated Media Group	theflowonline
the-frontier-group,907373444553d8ee3bfe8778cd15dfd7	The Frontier Group	frontiergroup
the-search-agency,907373444553d8ee3bfe8778cd232cfe	The Search Agency	TheSearchAgents
the-very-good-email-company,907373444553d8ee3bfe8778cd2773b5	The Very Good Email Company	VeryGoodEmailCo
the-working-group,907373444553d8ee3bfe8778cd290293	The Working Group	theworkinggroup
thru-inc,'907373444553d8ee3bfe8778cd3b2bc9	Thru, Inc.	ThruMFT'
ticket-liquidator,907373444553d8ee3bfe8778cd3d9d1f	Ticket Liquidator	tltickets
ticketnetwork,907373444553d8ee3bfe8778cd3e6a62	TicketNetwork	ticketnetwork
tienda-informatica-i7store,907373444553d8ee3bfe8778cd3fd2e6	Tienda Informatica i7store	i7store
tiki-wiki-cms-groupware,907373444553d8ee3bfe8778cd41da57	Tiki Wiki CMS Groupware	tikiwik
tioga-venture,907373444553d8ee3bfe8778cd470adc	Tioga Venture	tiogaventure
tire-rack-street-survival,907373444553d8ee3bfe8778cd48607f	Tire Rack Street Survival	Street_Survival
todays-futons-bed-covers-mattress-store,'907373444553d8ee3bfe8778cd4be08d	Today''s Futons	futonstore'
todd-chrisley-asset-management,907373444553d8ee3bfe8778cd4c0be1	Todd Chrisley Asset Management	toddchrisley
topseos,907373444553d8ee3bfe8778cd53a76c	topseos	_topseos_
topseos-com,907373444553d8ee3bfe8778cd53a834	topseos.com	_topseos_
topsy,907373444553d8ee3bfe8778cd53be0d	Topsy	topsy
toshiedo,907373444553d8ee3bfe8778cd557e11	Toshiedo	toshiedo
tourcms,907373444553d8ee3bfe8778cd5927cc	TourCMS	tourcms
traceworks,907373444553d8ee3bfe8778cd5ca1a9	TraceWorks	Traceworks
train-signal,907373444553d8ee3bfe8778cd635b54	Train Signal	TrainSignal
translation-source,907373444553d8ee3bfe8778cd66f876	Translation Source	translationsou
travellerspoint,907373444553d8ee3bfe8778cd6a9890	Travellerspoint	travellerspoint
trendsales,907373444553d8ee3bfe8778cd6f6dad	Trendsales	trendsales
triadex-card-mailers,907373444553d8ee3bfe8778cd70feac	Triadex Card Mailers	TriadexCardMail
tricycle,907373444553d8ee3bfe8778cd731465	Tricycle	tricycleinc
trilibis,907373444553d8ee3bfe8778cd73dd28	Trilibis	TrilibisMobile
tsunami-surf-shop-water-gear-superstore,907373444553d8ee3bfe8778cd82649b	Tsunami Surf Shop & Water Gear Superstore	buysurfboard
tunein-inc,907373444553d8ee3bfe8778cd8528b8	TuneIn	tunein
turbomilk,907373444553d8ee3bfe8778cd863116	Turbomilk	turbomilk
tvi-design,907373444553d8ee3bfe8778cd8a4636	TVI Design	tvidesign
txtnation,907373444553d8ee3bfe8778cd978a65	txtNation	txtnation
tyntec,907373444553d8ee3bfe8778cd986ac8	tyntec	tyntec
ubitexx,907373444553d8ee3bfe8778cd9c95db	Ubitexx	ubitexx
ultra-knowledge,907373444553d8ee3bfe8778cda21308	Ultra Knowledge	ultraknowledge
umbio,907373444553d8ee3bfe8778cda38a1b	UmBio	UmBioOfficial
userzoom,907373444553d8ee3bfe8778cdbe0a7f	UserZoom	userzoom
v-i-laboratories,907373444553d8ee3bfe8778cdc2a6af	V.i. Laboratories	vilabs
valore-books,907373444553d8ee3bfe8778cdc659e0	Valore Books	valorebooks
vedic-research-innovations,907373444553d8ee3bfe8778cdceaf1b	vedic research & innovations	purpleenergy
versionone-2,907373444553d8ee3bfe8778cddc4e61	VersionOne	versionone
verz-design,907373444553d8ee3bfe8778cdde76e2	Verz Design	zoomerrand
viaduct,907373444553d8ee3bfe8778cde1bcda	Viaduct	viaduct
vigilanteweb,907373444553d8ee3bfe8778cdea056b	Vigilanteweb	vigilanteweb
visiarc,907373444553d8ee3bfe8778cdf45e34	Visiarc	visiarc
vision-point-systems,907373444553d8ee3bfe8778cdf56b23	Vision Point Systems	VisionPointSys
vitadigest,907373444553d8ee3bfe8778cdf94a15	VitaDigest	VitaDigestCom
vitadigest-com,907373444553d8ee3bfe8778cdf95171	VitaDigest.com	VitaDigest
voltage-security,40effe5288e80a75577c6fc05803db42	Voltage Security	voltagesecurity
vuenosairez,40effe5288e80a75577c6fc0580acd88	VUENOSAIREZ	vuenoz_
waltz-palmer-dawson-llc,'40effe5288e80a75577c6fc05811f568	Waltz, Palmer & Dawson LLC	wpdlegal'
watch-lover,40effe5288e80a75577c6fc058153f6f	watch lover	betterwatch
watchmouse,40effe5288e80a75577c6fc05815a658	WatchMouse	watchmouse
wavestaff,40effe5288e80a75577c6fc058184cc7	WaveStaff	WaveStaff
wayfair-2,40effe5288e80a75577c6fc058190bfd	Wayfair	wayfair
wayn,40effe5288e80a75577c6fc058194d07	WAYN	WAYN
webology-systems,40effe5288e80a75577c6fc05827fa16	Webology Systems	webologysys
websoul,40effe5288e80a75577c6fc0582a9a79	Websoul	websoulcom
websupport,40effe5288e80a75577c6fc0582b11cc	Websupport	websupport_sk
wifilez,40effe5288e80a75577c6fc058420a99	WiFilez	wifilez
wng-solutions,40effe5288e80a75577c6fc05851c81a	WnG Solutions	wngsolutions
wondertouch,40effe5288e80a75577c6fc05853d3eb	wondertouch	wondertouch
www-digispace-com,40effe5288e80a75577c6fc058646b05	www.digispace.com	digispace
www-wholesalesolar-com,40effe5288e80a75577c6fc0583e129f	Wholesale Solar	Wholesalesolar
www-zour4u-com,40effe5288e80a75577c6fc05869cf1a	www.zour4u.com	soniakhan33
xavient-information-systems,40effe5288e80a75577c6fc0586cbf98	Xavient Information Systems	followxavient
xg-technology,40effe5288e80a75577c6fc0587007cd	xG Technology	xgtechnology
xicom-technologies-ltd,40effe5288e80a75577c6fc05870b4ff	Xicom Technologies Ltd.	xicomtech
xio-strategies,40effe5288e80a75577c6fc05871ba3b	XIO Strategies	xiostrategies
xlinesoft,40effe5288e80a75577c6fc058728de7	Xlinesoft	phprunner
zafin-labs,40effe5288e80a75577c6fc05891bfca	Zafin Labs	ZafinLabs
zarca-interactive,40effe5288e80a75577c6fc05894d4c2	Zarca Interactive	zarca
zee-source,40effe5288e80a75577c6fc05897a9f4	Zee Source	zeemaps
zeno-corporation,40effe5288e80a75577c6fc0589a5dfb	Zeno Corporation	myzeno
zenph-sound-innovatoins,40effe5288e80a75577c6fc0589a91e4	Zenph Sound Innovatoins	Zenph
zenph-studios,40effe5288e80a75577c6fc0589a8623	Zenph Sound Innovations	zenph
zepass,40effe5288e80a75577c6fc0589b8f0f	zePASS	zepass
zinnov,40effe5288e80a75577c6fc058a23174	Zinnov 	Zinnov
zoetic-interactive,40effe5288e80a75577c6fc058a5e2e9	Zoetic Interactive	webdesign_seo
zonabancos,40effe5288e80a75577c6fc058a7429f	ZonaBancos	zonabancos
zulu-creative,40effe5288e80a75577c6fc058ac36b0	Zulu Creative	zulucreative
