aalbc-com,5fae06029bbe793553b81c6aca038495	AALBC.com	aalbc
abcam-2,5fae06029bbe793553b81c6aca05db15	Abcam	abcam
abellabooks-com-abella-books,5fae06029bbe793553b81c6aca0686c1	Abella Books	AbellaBooks
abizinabox,5fae06029bbe793553b81c6aca076dd7	aBIZinaBOX	aBIZinaBOX
active-interactive,5fae06029bbe793553b81c6aca18bf66	Active Interactive	gruvr
adtech,5fae06029bbe793553b81c6aca2da293	ADTECHIQ	ADTECH_US
advorto,5fae06029bbe793553b81c6aca3490a5	Advorto	AdvortoEmily
allhiphop-com,5fae06029bbe793553b81c6aca5717f1	AllHipHop.com	AllHipHopcom
alphacard,5fae06029bbe793553b81c6aca5c9ce8	AlphaCard	alphacardsys
american-classified-services,5fae06029bbe793553b81c6aca682565	American Classified Services	AdResults
amprewave-media,5fae06029bbe793553b81c6aca6dca8a	Amprewave Media	amprewave
answers,5fae06029bbe793553b81c6aca786871	Answers Corporation	answersdotcom
aprimo,5fae06029bbe793553b81c6aca8f487a	Aprimo	aprimomarketing
ascentive-llc,'5fae06029bbe793553b81c6acaa4021e	Ascentive, LLC	Ascentive'
atlantic-bt,5fae06029bbe793553b81c6acab1431b	Atlantic BT	atlanticbt
attus-technologies,5fae06029bbe793553b81c6acab65621	ATTUS Technologies	attus_tech
basic-ltd,5fae06029bbe793553b81c6acae00772	Basic ltd.	basicltd
bella-web-design,5fae06029bbe793553b81c6acaeea0e8	Bella Web Design	desireescales
betanews,5fae06029bbe793553b81c6acaf6edb9	Betanews	Betanews
big-faceless-organization,5fae06029bbe793553b81c6acaff8967	Big Faceless Organization	JavaPDF_BFO
bitrix,fb79c1faa23e6537889b8b58ca1014ee	Bitrix	bitrixsoft
bluewater-direct,fb79c1faa23e6537889b8b58ca2985b5	Bluewater	BluewaterBrand
brainsoup,fb79c1faa23e6537889b8b58ca3f4086	Brainsoup 	usbsparkplug
break,fb79c1faa23e6537889b8b58ca44b2a9	BreakMedia	BreakMedia
broadsoft,fb79c1faa23e6537889b8b58ca4ec5fc	BroadSoft	broadsoftnews
browse-on-2,fb79c1faa23e6537889b8b58ca5112ed	Browse on	browseon
browsermedia,fb79c1faa23e6537889b8b58ca514806	BrowserMedia	browsermedia
cad-nepal,fb79c1faa23e6537889b8b58ca6bc9e0	CAD Nepal	cadnepal
calsoft-inc,fb79c1faa23e6537889b8b58ca72eb3e	Calsoft Inc.	calsoftinc
campusbooks-com,fb79c1faa23e6537889b8b58ca76aff9	CampusBooks.com	campusbooks
care2,fb79c1faa23e6537889b8b58ca831125	Care2	care2
carrot-ink,fb79c1faa23e6537889b8b58ca88adee	Carrot Ink	carrot_ink
cars-com-2,fb79c1faa23e6537889b8b58ca88f253	Cars.com	carsdotcom
carsdirect-com,fb79c1faa23e6537889b8b58ca890e37	CarsDirect.com	carsdirect
celframe,fb79c1faa23e6537889b8b58ca96448b	Celframe	celframe
ci-com,fb79c1faa23e6537889b8b58cab6f545	CI.COM	ciglobal
cimetech,fb79c1faa23e6537889b8b58cab8b5d7	Cimetech	cimetech
cint,fb79c1faa23e6537889b8b58caba727e	Cint	CintGroup
cio-connect,fb79c1faa23e6537889b8b58caba8f47	CIO Connect	CIOConnect
claromentis,fb79c1faa23e6537889b8b58cac49e65	Claromentis	claromentis
clinicient,fb79c1faa23e6537889b8b58cad24baa	Clinicient	Clinicient
clipping-path-india,fb79c1faa23e6537889b8b58cad377ad	Clipping Path India	clip_path_india
columbiasoft,fb79c1faa23e6537889b8b58caef8245	ColumbiaSoft	DocumentLocator
com2us-corp,fb79c1faa23e6537889b8b58caefcf19	Com2uS Corp.	com2us
comarch,fb79c1faa23e6537889b8b58caeff704	Comarch 	ComarchGroup
comfi,fb79c1faa23e6537889b8b58caf1612f	ComFi	Comficards
compare-infobase-ltd,fb79c1faa23e6537889b8b58caf705f7	Compare Infobase Ltd	infobase
connectria,c61e6a5dd61ef3ac28d02c864e05ad3d	Connectria Hosting	Connectria
constant-contact,c61e6a5dd61ef3ac28d02c864e07d01a	Constant Contact	constantcontact
contact-telecom,c61e6a5dd61ef3ac28d02c864e0993b2	Contact Telecom	ContacTelecom
contactlab,c61e6a5dd61ef3ac28d02c864e09bd70	ContactLab	contactlab
corporate-finance-partners,c61e6a5dd61ef3ac28d02c864e196607	Corporate Finance Partners	cfpartners
coyote-point-systems,c61e6a5dd61ef3ac28d02c864e2230f8	Coyote Point Systems	coyotepoint
creative-solutions-services,c61e6a5dd61ef3ac28d02c864e292b2a	Creative Solutions Services	cssrecruit
custom-software-by-preston,c61e6a5dd61ef3ac28d02c864e3f08d7	Custom Software by Preston	csprestoninc
cylex-international,c61e6a5dd61ef3ac28d02c864e457ac3	CYLEX International	CylexDirectory
d-tools,c61e6a5dd61ef3ac28d02c864e48854f	D-Tools	DTools
d-tools,c61e6a5dd61ef3ac28d02c864ebbd180	D-Tools	DTools
data-foundations,c61e6a5dd61ef3ac28d02c864e522fd2	Data Foundations	datafoundations
data-foundations,c61e6a5dd61ef3ac28d02c864ec5cd70	Data Foundations	datafoundations
datacert,c61e6a5dd61ef3ac28d02c864e539d42	DataCert	datacert
datacert,c61e6a5dd61ef3ac28d02c864ec753ad	DataCert	datacert
datamentors,c61e6a5dd61ef3ac28d02c864e552825	DataMentors	datamentors
datamentors,c61e6a5dd61ef3ac28d02c864ec8fe80	DataMentors	datamentors
declan-software,c61e6a5dd61ef3ac28d02c864e6652c4	Declan Software	declan_software
declan-software,c61e6a5dd61ef3ac28d02c864ed98d91	Declan Software	declan_software
delego-software,c61e6a5dd61ef3ac28d02c864e6998b9	Delego Software	DelegoSoftware
delego-software,c61e6a5dd61ef3ac28d02c864edce21c	Delego Software	DelegoSoftware
devart,c61e6a5dd61ef3ac28d02c864e76cbda	Devart	DevartSoftware
devart,c61e6a5dd61ef3ac28d02c864ee901c9	Devart	DevartSoftware
devart-software,c61e6a5dd61ef3ac28d02c864e76d75d	Devart Software	DevartSoftware
devart-software,c61e6a5dd61ef3ac28d02c864ee910a9	Devart Software	DevartSoftware
dhtmlx,c61e6a5dd61ef3ac28d02c864e7af129	DHTMLX	dhtmlx
dhtmlx,c61e6a5dd61ef3ac28d02c864eed5092	DHTMLX	dhtmlx
digimind,c61e6a5dd61ef3ac28d02c864e80a35b	Digimind	digimindci
digimind,c61e6a5dd61ef3ac28d02c864ef3d867	Digimind	digimindci
digital-airways,c61e6a5dd61ef3ac28d02c864e815cae	Digital Airways	digitalairways
digital-airways,c61e6a5dd61ef3ac28d02c864ef4a4ca	Digital Airways	digitalairways
digital-bond,c61e6a5dd61ef3ac28d02c864e81d09a	Digital Bond	digitalbond
digital-bond,c61e6a5dd61ef3ac28d02c864ef54163	Digital Bond	digitalbond
digital-journal,c61e6a5dd61ef3ac28d02c864e83e1fc	Digital Journal	digitaljournal
digital-journal,c61e6a5dd61ef3ac28d02c864ef797a5	Digital Journal	digitaljournal
digital-nasties,c61e6a5dd61ef3ac28d02c864e84a491	Digital Nasties	digitalnasties
digital-nasties,c61e6a5dd61ef3ac28d02c864ef87ac4	Digital Nasties	digitalnasties
dimofinf,c61e6a5dd61ef3ac28d02c864e8b2f2a	Dimofinf	dimofinf
dimofinf,c61e6a5dd61ef3ac28d02c864eff1931	Dimofinf	dimofinf
directi,4b9962595d7ff850d591b39c0001f97a	Directi	Directi
directi,c61e6a5dd61ef3ac28d02c864e8df443	Directi	Directi
discount-grocery-store,4b9962595d7ff850d591b39c00035a65	Discount Grocery Store	buygroceries
discount-grocery-store,c61e6a5dd61ef3ac28d02c864e8f87a9	Discount Grocery Store	buygroceries
discount-lasers-pointer-product-systems,4b9962595d7ff850d591b39c00035c47	Discount Lasers Pointer Product Systems	laserstore
discount-lasers-pointer-product-systems,c61e6a5dd61ef3ac28d02c864e8f8de3	Discount Lasers Pointer Product Systems	laserstore
dorado-software,4b9962595d7ff850d591b39c0017ac73	Dorado Software	doradosoftware
dorado-software,c61e6a5dd61ef3ac28d02c864ea2f58f	Dorado Software	doradosoftware
downhill-publishing,4b9962595d7ff850d591b39c001bfbc8	Downhill Publishing	Fonts4teachers
downhill-publishing,c61e6a5dd61ef3ac28d02c864ea776dd	Downhill Publishing	Fonts4teachers
dpreview,4b9962595d7ff850d591b39c001d229d	dpreview	dpreview
dpreview,c61e6a5dd61ef3ac28d02c864ea87853	dpreview	dpreview
dr-adept,4b9962595d7ff850d591b39c001d3b34	Dr Adept	dradept
dr-adept,c61e6a5dd61ef3ac28d02c864ea8a333	Dr Adept	dradept
dyn,4b9962595d7ff850d591b39c002d707d	Dyn	DynInc
dyn,c61e6a5dd61ef3ac28d02c864eb90e81	Dyn	DynInc
e-academy,4b9962595d7ff850d591b39c0031359c	e-academy	OnTheHub
e-cbd,4b9962595d7ff850d591b39c0031a752	e-CBD	ecbd
ebates,4b9962595d7ff850d591b39c003c67d0	Ebates	Ebates
ecademy,4b9962595d7ff850d591b39c003f42d6	Ecademy	thomaspower
echovoice,4b9962595d7ff850d591b39c00415f07	Echovoice	echovoice
education-resources,4b9962595d7ff850d591b39c004b961e	Education Resources	EResources
edvisors,4b9962595d7ff850d591b39c004cc5b2	Edvisors	edvisors
eeye-digital-security,4b9962595d7ff850d591b39c004d716b	eEye	eeye
ehostpros,4b9962595d7ff850d591b39c005234dc	eHostPros	ehostpros
elance,4b9962595d7ff850d591b39c0055cd8d	Elance	elance
eldos-corporation,4b9962595d7ff850d591b39c0056fea9	EldoS Corporation	eldoscorp
elserver-com,4b9962595d7ff850d591b39c005e54a3	ELSERVER.COM	elserver
emerge-interactive,4b9962595d7ff850d591b39c0063377a	Emerge Interactive	haveyouemerged
eng-tips,4b9962595d7ff850d591b39c006f5a60	Eng-Tips	EngtipsNethawk
enkia,4b9962595d7ff850d591b39c00728f78	Enkia	enkia
epocrates,4b9962595d7ff850d591b39c007ebfb0	Epocrates	Epocrates
equinix,4b9962595d7ff850d591b39c0081c04c	Equinix	equinix
etouches,4b9962595d7ff850d591b39c008d8b8a	etouches	etouches
europasearch,4b9962595d7ff850d591b39c00902240	Europasearch	FrancisHiggin3
evident-discovery,4b9962595d7ff850d591b39c0098cd34	Evident Discovery	EvidentTM
exadel,4b9962595d7ff850d591b39c009dcb5d	Exadel	exadel
ezprints-com,4b9962595d7ff850d591b39c00acc1ef	EZprints.com	ezprints
ezwaiter,4b9962595d7ff850d591b39c00acf6dd	ezWaiter	ezwaiter
fanscape,4b9962595d7ff850d591b39c00b79e6e	Fanscape	Fanscape
feedback-ferret,4b9962595d7ff850d591b39c00c23ce0	Feedback Ferret 	Feedback_Ferret
field15,4b9962595d7ff850d591b39c00c97b80	field15	field15
finalsite,4b9962595d7ff850d591b39c00cec732	finalsite	finalsite
firstpixel,4b9962595d7ff850d591b39c00d8b3e7	Firstpixel	firstpixel
fix,4b9962595d7ff850d591b39c00dd6631	FIX	krdtmhr
forbidden-technologies,4b9962595d7ff850d591b39c00f3ff09	Forbidden Technologies plc	ForbiddenTech
fotki,4b9962595d7ff850d591b39c00f9d811	Fotki	fotki
freightcenter,bb00443be334273f59d3ef19d1074198	FreightCenter.com	freightcenter
freightquote,bb00443be334273f59d3ef19d1075389	Freightquote	freightquote
geneca,bb00443be334273f59d3ef19d1315749	Geneca	geneca
global-entrepreneurship-institute,bb00443be334273f59d3ef19d14d7dc9	Global Entrepreneurship Institute	robertwprice
google,bb00443be334273f59d3ef19d16367b9	Google	google
grin,bb00443be334273f59d3ef19d17b9df4	GRIN Publishing	grin_com
groupboard,bb00443be334273f59d3ef19d17f08c8	Groupboard	groupboard
groups-im,bb00443be334273f59d3ef19d180b498	groups.im	groups_im
growers-secret,'bb00443be334273f59d3ef19d181ad58	Grower''s Secret	Growers_Secret'
gsx-solutions,bb00443be334273f59d3ef19d1850ed2	GSX Solutions	GSX_Solutions
harmony-information-systems,bb00443be334273f59d3ef19d197c014	Harmony Information Systems	harmonyis
healthfusion,bb00443be334273f59d3ef19d1a0a9a1	HealthFusion	healthfusioninc
hificables-co-uk,bb00443be334273f59d3ef19d1af4052	Hificables.co.uk	hificables
hisoftware,bb00443be334273f59d3ef19d1b5f0c6	HiSoftware	HiSoftware
hornwaddler,bb00443be334273f59d3ef19d1c3281d	Hornwaddler	hornwaddler
horsemart,bb00443be334273f59d3ef19d1c352a6	Horsemart	horsemart
hotcourses,bb00443be334273f59d3ef19d1c65798	HotCourses	hotcourses_Abrd
hunt-and-assoc-columbia-sc-real-estate-sales,bb00443be334273f59d3ef19d1d4ccd7	Hunt and Assoc. Columbia SC Real Estate Sales	Blythewood
husdal-com,bb00443be334273f59d3ef19d1d5b7ce	husdal.com	janhusdal
i-drive-safely,bb00443be334273f59d3ef19d1dafa6c	I DRIVE SAFELY	idrivesafely
icrossing,bb00443be334273f59d3ef19d1e8b17a	iCrossing	icrossing
ics-learning-group,bb00443be334273f59d3ef19d1e8ce91	ICS Learning Group	ICSLearningGrp
iimobile,bb00443be334273f59d3ef19d1f69066	iIMobile	imobileus
incentive-logic,597e595b22c7371d2769eb1fa0089749	Incentive Logic	IncentiveLogic
incentive-solutions,597e595b22c7371d2769eb1fa008a493	Incentive Solutions	incentivesols
incode-wireless,597e595b22c7371d2769eb1fa009c17d	inCode Wireless	inCodetel
infotech,597e595b22c7371d2769eb1fa01a89e9	Infotech	InfotechUK
infusion,597e595b22c7371d2769eb1fa01be6c6	Infusion	infusiontweets
ingenuit,597e595b22c7371d2769eb1fa01cc922	ingenuIT	ingenuitny
inkfarm,597e595b22c7371d2769eb1fa01edba6	InkFarm	inkfarmcom
innominds-software-pvt-ltd,597e595b22c7371d2769eb1fa021df17	Innominds Software Pvt. Ltd.	innominds
innoveer-solutions,597e595b22c7371d2769eb1fa02483e7	Innoveer Solutions	innoveer
inspired-instruments,597e595b22c7371d2769eb1fa02ab472	Inspired Arts & Media	inspiredkk
intelli-source,597e595b22c7371d2769eb1fa0335f41	Intelli-Source	intellisource
interactive-media-productions,597e595b22c7371d2769eb1fa036f1f5	Interactive Media Productions	impcanada
interxion,597e595b22c7371d2769eb1fa0416d43	Interxion	interxion
investigative-services-agency,597e595b22c7371d2769eb1fa0479043	Investigative Services Agency	isagencyinc
ipaystation,597e595b22c7371d2769eb1fa04f009a	iPayStation	ipaystation
iqapps,597e595b22c7371d2769eb1fa05361fc	iQapps	iQapps
ireckon,597e595b22c7371d2769eb1fa0543cb9	ireckon	ireckonweb
jambase,597e595b22c7371d2769eb1fa06cf9f5	JamBase	jambase
kapow-technologies,597e595b22c7371d2769eb1fa09498bc	Kapow Software	kapowsoftware
kolya-online-media-marketing,597e595b22c7371d2769eb1fa0b48bf9	Kolya Online Media Marketing	4zoekmachines
law-offices-of-michael-pines,597e595b22c7371d2769eb1fa0d234fc	Law Offices of Michael Pines	MichaelPines
liftshare-com-ltd,597e595b22c7371d2769eb1fa0eaeac5	Liftshare.com ltd	Aliclabburn
liveoffice,597e595b22c7371d2769eb1fa0ff0227	LiveOffice	liveoffice
logicspice-web-design-company,83097a0e1641e8eda5b5ac717e0b0a42	Logicspice Web Design Company	logic_spice
logivert,83097a0e1641e8eda5b5ac717e0b8588	LogiVert	mijnwebwinkel
logivert-mijn-webwinkel,83097a0e1641e8eda5b5ac717e0b94fe	LogiVert - Mijn Webwinkel	mijnwebwinkel
logjobs,83097a0e1641e8eda5b5ac717e0bbed6	Logjobs	Logjobs
louisville-web-group,83097a0e1641e8eda5b5ac717e14465d	Louisville Web Group	lwebg
mail-ru,83097a0e1641e8eda5b5ac717e2cc27c	Mail.Ru Group	mailru
malektips-computer-help,83097a0e1641e8eda5b5ac717e324e73	MalekTips Computer Help	malektips
mammalfish,83097a0e1641e8eda5b5ac717e334952	Mammalfish	mammalfishinc
maria-snyder-consulting,83097a0e1641e8eda5b5ac717e3ad273	Maria Snyder Consulting	MariaConsulting
marmalade,83097a0e1641e8eda5b5ac717e404663	Marmalade	marmaladeapps
massinvestor,83097a0e1641e8eda5b5ac717e43efee	Massinvestor	massinvestor
matchcraft,83097a0e1641e8eda5b5ac717e4665e9	MatchCraft	matchcraft
media-temple,83097a0e1641e8eda5b5ac717e57c279	Media Temple	MediaTemple
medicity,83097a0e1641e8eda5b5ac717e5d523c	Medicity	Medicity
mednet-technologies-2,83097a0e1641e8eda5b5ac717e5f45ef	MedNet Technologies	mednettech
method,83097a0e1641e8eda5b5ac717e72c23c	Method	method_inc
midi-delight,83097a0e1641e8eda5b5ac717e7df31c	MIDI Delight	mididelight
mijn-webwinkel,83097a0e1641e8eda5b5ac717e7fd837	Mijn Webwinkel	mijnwebwinkel
mindedge,83097a0e1641e8eda5b5ac717e852ed9	MindEdge	mindedgeonline
murder-mystery-games-ltd,83097a0e1641e8eda5b5ac717ec83807	Murder Mystery Games LTD	mystery_murder
nefsis,83097a0e1641e8eda5b5ac717ef7250f	Nefsis	nefsis
nethawk-interactive,e054627bc6b1f1d8cb812cce420412f4	NetHawk Interactive	nethawkdotnet
netsuite,e054627bc6b1f1d8cb812cce4207bd0a	NetSuite	NetSuite
next-limit,e054627bc6b1f1d8cb812cce42188e6b	Next Limit	NextLimitTech
nicwerks,e054627bc6b1f1d8cb812cce421f72dd	nicwerks	nicwerks
nobelcom,e054627bc6b1f1d8cb812cce4226bc9f	NobelCom	nobelcom
nordija,e054627bc6b1f1d8cb812cce422c773c	Nordija	nordija
oho-interactive,e054627bc6b1f1d8cb812cce424ee1ef	OHO Interactive	ohointeractive
omnium,e054627bc6b1f1d8cb812cce4254c8cc	Omnium	omnium_news
open-e,e054627bc6b1f1d8cb812cce42698eb5	Open-E	storagesoftware
opentable,e054627bc6b1f1d8cb812cce426ca542	OpenTable	OpenTable
operation-sports,e054627bc6b1f1d8cb812cce426decf9	Operation Sports	operationsports
opportunity-links,e054627bc6b1f1d8cb812cce426f841c	Opportunity Links	opplinks
paltalk,e054627bc6b1f1d8cb812cce4291aae5	paltalk	Paltalk
pathfinder-development,e054627bc6b1f1d8cb812cce429fea4f	PathfinderSoftware	pathsoft
paul-hay-capital-projects,e054627bc6b1f1d8cb812cce42a1ae83	PAUL HAY Capital Projects	phcjam
paypal,e054627bc6b1f1d8cb812cce42a59d6a	PayPal	paypal
pcic-backup-solutions,e054627bc6b1f1d8cb812cce42a85dba	PCIC Backup Solutions	pcicbackup
peak-seven-advertising,e054627bc6b1f1d8cb812cce42aa012f	Peak Seven Advertising	Peak7racer
perfect-commerce,e054627bc6b1f1d8cb812cce42b4f1dc	Perfect Commerce	perfectcommerce
pharmnet-prescription-services,e054627bc6b1f1d8cb812cce42be7eac	PharmNet Prescription Services	pharmnet
phoenix-ts,e054627bc6b1f1d8cb812cce42c13994	Phoenix TS	PhoenixTS_Train
photogold,e054627bc6b1f1d8cb812cce42c3ca0d	Photogold	photogold
planet-billboard,e054627bc6b1f1d8cb812cce42d9afa1	Planet Billboard	planetbillboar
planisoft,e054627bc6b1f1d8cb812cce42dac5df	Planisoft 	planisoft
plexobject-solutions-inc,'e054627bc6b1f1d8cb812cce42e3e436	PlexObject Solutions, Inc.	plexobject'
powersteering-software,e054627bc6b1f1d8cb812cce42fab4c0	PowerSteering Software	powersteeringsw
prism-technology,5885c8f942b2d53de0f9ff90e10bab3a	Prism Technology	prismtechnology
proboards,5885c8f942b2d53de0f9ff90e10ed91a	ProBoards	proboards
projectplace-international,5885c8f942b2d53de0f9ff90e115efa8	Projectplace International	projectplaceint
propel-pages,5885c8f942b2d53de0f9ff90e11966ca	Propel Pages	makomike
propellum,5885c8f942b2d53de0f9ff90e119b9e6	Propellum	jobwrapping
prosper-production-company,5885c8f942b2d53de0f9ff90e11c3c89	Prosper Production Company	knowmorefilm
pyxis-mobile-2,5885c8f942b2d53de0f9ff90e12dfba7	Pyxis Mobile	pyxismobile
quick-deal-services,5885c8f942b2d53de0f9ff90e13bcd6e	Quick Deal Services	quickdeal
rackspace,5885c8f942b2d53de0f9ff90e14520f0	Rackspace	Rackspace
rackspace-cloud,5885c8f942b2d53de0f9ff90e1452959	Rackspace Cloud	rackcloud
raddonline,5885c8f942b2d53de0f9ff90e145abd1	RaddOnline	ellenminer
ramius,5885c8f942b2d53de0f9ff90e14c7be8	Ramius	RamiusCorp
ramius-corporation,5885c8f942b2d53de0f9ff90e14c88ea	Ramius Corporation	sixent
rapidsolution-software,5885c8f942b2d53de0f9ff90e1504f99	RapidSolution Software	AudialsSoftware
realtruck,5885c8f942b2d53de0f9ff90e15e87ec	RealTruck.Com	realtruckdeals
red-lorry-yellow-lorry,5885c8f942b2d53de0f9ff90e164f9af	Red Lorry Yellow Lorry	RedLorryPR
reea,5885c8f942b2d53de0f9ff90e16af3da	Reea	Reea_Romania
replacement-laptop-keys,5885c8f942b2d53de0f9ff90e17a4de1	Replacement Laptop Keys	laptopkeys
resellerclub,5885c8f942b2d53de0f9ff90e17d3cb6	ResellerClub	ResellerClub
responsys,5885c8f942b2d53de0f9ff90e17fc6cb	Responsys	Responsys
resumesplanet,5885c8f942b2d53de0f9ff90e18176c7	ResumesPlanet	resumesplanet
ritassist,5885c8f942b2d53de0f9ff90e192d46f	RitAssist	ritassist
rockstar-memoirs,5885c8f942b2d53de0f9ff90e19bf7ad	Rockstar Memoirs	rockstarm
rottentomatoes,5885c8f942b2d53de0f9ff90e1a29b3e	Rotten Tomatoes	rottentomatoes
roy-speed-ross,5885c8f942b2d53de0f9ff90e1a4d50c	Roy Speed Ross	rsrwebsolutions
rsa-list-corporation,5885c8f942b2d53de0f9ff90e1a64008	RSA List Corporation	rsalistservices
rubberecycle-3,5885c8f942b2d53de0f9ff90e1a7946a	Rubberecycle	Rubberecycle
rugs-usa,5885c8f942b2d53de0f9ff90e1a89b20	Rugs USA	rugsusa
safeharbor-technology,5885c8f942b2d53de0f9ff90e1b11fcc	Safeharbor Knowledge Solutions	SafeharborKS
sastha-com-inc-nichejobs-com,'5885c8f942b2d53de0f9ff90e1c0afc6	Sastha.com, Inc (NicheJobs.com)	nichejobs'
scoosh,5885c8f942b2d53de0f9ff90e1ce8340	Scoosh	scoosh
sea-to-sky-realty,5885c8f942b2d53de0f9ff90e1d50c68	Sea to Sky Realty	bradentonrealty
seaspecialties-gourmet-seafood-market-city-store,5885c8f942b2d53de0f9ff90e1d8ba3c	SeaSpecialties Gourmet Seafood Market City Store	buyseafood
seo-bounty,5885c8f942b2d53de0f9ff90e1eb441e	SEO Bounty	SEOBounty
servicemagic,5885c8f942b2d53de0f9ff90e1f3363e	ServiceMagic	servicemagic
sherweb,08ea75d0b39da8eeca1e9129c7007185	SherWeb	SherWeb
sibers,08ea75d0b39da8eeca1e9129c70e61d0	Sibers	hirerussians
sigma-space-2,08ea75d0b39da8eeca1e9129c7117c17	Sigma Space	SigmaSpaceCorp
silicon-house,08ea75d0b39da8eeca1e9129c714dfc4	Silicon House	siliconhouse
silver-egg-technology,08ea75d0b39da8eeca1e9129c716bdf6	SILVER EGG TECHNOLOGY	silvereggtech
simunix,08ea75d0b39da8eeca1e9129c71ddde2	Simunix	laura_simunix
site5-internet-solutions,40effe5288e80a75577c6fc0585ba6b3	World Wide Web Hosting	site5
slickcar-com,08ea75d0b39da8eeca1e9129c730412b	SlickCar.com	Slickcar
smartftp,08ea75d0b39da8eeca1e9129c73805fe	SmartFTP	smartftp
smtp-com,08ea75d0b39da8eeca1e9129c73e23a1	SMTP	smtpcom
software-projects,08ea75d0b39da8eeca1e9129c755f755	Software Projects	softproj
solar-electronics-ltd,08ea75d0b39da8eeca1e9129c7582b1b	Solar Electronics Ltd	stinky_ink
sonitek-international,08ea75d0b39da8eeca1e9129c7617c41	Sonitek International	sonitekca
sonitek-seo-company,08ea75d0b39da8eeca1e9129c7618096	Sonitek SEO Company	sonitekseo
space-adventures,08ea75d0b39da8eeca1e9129c76a07ad	Space Adventures	spaceadventures
spectorsoft,08ea75d0b39da8eeca1e9129c77115e9	SpectorSoft	SpectorSoft
stonekap-productions,08ea75d0b39da8eeca1e9129c79c7e16	StoneKap Productions	stonekap
studio-one-networks,08ea75d0b39da8eeca1e9129c7a92086	Studio One Networks	studioone
supanet,08ea75d0b39da8eeca1e9129c7b64796	Supanet	Supanet
technical-communities-inc,'08ea75d0b39da8eeca1e9129c7ef1d2b	Technical Communities, Inc.	techcomm'
techonsite,08ea75d0b39da8eeca1e9129c7f16bec	Techonsite	techonsite
tek-tips,08ea75d0b39da8eeca1e9129c7f654fd	Tek-Tips	TektipsNethawk
teklynx-international,08ea75d0b39da8eeca1e9129c7f6cb6f	Teklynx International	teklynx
telestream,08ea75d0b39da8eeca1e9129c7fbbf8e	Telestream	telestream
the-logo-loft,907373444553d8ee3bfe8778cd1b74f8	The Logo Loft 	thelogoloft
the-salup-group,907373444553d8ee3bfe8778cd22a205	The Salup Group	thesalupgroup
thealist-org,907373444553d8ee3bfe8778cd0c01f0	The A-List Inc.	TheAList
think-computer-corporation,907373444553d8ee3bfe8778cd32fb5f	Think Computer Corporation	thinkcomputer
thinkwave,907373444553d8ee3bfe8778cd352963	ThinkWave	thinkwave_inc
titan-gs,907373444553d8ee3bfe8778cd48b793	TITAN GS	TITAN_GS
tradeindia-com,907373444553d8ee3bfe8778cd5f4a88	tradeindia.com	tradeindia
triangle-concierge,907373444553d8ee3bfe8778cd7161ba	Triangle Concierge	kathgiovanni
tutuka,907373444553d8ee3bfe8778cd88fa57	Tutuka	tutuka
type3,907373444553d8ee3bfe8778cd989a20	Type3	type3digital
unified-computing,907373444553d8ee3bfe8778cda7713b	Unified Computing	unfed
united-in-discounts,907373444553d8ee3bfe8778cdaa4ee7	United in Discounts	UIDiscounts
usaepay,907373444553d8ee3bfe8778cdbbf60b	USAePay	usaepay
v-cube-usa,907373444553d8ee3bfe8778cdc242bc	V-CUBE USA	vcubeusa
valueclick,907373444553d8ee3bfe8778cdc6d7af	ValueClick	ValueClickMedia
veri-tax,907373444553d8ee3bfe8778cdd8c5c4	Veri-Tax	VeritaxLLC
vertex-product-development-inc,907373444553d8ee3bfe8778cddcba62	Vertex Product Development Inc.	vertexpd
vibes-media,907373444553d8ee3bfe8778cde32437	Vibes Media	vibes_media
villa-roquette,907373444553d8ee3bfe8778cdeb2b9a	Villa Roquette	VillaRoquette
visiongain,907373444553d8ee3bfe8778cdf61663	Visiongain	Visiongain
volunteermatch,40effe5288e80a75577c6fc058044fcc	VolunteerMatch	VolunteerMatch
wcities,40effe5288e80a75577c6fc0581a48cf	Wcities	wcities
webassign,40effe5288e80a75577c6fc058210f5b	WebAssign	WebAssign
webcamproshop,40effe5288e80a75577c6fc05821a90f	WebCamProShop	webcamproshop
webhuset,40effe5288e80a75577c6fc058251fe1	Webhuset	webhuset
webranking,40effe5288e80a75577c6fc05828dcf4	Webranking	wr_it
website-monitoring,40effe5288e80a75577c6fc05829d20a	Website Monitoring	monitoringblog
weeworld,40effe5288e80a75577c6fc0582f15eb	WeeWorld	WeeWorld
wevio,40effe5288e80a75577c6fc058365e4e	Wevio	wevio
whipplehill-inc,'40effe5288e80a75577c6fc0583af841	WhippleHill, Inc.	whipplehill'
wida-group,40effe5288e80a75577c6fc05840c244	Wida Group	WidaGroup
wildtangent,40effe5288e80a75577c6fc05844fd50	WildTangent	PlayWildTangent
winbeta,40effe5288e80a75577c6fc058469b81	WinBeta	winbetadotorg
wiznet-inc,40effe5288e80a75577c6fc0585163c7	WIZnet Inc	WIZnetUSA
women-in-consulting-wic,40effe5288e80a75577c6fc058530e36	Women in Consulting (WIC)	WIConsult
wordpress-web-development-company,40effe5288e80a75577c6fc0585680b4	WordPress Web Development Company	rcawebtechnolog
worksoft,40effe5288e80a75577c6fc0585997e3	Worksoft	worksoftinc
world-web-internet,40effe5288e80a75577c6fc0585cd965	Worldweb	worldwebhost
xorbix-technologies,40effe5288e80a75577c6fc058747a7d	Xorbix Technologies	XorbixTech
yourmembership-com,40effe5288e80a75577c6fc0588aed1f	YourMembership.com	yourmembership
zigzag-education,40effe5288e80a75577c6fc0589f9fa6	ZigZag Education	ZigZagEducation
ziiva,40effe5288e80a75577c6fc0589fbf5f	Ziiva	ziiva
zurb,40effe5288e80a75577c6fc058ad243d	ZURB	zurb
