aboutwfg,5fae06029bbe793553b81c6aca088b04	AboutWFG	aboutwfg
accenture,5fae06029bbe793553b81c6aca0d89a3	Accenture	accenture
acquity-group,5fae06029bbe793553b81c6aca156c36	Acquity Group	acquitygroup
acrowire,5fae06029bbe793553b81c6aca15f8c2	Acrowire	tedtheo
act-support,5fae06029bbe793553b81c6aca168c10	ACT Support	actsupport
ad-web-agency,5fae06029bbe793553b81c6aca1ca8af	Ad & Web Agency	adwebagency
adaptlogic,5fae06029bbe793553b81c6aca1f2395	Adaptlogic	adaptlogic
admiral-markets,5fae06029bbe793553b81c6aca28730e	Admiral Markets India	admiralmarketin
advance-web-promotions,5fae06029bbe793553b81c6aca2eb98d	Advance Web Promotions	hlennard
ael-data,5fae06029bbe793553b81c6aca363f92	AEL Data 	aeldataservices
agosto,5fae06029bbe793553b81c6aca419322	Agosto	goagosto
aheadworks,5fae06029bbe793553b81c6aca430bab	aheadWorks	aheadworks
aimcrm,5fae06029bbe793553b81c6aca44cd4f	AIMcrm	aimcrm
airnet-group,5fae06029bbe793553b81c6aca46d239	Airnet Group	airnetgroup
airnet-group-inc,5fae06029bbe793553b81c6aca46e0f5	airnet Group Inc.	airnetgroup
aitoc,5fae06029bbe793553b81c6aca49426f	AITOC	aitoc
aliasworlds,5fae06029bbe793553b81c6aca51c292	Aliasworlds	aliasworlds
all-star-directories,5fae06029bbe793553b81c6aca549ce9	All Star Directories	AllStarLeadGen
allpe-ingenieria-y-medio-ambiente,5fae06029bbe793553b81c6aca594b1b	Allpe Ingenieria y medio ambiente	allpeim
alpha-score,5fae06029bbe793553b81c6aca5c1315	Alpha Score	alphascore
anagram-technologies,5fae06029bbe793553b81c6aca6fe915	Anagram Technologies	Copy2Contact
animantix-studios,5fae06029bbe793553b81c6aca75f23c	Animantix Studios	Animantix
animax-entertainment,5fae06029bbe793553b81c6aca7634c7	Animax Entertainment	animaxent
antarctica-digital,5fae06029bbe793553b81c6aca78cbf6	Antarctica Digital	antarcticadm
anybill,5fae06029bbe793553b81c6aca7a7b6b	Anybill	anybillondemand
anybots,5fae06029bbe793553b81c6aca7a952e	Anybots	anybots
apalon,5fae06029bbe793553b81c6aca7d837b	Apalon	apalon
appistry-inc,5fae06029bbe793553b81c6aca85e3d3	Appistry	appistry
applabs,5fae06029bbe793553b81c6aca860eb9	AppLabs	Applabsinc
applicom,5fae06029bbe793553b81c6aca87701b	Applicom	applicomhq
appliedtrust,5fae06029bbe793553b81c6aca88d09a	AppliedTrust	AppliedTrust
architel-lp,5fae06029bbe793553b81c6aca95666f	Architel LP	itsupportdallas
artificial-solutions,5fae06029bbe793553b81c6aca9f66d8	Artificial Solutions	ArtiSol
arxan-technologies,5fae06029bbe793553b81c6acaa1ceeb	Arxan Technologies	Arxan
ascentium,5fae06029bbe793553b81c6acaa40114	Ascentium	ascentium
ascertia,5fae06029bbe793553b81c6acaa414a1	Ascertia	ascertia
asian-merchant-groceries-gourmet-foods,5fae06029bbe793553b81c6acaa56b5d	Asian Merchant Groceries & Gourmet Foods	buygourmetfood
attacat,5fae06029bbe793553b81c6acab4cc27	Attacat	attacats
attask,5fae06029bbe793553b81c6acab4ee1a	AtTask	attask
aussie-pythons-snakes,5fae06029bbe793553b81c6acabbcc52	Aussie Pythons & Snakes	aussiepythons
avantek-software,5fae06029bbe793553b81c6acac38bbe	Avantek Software	avanteksoftware
avepoint,5fae06029bbe793553b81c6acac5bfdd	AvePoint	avepoint_inc
avolution,5fae06029bbe793553b81c6acac8512d	avolution	avolutionabacus
bdmetrics,907373444553d8ee3bfe8778cd397760	Three Stage Media	threestage
beat-the-traffic,5fae06029bbe793553b81c6acae7ddd9	Beat the Traffic	btt3d
bettertrades,5fae06029bbe793553b81c6acaf8f015	BetterTrades	bettertrades
big-nerd-ranch,5fae06029bbe793553b81c6acafff692	Big Nerd Ranch	bignerdranch
biztrumpet,fb79c1faa23e6537889b8b58ca13cfa9	BizTrumpet	biztrumpet
blackhawk-network-2,fb79c1faa23e6537889b8b58ca172271	BlackHawk Network	gcmall
blackline,fb79c1faa23e6537889b8b58ca174591	BlackLine Systems	BlackLineSys
blockdot,fb79c1faa23e6537889b8b58ca1ccdde	Blockdot	blockdot
blue-fountain-media,fb79c1faa23e6537889b8b58ca22ac75	Blue Fountain Media	BFMweb
bob-dylan-gifts-merchandise-inc,'fb79c1faa23e6537889b8b58ca2c90c9	Bob Dylan Gifts & Merchandise, Inc.	BobDylanStore'
bqu,fb79c1faa23e6537889b8b58ca3d059a	BQu	BQuteam
brandflow,fb79c1faa23e6537889b8b58ca418a62	Brandflow	brandflowvideo
brick-simple,fb79c1faa23e6537889b8b58ca46b28d	BrickSimple	bricksimple
bridge-group-services,fb79c1faa23e6537889b8b58ca470bc8	Bridge Group Services	bridgecable
brinkmedia,fb79c1faa23e6537889b8b58ca4ba302	Brink Media	brinkmedia
brogent-technologies,fb79c1faa23e6537889b8b58ca4f4899	Brogent Technologies	Brogent3D
buildsite,fb79c1faa23e6537889b8b58ca581d50	BuildSite	buildsitenews
buy-carpet-direct-superstore-inc,'fb79c1faa23e6537889b8b58ca60d098	Buy Carpet Direct Superstore, Inc. 	buycarpetdirect'
bzzagent,fb79c1faa23e6537889b8b58ca68151c	BzzAgent	bzzagent
cabedge,fb79c1faa23e6537889b8b58ca6aab6c	cabedge	cabedge
candeos,fb79c1faa23e6537889b8b58ca787ca0	Candeos	candeos
carpooling-com,fb79c1faa23e6537889b8b58ca8822ff	carpooling.com	carpoolingcom
castle-ink-cartridges,fb79c1faa23e6537889b8b58ca8d84ae	Castle Ink Cartridges	castle_ink
castle-ink-cartridges-chicago,fb79c1faa23e6537889b8b58ca8d9216	Castle Ink Cartridges - Chicago	castle_ink
cayenne-consulting,fb79c1faa23e6537889b8b58ca916d93	Cayenne Consulting	akira_hirai
centercode,fb79c1faa23e6537889b8b58ca9b09b4	Centercode	centercode
centrilogic,fb79c1faa23e6537889b8b58ca9d2be9	Centrilogic	centrilogic
centro,fb79c1faa23e6537889b8b58ca9d6539	Centro	centro_media
cfn-services,fb79c1faa23e6537889b8b58caa14134	CFN Services	cfnservices
chemi-nutra,fb79c1faa23e6537889b8b58caacf082	Chemi Nutra	cheminutra
chicago-golf-galaxy-tennis-warehouse-inc,'fb79c1faa23e6537889b8b58caaecad7	Chicago Golf Galaxy & Tennis Warehouse, Inc.	GolfTennisStore'
china-mattress-manufacturer,fb79c1faa23e6537889b8b58cab09d75	China Mattress Manufacturer	mattressinchina
choicestream,fb79c1faa23e6537889b8b58cab3410c	ChoiceStream	ChoiceStream
ckr-interactive,fb79c1faa23e6537889b8b58cac293aa	CKR Interactive	CKR_Interactive
clarity-quest-marketing,fb79c1faa23e6537889b8b58cac4102a	Clarity Quest Marketing	cqmarketing
clicktecs,fb79c1faa23e6537889b8b58cad074d3	ClickTecs	clicktecs
cloudmark,fb79c1faa23e6537889b8b58cad88433	Cloudmark	Cloudmark
codebaby,fb79c1faa23e6537889b8b58cae2d5cd	CodeBaby	CodeBaby
colasoft,fb79c1faa23e6537889b8b58cae90775	Colasoft	Colasoft
collective-detective,fb79c1faa23e6537889b8b58caeb0787	Collective Detective	collectivus
comtec-global,fb79c1faa23e6537889b8b58cafd9391	Comtec Global	ComtecGlobal
comunip,fb79c1faa23e6537889b8b58cafddf7e	ComunIP	ComunIP
connexinet,c61e6a5dd61ef3ac28d02c864e0647d7	Connexinet	connexinet
contentconcepts,c61e6a5dd61ef3ac28d02c864e0adb20	ContentConcepts	contentconcepts
conversion-support,c61e6a5dd61ef3ac28d02c864e0f6563	Conversion Support	conversionsupp
cordys-software,c61e6a5dd61ef3ac28d02c864e14ffb5	Cordys	Cordys
covarity,c61e6a5dd61ef3ac28d02c864e2075a2	Covarity	covarity
cpbid,c61e6a5dd61ef3ac28d02c864e22a3a9	CPBID TECHNOLOGIES	CPBID_TotalBid
creative-media-alliance,c61e6a5dd61ef3ac28d02c864e28d1d8	Creative Media Alliance	cmaseattle
credant-technologies,c61e6a5dd61ef3ac28d02c864e2a3ffb	CREDANT Technologies	credant
cscout-japan,c61e6a5dd61ef3ac28d02c864e37649a	CScout Japan	CScoutJapan
css4me,c61e6a5dd61ef3ac28d02c864e381b6f	CSS4ME	css4me
custom-software-lab,c61e6a5dd61ef3ac28d02c864e3f1583	Custom Software Lab	thesoftwarelab
customware,c61e6a5dd61ef3ac28d02c864e402620	CustomWare	customware
cybera,c61e6a5dd61ef3ac28d02c864e4242a4	Cybera	cyberainc
cynapse,c61e6a5dd61ef3ac28d02c864e45baf8	Cynapse	cynapse
dane-carlsons-business-opportunities-weblog,'c61e6a5dd61ef3ac28d02c864e4ebfe0	Dane Carlson''s Business Opportunities Weblog	danec'
dane-carlsons-business-opportunities-weblog,'c61e6a5dd61ef3ac28d02c864ec22e47	Dane Carlson''s Business Opportunities Weblog	danec'
daopay-2,c61e6a5dd61ef3ac28d02c864e4fcd4a	DaoPay	daopay
daopay-2,c61e6a5dd61ef3ac28d02c864ec341bf	DaoPay	daopay
datavail-corporation,c61e6a5dd61ef3ac28d02c864e572a50	Datavail Corporation	Datavail
datavail-corporation,c61e6a5dd61ef3ac28d02c864ecab321	Datavail Corporation	Datavail
deadcellzones-com,c61e6a5dd61ef3ac28d02c864e5f17b4	Deadcellzones.com	deadzones
deadcellzones-com,c61e6a5dd61ef3ac28d02c864ed268b1	Deadcellzones.com	deadzones
dejan-seo,c61e6a5dd61ef3ac28d02c864e692398	DEJAN SEO	dejanseo
dejan-seo,c61e6a5dd61ef3ac28d02c864edc6387	DEJAN SEO	dejanseo
detangl,c61e6a5dd61ef3ac28d02c864e761470	Detangl	detangl
detangl,c61e6a5dd61ef3ac28d02c864ee86953	Detangl	detangl
dig-digital-information-gateway-gmbh,c61e6a5dd61ef3ac28d02c864e7ee93e	DIG digital-information-gateway	DIG_Austria
dig-digital-information-gateway-gmbh,c61e6a5dd61ef3ac28d02c864ef1e783	DIG digital-information-gateway	DIG_Austria
digital-design-jamaica-2,'c61e6a5dd61ef3ac28d02c864e825fb8	Digital DESIGN, Jamaica	phcdesign'
digital-design-jamaica-2,'c61e6a5dd61ef3ac28d02c864ef5b85c	Digital DESIGN, Jamaica	phcdesign'
digital-rapids,c61e6a5dd61ef3ac28d02c864e85a459	Digital Rapids	digitalrapids
digital-rapids,c61e6a5dd61ef3ac28d02c864ef975ea	Digital Rapids	digitalrapids
dna13,4b9962595d7ff850d591b39c000c28cf	DNA13	dna13
dna13,c61e6a5dd61ef3ac28d02c864e981c77	DNA13	dna13
dns-made-easy,4b9962595d7ff850d591b39c000c9483	DNS Made Easy	DNSMadeEasy
dns-made-easy,c61e6a5dd61ef3ac28d02c864e988e41	DNS Made Easy	DNSMadeEasy
docudesk,4b9962595d7ff850d591b39c000f4c71	Docudesk	docudesk
docudesk,c61e6a5dd61ef3ac28d02c864e9b0331	Docudesk	docudesk
dogbark,4b9962595d7ff850d591b39c0010d000	DogBark	dogbarkdotcom
dogbark,c61e6a5dd61ef3ac28d02c864e9cc966	DogBark	dogbarkdotcom
dotcomweavers,4b9962595d7ff850d591b39c00197a83	Dotcomweavers	dotcomweavers
dotcomweavers,c61e6a5dd61ef3ac28d02c864ea4d62b	Dotcomweavers	dotcomweavers
doublerock-llc,4b9962595d7ff850d591b39c001aca1a	Double Rock 	doublerock
doublerock-llc,c61e6a5dd61ef3ac28d02c864ea64a58	Double Rock 	doublerock
dow-networks,4b9962595d7ff850d591b39c001bc140	DOW Networks	DOWNetworks
dow-networks,c61e6a5dd61ef3ac28d02c864ea74081	DOW Networks	DOWNetworks
drawloop-technologies,4b9962595d7ff850d591b39c001eb580	Drawloop Technologies	Drawloop
drawloop-technologies,c61e6a5dd61ef3ac28d02c864eaa18c5	Drawloop Technologies	Drawloop
drsdigital,4b9962595d7ff850d591b39c00253d31	DRSdigital	drs_digital
drsdigital,c61e6a5dd61ef3ac28d02c864eb0e705	DRSdigital	drs_digital
drugs-com,4b9962595d7ff850d591b39c002561d3	Drugs.com	drugscom
drugs-com,c61e6a5dd61ef3ac28d02c864eb11f0c	Drugs.com	drugscom
dutchtrans,4b9962595d7ff850d591b39c002c045d	DutchTrans	DutchTrans
dutchtrans,c61e6a5dd61ef3ac28d02c864eb7794d	DutchTrans	DutchTrans
dynamix,4b9962595d7ff850d591b39c002ea580	Dynamix	dynamixsoftware
dynamix,c61e6a5dd61ef3ac28d02c864eba251e	Dynamix	dynamixsoftware
easypano,4b9962595d7ff850d591b39c003a3a42	Easypano	easypano
eblvd,4b9962595d7ff850d591b39c003db3e6	eBLVD	eBLVD
edible-impressions-catering,4b9962595d7ff850d591b39c004913ef	Edible Impressions Catering	ediblimpression
educaedu,4b9962595d7ff850d591b39c004b3972	Educaedu	educaedu
efgpr,4b9962595d7ff850d591b39c004eec47	EFGpr	efgpr
eikon,4b9962595d7ff850d591b39c0053002d	Eikon	openPicus
elektroniniai-sprendimai,4b9962595d7ff850d591b39c00599e8f	Elektroniniai Sprendimai	2spyware
elemental-communications,4b9962595d7ff850d591b39c0059e805	Elemental Communications	elementalcomms
emedoutlet,4b9962595d7ff850d591b39c0062a847	emedOutlet	emedoutlet_com
empathica,4b9962595d7ff850d591b39c0066fe6d	Empathica	EmpathicaCEM
encirca,4b9962595d7ff850d591b39c006a7f7c	EnCirca	encirca
endace,4b9962595d7ff850d591b39c006b770e	Endace	endacecorp
energy-inc,'4b9962595d7ff850d591b39c006e72a5	Energy, Inc.	theenergydetect'
enspire-learning,4b9962595d7ff850d591b39c0074da3d	Enspire Learning	enspirelearning
enterra,4b9962595d7ff850d591b39c0076bff2	Enterra	enterra
eptica,4b9962595d7ff850d591b39c00801dce	Eptica	EpticaUK
equilar,4b9962595d7ff850d591b39c00818e19	Equilar	equilarinc
esendex,4b9962595d7ff850d591b39c0086f2b0	Esendex	esendex
esendex-australia,4b9962595d7ff850d591b39c00870100	Esendex Australia	Esednex_AU
ethosia,4b9962595d7ff850d591b39c008d0db4	Ethosia	ethosia
euk-host,4b9962595d7ff850d591b39c008eaad6	eUKHost	eukhostltd
event-wizard,4b9962595d7ff850d591b39c00936314	Event Wizard	DotComYourEvent
evosite,4b9962595d7ff850d591b39c009c0af1	Evosite	evosite
executive-recruiting-solutions,4b9962595d7ff850d591b39c00a0f884	Executive Recruiting Solutions	tomkellyers
exist-global,4b9962595d7ff850d591b39c00a25b98	Exist	existglobal
expedient,4b9962595d7ff850d591b39c00a3872b	Expedient	ExpedientComm
fabric-interactive,4b9962595d7ff850d591b39c00ae6aee	Fabric Interactive	fabricsocial
falconry-stuff-inc,'4b9962595d7ff850d591b39c00b345dd	Falconry Stuff, Inc.	falconrystore'
fastspot,4b9962595d7ff850d591b39c00be1808	Fastspot	fastspot
fedbid,4b9962595d7ff850d591b39c00c18ca0	FedBid	FedBid
firebrand-training,4b9962595d7ff850d591b39c00d437d8	Firebrand Training	beafirebrand
firedaemon,4b9962595d7ff850d591b39c00d45ae1	FireDaemon 	fire_daemon
first-light-movies,4b9962595d7ff850d591b39c00d6d8c6	First Light Movies	firstlightfund
first-property-choice,4b9962595d7ff850d591b39c00d73c69	First Property Choice	PropertyViewers
fishbowl-inventory,4b9962595d7ff850d591b39c00d95e88	Fishbowl Inventory	fishbowl
flower-press-creative-studio-llc,'4b9962595d7ff850d591b39c00e88129	Flower Press Creative Studio, LLC	theflowerpress'
fluid-creativity,4b9962595d7ff850d591b39c00e97efc	Fluid Creativity	fluidcreativity
for-to-do,4b9962595d7ff850d591b39c00f3c282	for; to (do)	fortodo
forefront-web,4b9962595d7ff850d591b39c00f4a8f6	ForeFront Web	forefront
foresee-results,4b9962595d7ff850d591b39c00f4d864	ForeSee	ForeSee
fortune3,4b9962595d7ff850d591b39c00f8dda9	Fortune3	Fortune3
forum-systems,4b9962595d7ff850d591b39c00f924c3	Forum Systems	forumsystems
franklin-wireless,bb00443be334273f59d3ef19d1002729	Franklin Wireless	FranklinWirelss
freelance-web-design-dc,bb00443be334273f59d3ef19d104b4ec	freelance web design dc	xhibits_design
freewebs,40effe5288e80a75577c6fc058294ce7	Webs	webs
fresh-echo-interactive,bb00443be334273f59d3ef19d10805a9	Fresh Echo Interactive	freshecho
friendster,bb00443be334273f59d3ef19d10b8c1e	Friendster	friendster
fun-technology-limited,bb00443be334273f59d3ef19d112cebd	Fun Technology Limited	funtek
funnyjunk,bb00443be334273f59d3ef19d1152bf5	FunnyJunk	FunnyJunk_com
fusionapps,bb00443be334273f59d3ef19d1175664	Fusionapps	fusionapps
fusionbox,bb00443be334273f59d3ef19d1175843	Fusionbox	fusionbox
fuzz-productions,bb00443be334273f59d3ef19d119a67a	Fuzz Productions	fuzzproductions
g-element,bb00443be334273f59d3ef19d11af6a7	G Element	conveno
gap-infotech,bb00443be334273f59d3ef19d126ed58	Gap Infotech	gapinfotechg
gecad-technologies,bb00443be334273f59d3ef19d12d58c1	Gecad Technologies	AXIGEN
genericpharmarx,bb00443be334273f59d3ef19d1331628	genericpharmarx	securepharmarx
genie-soft,bb00443be334273f59d3ef19d1345837	Genie-soft	geniesoft
geonexus,bb00443be334273f59d3ef19d1382f8d	Geonexus	davidcrankshaw
geotrust,bb00443be334273f59d3ef19d1399ee8	GeoTrust	GeoTrust
givengain,bb00443be334273f59d3ef19d147ff56	GivenGain	GivenGain
glispa,bb00443be334273f59d3ef19d14bb215	glispa	glispa
glu,bb00443be334273f59d3ef19d1549a31	glu	glumobile
gogrid,bb00443be334273f59d3ef19d15bc2a1	GoGrid	gogrid
goldmoney,bb00443be334273f59d3ef19d15dd684	GoldMoney.com	goldmoneynews
goldwatches-com,bb00443be334273f59d3ef19d15e1140	GoldWatches.com	goldwatches
gotomyprice,bb00443be334273f59d3ef19d168d5b2	GoToMyPrice	gotomyprice
governor-technology,bb00443be334273f59d3ef19d16a0c29	Governor Technology	Governortech
grapevine-2,bb00443be334273f59d3ef19d16efcd4	Grapevine	GrapevineSA
graphicmail,bb00443be334273f59d3ef19d16f6741	GraphicMail International	GraphicMail
graphinet-solutions-web-design-company,bb00443be334273f59d3ef19d16f92e6	Graphinet Solutions - Web Design Company	webdesignpune
green-light-jobs,bb00443be334273f59d3ef19d174413e	Green Light Jobs	greenlightjobs
greetz,bb00443be334273f59d3ef19d179874b	Greetz	GreetzNL
grey-storm-media,bb00443be334273f59d3ef19d17a20c9	Grey Storm Media	GreyStormMedia
grid4-communications,bb00443be334273f59d3ef19d17a98c0	Grid4 Communications	Grid4Comm
gridley-company,bb00443be334273f59d3ef19d17b03c5	Gridley & Company	gridleyco
groupe-brandonology,bb00443be334273f59d3ef19d17f452a	Groupe Brandonology	brandonology
habitat-apartments,bb00443be334273f59d3ef19d18e7c68	Habitat Apartments	HabitatApart
halfbrick-studios,bb00443be334273f59d3ef19d190fc57	Halfbrick Studios	Halfbrick
hebs-digital,bb00443be334273f59d3ef19d1a43ebc	HeBS Digital	hebs_nyc
heliopower,bb00443be334273f59d3ef19d1a60a63	HelioPower	HelioPowerCo
helpwithassignment,bb00443be334273f59d3ef19d1a98749	HelpWithAssignment	assignment_help
herocraft,bb00443be334273f59d3ef19d1ab4711	HeroCraft	Herocraft
hindsite-interactive,bb00443be334273f59d3ef19d1b2c8b4	HindSite Interactive	hindsiteinc
hkg-paper,bb00443be334273f59d3ef19d1b8da83	HKG Paper	pmadeshia
homeone-australia-new-zealand,bb00443be334273f59d3ef19d1bdc9c7	Homeone Australia & New Zealand	homeoneau
hometrak-software,bb00443be334273f59d3ef19d1beef52	HomeTrak Software	hometrak
hopelab,bb00443be334273f59d3ef19d1c23b0d	HopeLab	hopelab
hot-cherry,bb00443be334273f59d3ef19d1c57aad	Hot Cherry	HarryHotCherry
hyfn,bb00443be334273f59d3ef19d1d793c3	HYFN	hyfn
iconstituent,bb00443be334273f59d3ef19d1e7ab77	iConstituent	iconstituent
idealo,bb00443be334273f59d3ef19d1ec0508	Idealo	idealo
incutio,597e595b22c7371d2769eb1fa00ac9a0	Incutio	Incutio
individual-sole,597e595b22c7371d2769eb1fa00f1eff	Individual Sole	individualsole
infoaxon-technologies-limited,597e595b22c7371d2769eb1fa0158d22	InfoAxon Technologies Limited	InfoAxon
infoether,597e595b22c7371d2769eb1fa0164138	InfoEther	infoether
infolink,597e595b22c7371d2769eb1fa016ec29	Infolink	InfolinkTeam
inforobica-consulting,597e595b22c7371d2769eb1fa0199759	Inforobica Consulting	inforobica
infoxel,597e595b22c7371d2769eb1fa01b1f55	Infoxel	infoxel
infusion-software,597e595b22c7371d2769eb1fa01bf423	Infusion Software	infusionsoft
infusionsoft,597e595b22c7371d2769eb1fa01bf56f	Infusionsoft	infusionsoft
ink-communications-inc,'597e595b22c7371d2769eb1fa01e7e6e	ink Communications, Inc	tattletech'
inmotion-hosting,597e595b22c7371d2769eb1fa020430a	InMotion Hosting	InMotionHosting
innocentive,597e595b22c7371d2769eb1fa02172ff	InnoCentive	innocentive
innovation-digital,597e595b22c7371d2769eb1fa0235c37	Innovation Digital 	InnovDigital
inowits-technologies,597e595b22c7371d2769eb1fa0260a84	Inowits Technologies	inowits
insidepoint,597e595b22c7371d2769eb1fa0288636	InsidePoint	insidepoint
instantasp,597e595b22c7371d2769eb1fa02c985a	InstantASP	InstantASP
integrity,597e595b22c7371d2769eb1fa0319055	Integrity	IntegritySTL
intelletrace,597e595b22c7371d2769eb1fa03359c8	Intelletrace	intelletrace
intelligent-energy,597e595b22c7371d2769eb1fa0343d86	Intelligent Energy	intellenergy
internet-marketing-consultant,597e595b22c7371d2769eb1fa03d8422	Internet Marketing Consultant	wsiebler
ipexpert,597e595b22c7371d2769eb1fa04fb99f	IPexpert	ipexpert
ipressroom,597e595b22c7371d2769eb1fa05227ad	iPressroom	ipressroom
iscool-entertainment,597e595b22c7371d2769eb1fa057b3a2	IsCool Entertainment	iscool_e
itesa-get-customer-experience,597e595b22c7371d2769eb1fa05f98c0	ITESA & Get Customer Experience	kfiveson
jangomail,597e595b22c7371d2769eb1fa06e4496	JangoMail	JangoMail
janitorial-services,597e595b22c7371d2769eb1fa06e5b0e	Janitorial Services	greatjanitor
jaspersoft,597e595b22c7371d2769eb1fa06f60c2	Jaspersoft	Jaspersoft
jaypar,597e595b22c7371d2769eb1fa0704cc1	JAYPAR	jayparinc
jive-software,597e595b22c7371d2769eb1fa077964b	Jive Software	jivesoftware
job,'597e595b22c7371d2769eb1fa0794cde	Job.com, Inc.	Career_News'
jobcontax,597e595b22c7371d2769eb1fa07a07b5	JobContax	jobcontax
joonbug,597e595b22c7371d2769eb1fa080ce05	Joonbug	joonbugnyc
journalist-association-of-europe,597e595b22c7371d2769eb1fa082641e	Journalist Association of Europe	eujournalists
kayako,597e595b22c7371d2769eb1fa0987a8a	Kayako	kayako
kcentric-technologies,597e595b22c7371d2769eb1fa099c915	kCentric Technologies	kCentricNET
kcura,597e595b22c7371d2769eb1fa099f413	kCura	kcuracorp
keshot,597e595b22c7371d2769eb1fa09f6e85	Keshot	keshotco
kinetic-information-systems,597e595b22c7371d2769eb1fa0a7da75	Kinetic Information Systems 	KineticIS_au
kineto-wireless,597e595b22c7371d2769eb1fa0a82ae6	Kineto Wireless	kinetowireless
kipost-com,597e595b22c7371d2769eb1fa0aa52e3	Kipost.com	kipost
klokwork,597e595b22c7371d2769eb1fa0ae8479	Klocwork	klocwork
kryterion,597e595b22c7371d2769eb1fa0bd320c	Kryterion	kryterion
la-salle-technova-barcelona,597e595b22c7371d2769eb1fa0c57b46	La Salle Technova Barcelona	lasalletechnova
liberty-league-international,597e595b22c7371d2769eb1fa0e6dd71	Liberty League International	denmark_f
lightspeed-solutions,597e595b22c7371d2769eb1fa0ec4869	LightSpeed Solutions	LSS_LLC
limelightnetworks,597e595b22c7371d2769eb1fa0ef0df8	Limelight Networks	llnw
linear-recruitment,597e595b22c7371d2769eb1fa0f0e491	Linear Recruitment	LinearRecruit
lingoport,597e595b22c7371d2769eb1fa0f16808	Lingoport	Lingoport
linguamatics,597e595b22c7371d2769eb1fa0f1d892	Linguamatics	Linguamatics
linkpoint360,597e595b22c7371d2769eb1fa0f44ef5	LinkPoint360	LinkPoint360
liquid-technologies,597e595b22c7371d2769eb1fa0f787b5	Liquid Technologies	liquidxml
lithiumtechnologies,597e595b22c7371d2769eb1fa0fa23ab	Lithium Technologies	lithiumtech
living-planit-pty,83097a0e1641e8eda5b5ac717e00a62c	Living Planit Pty 	LivingPlanit
lockon-co-ltd,'83097a0e1641e8eda5b5ac717e08755b	LOCKON CO.,LTD.	lockon_info'
lockon-marketing-of-u-s-a-inc,83097a0e1641e8eda5b5ac717e088178	Lockon marketing of U.S.A Inc.	lockon_info
logo-bench,83097a0e1641e8eda5b5ac717e0c6bc3	logobench	Logobench
long-island-real-estate-site,83097a0e1641e8eda5b5ac717e0ed4c5	Long Island Real Estate Site	realtyli
loopd,83097a0e1641e8eda5b5ac717e1103f3	Loopd	loopdnetwork
loud-castle-media,83097a0e1641e8eda5b5ac717e1382f8	Loud Castle Media	loudcastle15
luggage-free,83097a0e1641e8eda5b5ac717e198e57	Luggage Free	luggagefree
m-files,83097a0e1641e8eda5b5ac717e208998	M-Files	M_Files
macreport-media,83097a0e1641e8eda5b5ac717e2497d5	MacReport Media	macreportmedia
magneticone,83097a0e1641e8eda5b5ac717e2ac647	MagneticOne	magneticone2
mailchimp,83097a0e1641e8eda5b5ac717e2d5abf	MailChimp	mailchimp
mailout-interactive,83097a0e1641e8eda5b5ac717e2e2c57	Mailout Interactive	industrymailout
manticore-technology,83097a0e1641e8eda5b5ac717e3701b6	Manticore Technology	Manticoretech
maxdon-mattress-manufacturer,83097a0e1641e8eda5b5ac717e4b21e4	Maxdon Mattress Manufacturer	moonswamp
maxsi,83097a0e1641e8eda5b5ac717e4c9021	Maxsi	mylivedashboard
mbmi-steel-buildings,83097a0e1641e8eda5b5ac717e4edd77	MBMI Steel Buildings	Donnie_mbmi
mcobject,83097a0e1641e8eda5b5ac717e512ee2	McObject	McGuy
mediawhiz,83097a0e1641e8eda5b5ac717e5c11ab	MediaWhiz	MediaWhizLLC
meltwater-group,83097a0e1641e8eda5b5ac717e659618	Meltwater Group	MeltwaterGroup
memory-card-recovery,83097a0e1641e8eda5b5ac717e67038f	Memory Card Recovery	pddmoblk
mentoring-minds,83097a0e1641e8eda5b5ac717e68cdd2	Mentoring Minds	mentoringminds
mind-aim,83097a0e1641e8eda5b5ac717e84705a	Mind Aim	MindAim
mindbody,83097a0e1641e8eda5b5ac717e84f022	MINDBODY	mindbodyonline
mindgenius,83097a0e1641e8eda5b5ac717e856165	MindGenius	MindGenius
mindgruve,83097a0e1641e8eda5b5ac717e857660	Mindgruve	mindgruve
miniclip,83097a0e1641e8eda5b5ac717e88a775	Miniclip	miniclip
mmt-consulting,83097a0e1641e8eda5b5ac717e9435b9	MMT Consulting	margaretthomas
mobilera-holding,83097a0e1641e8eda5b5ac717e9c3cb5	Mobilera Holding	mobilera
modeling-in-motion,83097a0e1641e8eda5b5ac717ea3765b	Modeling in Motion	Motion_Modeling
momac,83097a0e1641e8eda5b5ac717ea920a1	Momac	momac
moneybookers,08ea75d0b39da8eeca1e9129c72a6c30	Skrill (Moneybookers)	skrill
multizona-com,83097a0e1641e8eda5b5ac717ec6fdf9	MultiZona.com	multizona
myrealpage,83097a0e1641e8eda5b5ac717edd2f0c	MyRealPage	myrealpage
mywedding,83097a0e1641e8eda5b5ac717ee2531c	MyWedding	myweddingdotcom
ndrive,83097a0e1641e8eda5b5ac717ef4994d	NDrive	ndrive
neolane,83097a0e1641e8eda5b5ac717efa62c1	Neolane	neolane
net-files,83097a0e1641e8eda5b5ac717effbd49	net-files	netfiles
netexponent,e054627bc6b1f1d8cb812cce420336b0	NETexponent	netexponent
netfunda-technologies,e054627bc6b1f1d8cb812cce4203926c	Netfunda Technologies	netfunda
netviewer,e054627bc6b1f1d8cb812cce4208b3f1	Netviewer	netviewer
new-possibilities-group,e054627bc6b1f1d8cb812cce42101fc6	New Possibilities Group	npgroup
nextsense,e054627bc6b1f1d8cb812cce421b5061	Nextsense	Nextsense_Mk
niji,e054627bc6b1f1d8cb812cce42207f28	Niji	Niji_Digital
nk-films-judojoe-productions,e054627bc6b1f1d8cb812cce4225777b	NK Films / JudoJoe Productions	JudoJoe
noon,e054627bc6b1f1d8cb812cce422b88c7	NOON	design_at_NOON
northridge,e054627bc6b1f1d8cb812cce422ed1e0	Northridge	Northridge360
notando-ltd,e054627bc6b1f1d8cb812cce423064a2	Notando Ltd	simplymeet_me
nxfx-studios,e054627bc6b1f1d8cb812cce423fae2f	NXFX Studios	nxfxcom
objectsharp,e054627bc6b1f1d8cb812cce4244cd17	ObjectSharp	objectsharp
oniracom,e054627bc6b1f1d8cb812cce425e2645	Oniracom	oniracom
online-pharmacies-canada,e054627bc6b1f1d8cb812cce425fb17f	Online Pharmacies Canada	opcanada
opalesque,e054627bc6b1f1d8cb812cce42669440	Opalesque	opalesque
optfirst-inc,e054627bc6b1f1d8cb812cce42708ab3	OptFirst Inc.	OptFirst
orange22,e054627bc6b1f1d8cb812cce427539f1	Orange22	annfinnbalboa
orbit-media-studios,e054627bc6b1f1d8cb812cce42763e89	Orbit Media Studios	orbiteers
orbitz,e054627bc6b1f1d8cb812cce42767157	Orbitz Worldwide	Orbitz
orderdynamics-corporation,e054627bc6b1f1d8cb812cce4277f45e	OrderDynamics Corporation	OrderDynamics
orion-reseller-hosting,e054627bc6b1f1d8cb812cce427b1ab7	Orion Reseller Hosting	Orionhosting
osterman-research,e054627bc6b1f1d8cb812cce427de305	Osterman Research	mosterman
outerthought,e054627bc6b1f1d8cb812cce428186a1	Outerthought	outerthought
outsystems,e054627bc6b1f1d8cb812cce42833cc1	OutSystems	outsystems
ovetel,e054627bc6b1f1d8cb812cce428509b1	OVETEL	ovetel
paralegalgateway,e054627bc6b1f1d8cb812cce42977270	ParalegalGateway	ParaGate
paremus,e054627bc6b1f1d8cb812cce4298b9d5	Paremus	service_fabric
parking-carma,e054627bc6b1f1d8cb812cce429a84ce	ParkingCarma	ParkingCarma
parliament-tutors-2,e054627bc6b1f1d8cb812cce429b4f07	Parliament Tutors	ParliamentTutor
partners-marketing-group,e054627bc6b1f1d8cb812cce429ca041	Partners Marketing Group	partnersmg
peak-web,e054627bc6b1f1d8cb812cce42a9de21	Peak Hosting	PeakHosting
pentasoft,e054627bc6b1f1d8cb812cce42b04ce1	Pentasoft	avactis
peopleanswers,e054627bc6b1f1d8cb812cce42b17538	PeopleAnswers	PeopleAnswers
performance-media-placement,e054627bc6b1f1d8cb812cce42b633b9	Performance Media Placement	performanceMP
peronii-solutions,e054627bc6b1f1d8cb812cce42b85c29	PERONii Solutions	mtrax
phase2-technology,e054627bc6b1f1d8cb812cce42bf31c2	Phase2 Technology	phase2tech
phoenix-infosoft,e054627bc6b1f1d8cb812cce42c10fac	Phoenix Infosoft	maddy
phonearena,e054627bc6b1f1d8cb812cce42c1a26e	PhoneArena	phonearena
phonedog,e054627bc6b1f1d8cb812cce42c1c5ab	PhoneDog Media	phonedog
photocase,e054627bc6b1f1d8cb812cce42c35f0e	Photocase	photocase
photoenforced-com,e054627bc6b1f1d8cb812cce42c38f87	PhotoEnforced.com	photoenforced
pillar-data-systems,e054627bc6b1f1d8cb812cce42cd61dd	Pillar Data Systems	pillardata
pioneermarketers,e054627bc6b1f1d8cb812cce42d1820a	Pioneermarketers	pioneer_mktg
planmill,e054627bc6b1f1d8cb812cce42db0554	PlanMill	planmill
playerthree,e054627bc6b1f1d8cb812cce42e0127a	Playerthree	PlayerthreeUK
pneus-online,e054627bc6b1f1d8cb812cce42e7d20e	PNEUS ONLINE	pneus_online
poi66,e054627bc6b1f1d8cb812cce42ea08cb	POI66	poi66
pokerstars-com,e054627bc6b1f1d8cb812cce42ebf9fe	PokerStars.com	PokerStars
polyspot,e054627bc6b1f1d8cb812cce42ef2bec	PolySpot	PolySpot
portigal-consulting,e054627bc6b1f1d8cb812cce42f49973	Portigal Consulting	steveportigal
pososhok-ru,e054627bc6b1f1d8cb812cce42f605dc	Pososhok.ru	Pososhok
pregnancy-org,e054627bc6b1f1d8cb812cce42ffc6ed	Pregnancy.org	pregnancyorg
presswire,5885c8f942b2d53de0f9ff90e1034bdf	Presswire	presswirePR
presswire-limited,5885c8f942b2d53de0f9ff90e1035288	Presswire Limited	PresswirePR
prima-development-group,5885c8f942b2d53de0f9ff90e106bfd5	PRIMA Development Group	primadevgroup
prime-insurance-agency-2,5885c8f942b2d53de0f9ff90e10786e3	Prime Insurance Agency	primeinsure
pro-technologies,5885c8f942b2d53de0f9ff90e10e2671	Pro-Technologies	webdesign_web2
procera-networks,5885c8f942b2d53de0f9ff90e10f2597	Procera Networks	ProceraNetworks
propertyware,5885c8f942b2d53de0f9ff90e11af5ed	Propertyware	propertyware
proxibid,5885c8f942b2d53de0f9ff90e11fee00	Proxibid	proxibid
purchase-greeting-cards-online,907373444553d8ee3bfe8778cda04bc3	UK Greeting Cards Online	ukgreetingcards
pushtotest,5885c8f942b2d53de0f9ff90e12c158c	PushToTest	fcohen
q2-interactive-media,5885c8f942b2d53de0f9ff90e12ea045	Q2 Interactive Media	q2im
qa-cafe,5885c8f942b2d53de0f9ff90e12ee21c	QA Cafe	qacafe
qarea-2,5885c8f942b2d53de0f9ff90e12f451a	QArea	QArea
qualitysmith-2,5885c8f942b2d53de0f9ff90e1367d88	QualitySmith	QualitySmith
quantaloop,5885c8f942b2d53de0f9ff90e1370c4f	Quantaloop	quantaloop
quodis,5885c8f942b2d53de0f9ff90e1407662	Quodis	quodis
r7-solutions,5885c8f942b2d53de0f9ff90e143dae7	R7 Solutions	r7solutions
railsteam,5885c8f942b2d53de0f9ff90e149ef78	RailsTeam	RailsTeam
ramjet-aviation-support,5885c8f942b2d53de0f9ff90e14c9855	RamJet Aviation Support	ramjetaviation
reaxion-corporation,5885c8f942b2d53de0f9ff90e15f7e2f	Reaxion Corporation	press_ok
recursion-software,5885c8f942b2d53de0f9ff90e162c700	Recursion Software	recursionsw
red-earth-software,5885c8f942b2d53de0f9ff90e1641528	Red Earth Software	redearthsoft
red-javelin-communications,5885c8f942b2d53de0f9ff90e164a9e2	Red Javelin Communications	danaharris
red2,5885c8f942b2d53de0f9ff90e16621dc	red2	red2ltd
redbutton-tv,5885c8f942b2d53de0f9ff90e166bc6f	redbutton.tv	redbuttontv
reflect-systems,5885c8f942b2d53de0f9ff90e16cde72	Reflect Systems	ReflectSystems
reflexis-systems,5885c8f942b2d53de0f9ff90e16d37c8	Reflexis Systems	reflexissystems
renttesters,5885c8f942b2d53de0f9ff90e1794e1a	RentTesters	RentTesters
reply-com,5885c8f942b2d53de0f9ff90e17aa689	Reply! Inc.	ReplyCom
reportlinker,5885c8f942b2d53de0f9ff90e17afd12	ReportLinker	ReportLinker
resident-advisor,5885c8f942b2d53de0f9ff90e17dc1d5	Resident Advisor	residentadvisor
response-mine-interactive,5885c8f942b2d53de0f9ff90e17f6412	Response Mine Interactive	responsemine
rhapsody,5885c8f942b2d53de0f9ff90e18ab989	Rhapsody	rhapsody
robertnemec-com,5885c8f942b2d53de0f9ff90e1974edf	RobertNemec.com	RobertNemec_co
rockchip,5885c8f942b2d53de0f9ff90e1999aac	Rockchip	RockchipsCES
rove,5885c8f942b2d53de0f9ff90e1a409b3	Rove	roveit
rq-investigations,5885c8f942b2d53de0f9ff90e1a5fe00	RQ Investigations	rqinvestigation
rsupport,5885c8f942b2d53de0f9ff90e1a6af2c	Rsupport	RsupportUSA
rumorfeller,5885c8f942b2d53de0f9ff90e1a925ee	RumorFeller	RumorFeller
s1homes,5885c8f942b2d53de0f9ff90e1ad7d89	s1homes	s1homes
salma-systems-computer-recycling,5885c8f942b2d53de0f9ff90e1b7c441	Salma Systems Computer Recycling	SalmaSystems
sarmady,5885c8f942b2d53de0f9ff90e1c01a53	Sarmady	sarmady
sencia,5885c8f942b2d53de0f9ff90e1e5c6e5	Sencia 	senciaweb
sendwordnow,5885c8f942b2d53de0f9ff90e1e60863	Send Word Now	sendwordnow
shazaaam,5885c8f942b2d53de0f9ff90e1fe2c84	Shazaaam!	ShazaaamPR
shopandsave-com,08ea75d0b39da8eeca1e9129c705c793	shopandsave.com	shopsave
shopatron,08ea75d0b39da8eeca1e9129c7060b3a	Shopatron	Shopatron
showing-suite,08ea75d0b39da8eeca1e9129c70bc173	Showing Suite	showingsuite
showing-suite-inc,08ea75d0b39da8eeca1e9129c70bc42e	Showing Suite inc	showingsuite
shqiperia-com,08ea75d0b39da8eeca1e9129c70c71a4	Shqiperia Com	ShqiperiaCom
sihometours-com,08ea75d0b39da8eeca1e9129c7139bf0	SIHomeTours.com	kellythomas
silktide,08ea75d0b39da8eeca1e9129c7163ea7	Silktide	silktide
simbirsoft,08ea75d0b39da8eeca1e9129c7185a3b	SimbirSoft	SimbirSoft
six-apart,08ea75d0b39da8eeca1e9129c7251ab5	Six Apart	sixapart
skipton-business-finance,08ea75d0b39da8eeca1e9129c7298cd6	Skipton Business Finance	SkiptonBF
skoosh,08ea75d0b39da8eeca1e9129c72a1825	Skoosh	skooshhotels
smallworlds,08ea75d0b39da8eeca1e9129c734056e	SmallWorlds	SmallWorldsTwt
smarsh,08ea75d0b39da8eeca1e9129c7344b6d	Smarsh	smarshinc
smart-adserver,08ea75d0b39da8eeca1e9129c7348782	Smart AdServer	SmartAdServerEN
smoothwall,08ea75d0b39da8eeca1e9129c73cf7ff	Smoothwall	smoothwall
solutionz-conferencing,08ea75d0b39da8eeca1e9129c75d5f44	Solutionz Conferencing	SolutionzInc
solvedirect-service-management,08ea75d0b39da8eeca1e9129c75dd386	SolveDirect Service Management	SolveDirectITSM
sonoma-partners,08ea75d0b39da8eeca1e9129c761abe9	Sonoma Partners 	sonomapartners
soppnox-solutions,5885c8f942b2d53de0f9ff90e1ed00b4	SEO Services Company - Soppnox Solutions	SEO_soppnox
sourceburst,08ea75d0b39da8eeca1e9129c76774ee	SourceBurst	SourceBurst
spandigit,08ea75d0b39da8eeca1e9129c76bc53c	SpanDigit	SpanDigit
sparkfly,08ea75d0b39da8eeca1e9129c76d1e7a	Sparkfly	SparkflyBiz
speck-products,08ea75d0b39da8eeca1e9129c770d3aa	Speck Products	speckproducts
spring-wireless,08ea75d0b39da8eeca1e9129c7827929	Spring Wireless	SpringWireless
sputnik,08ea75d0b39da8eeca1e9129c784c224	Sputnik	sputnikwifi
squeaky-wheel-media,08ea75d0b39da8eeca1e9129c786f764	Squeaky Wheel Media	SqueakyNYC
stallion-host-inc,08ea75d0b39da8eeca1e9129c78b4656	Stallion Host Inc	selif00
stardotstar,08ea75d0b39da8eeca1e9129c78d7725	Stardotstar	stardotstar
stocklayouts,08ea75d0b39da8eeca1e9129c79ba3d6	StockLayouts	stocklayouts
stormsource-software,5fae06029bbe793553b81c6aca8a0919	Appointment-Plus	AppointmentPlus
streamuk,08ea75d0b39da8eeca1e9129c7a4b3f6	StreamUK	streamuk
studimedia-gmbh,08ea75d0b39da8eeca1e9129c7a8dbed	StudiMedia	studimedia
studio-create,08ea75d0b39da8eeca1e9129c7a8e638	Studio Create	StudioCreate
successfactors,08ea75d0b39da8eeca1e9129c7aefe56	SuccessFactors	successfactors
swiss-commerce,08ea75d0b39da8eeca1e9129c7c41079	Swiss Commerce	swisscommerce
t3-advisors,08ea75d0b39da8eeca1e9129c7d1eee4	T3 Advisors	T3ExpectMore
takkarr,08ea75d0b39da8eeca1e9129c7d86f4f	takkarr	takkarr5
talk2rep,08ea75d0b39da8eeca1e9129c7dab53b	Talk2Rep 	talk2rep
targetdata-uk,08ea75d0b39da8eeca1e9129c7e1921a	TargetData (UK)	targetdata
tatvasoft,08ea75d0b39da8eeca1e9129c7e4766e	TatvaSoft	tatvasoft
tatvasoft-global,08ea75d0b39da8eeca1e9129c7e480a3	TatvaSoft Global	kksheth01
tcbsolutions-net,08ea75d0b39da8eeca1e9129c7e6e7a4	TCBSolutions.net	Countrysbestres
technocraft-pakistan,08ea75d0b39da8eeca1e9129c7ef9eb7	Technocraft Pakistan	technocraftpak
tecsisa,08ea75d0b39da8eeca1e9129c7f44653	Tecsisa	tecsisa
tecture,08ea75d0b39da8eeca1e9129c7f448f8	Tecture	tecture
teledna,08ea75d0b39da8eeca1e9129c7f929ef	TeleDNA	telednaglobal
terrapin-consulting,907373444553d8ee3bfe8778cd047198	Terrapin Consulting	terrapinconsult
textmagic,907373444553d8ee3bfe8778cd0980eb	TextMagic	textmagic
the-barbarian-group,907373444553d8ee3bfe8778cd0d3970	The Barbarian Group	barbariangroup
the-butler-mastering-2,907373444553d8ee3bfe8778cd0f5d49	The Butler Mastering	ButlerMastering
the-nocklist,907373444553d8ee3bfe8778cd1e582d	THE NOCKLIST	absractsurreal
the-prime-grill-2,907373444553d8ee3bfe8778cd214afc	The Prime Grill	theprimegrill
theeyeworks,907373444553d8ee3bfe8778cd2bddf1	TheEyeWorks	theeyeworks
think-finance,907373444553d8ee3bfe8778cd3313ea	Think Finance	ThinkFinance
thinkcash,907373444553d8ee3bfe8778cd33bc92	ThinkCash	ThinkCash
threewill,907373444553d8ee3bfe8778cd3a00d7	ThreeWill	threewill
tis-india,907373444553d8ee3bfe8778cd487185	TIS India	tisindia
titan-capital-group,907373444553d8ee3bfe8778cd489ce9	Titan Capital Group	russellabrams
tma-e-marketing,907373444553d8ee3bfe8778cd4a7847	TMA E-Marketing	tmaemarketing
today-translations,907373444553d8ee3bfe8778cd4bcc11	Today Translations	translation_uk
toonups,907373444553d8ee3bfe8778cd5016cf	ToonUps	toonups
traction,907373444553d8ee3bfe8778cd5df3f9	Traction	traction
trade2win-com,907373444553d8ee3bfe8778cd5ed053	Trade2Win.com	trade2win
transgaming,907373444553d8ee3bfe8778cd661235	TransGaming	transgaming
translation-services-agency,907373444553d8ee3bfe8778cd66d5b6	Translation Services Agency	GPITranslates
troux-technologies,907373444553d8ee3bfe8778cd7bc6cb	Troux Technologies	trouxsoftware
ub-04-software,907373444553d8ee3bfe8778cd9adcff	UB-04 Software	UB04software
ubersmith,907373444553d8ee3bfe8778cd9b8633	Ubersmith	ubersmith
ukash,907373444553d8ee3bfe8778cda09f9d	Ukash	PayWithUkash
unitedlayer,907373444553d8ee3bfe8778cdac09dc	UnitedLayer	unitedlayer
unknown-worlds-entertainment,907373444553d8ee3bfe8778cdafe302	Unknown Worlds Entertainment	NS2
uoften-com,907373444553d8ee3bfe8778cdb26af9	uoften.com	uoften
upstream-systems,907373444553d8ee3bfe8778cdb5aff2	Upstream	upstreamglobal
userplane,907373444553d8ee3bfe8778cdbda439	Userplane	userplane
vanksen,907373444553d8ee3bfe8778cdc8abbd	Vanksen	vanksen_com
vantage-partners,907373444553d8ee3bfe8778cdc8f9dc	Vantage Partners	leadershipxpert
velti,907373444553d8ee3bfe8778cdd18f4c	Velti	VeltiMobile
venice-consulting-group,907373444553d8ee3bfe8778cdd38dd1	Venice Consulting Group	V_C_G
vertical-leap-ltd,907373444553d8ee3bfe8778cddd2d8e	Vertical Leap Ltd .	verticalleap
vertical-response,907373444553d8ee3bfe8778cddd816c	VerticalResponse	vr4smallbiz
vex,907373444553d8ee3bfe8778cddfb137	Vex	vexcorp
vicman-software,907373444553d8ee3bfe8778cde3dc73	VicMan Software	pho_to
vioma,907373444553d8ee3bfe8778cded732a	vioma	viomaGmbH
viope-solutions,907373444553d8ee3bfe8778cded7eb2	Viope Solutions	Viope
virtual-software-inc,907373444553d8ee3bfe8778cdf1f8f5	Virtual Software Inc.	virtualsoftware
volacci,40effe5288e80a75577c6fc0580316ee	Volacci	Volacci
vormetric,40effe5288e80a75577c6fc058059717	Vormetric	vormetric
walker-sands-communications,40effe5288e80a75577c6fc0581016a8	Walker Sands Communications	WalkerSands
wda,40effe5288e80a75577c6fc0581a5ab4	WDA	WDA_us
web-based-software-com,40effe5288e80a75577c6fc05820086a	Web-Based-Software.com	webbasedsoft
webdevstudios,40effe5288e80a75577c6fc05822ff4b	WebDevStudios	WebDevStudios
webscribblesolutions,40effe5288e80a75577c6fc0581f2b2e	Web Scribble Solutions	webscribble
webtyde-internet-marketing,40effe5288e80a75577c6fc0582c1c96	Webtyde Internet Marketing	webtyde
webvisible,40effe5288e80a75577c6fc0582c56a5	WebVisible	WebVisible
wfg-canada,40effe5288e80a75577c6fc05836c768	WFG Canada	wfgcanada
whitehat-security,40effe5288e80a75577c6fc0583c7714	WhiteHat Security	whitehatsec
wikid-systems,40effe5288e80a75577c6fc05842ce5b	WiKID Systems	wikidsystems
wireless-emporium-inc,40effe5288e80a75577c6fc0584c7a6f	Wireless Emporium	wirelessemp
wit-software,40effe5288e80a75577c6fc0584fa33a	WIT Software	WIT_Software
wmaker,40effe5288e80a75577c6fc05851aa90	WMaker	webzinemaker
woolf-lapin,40effe5288e80a75577c6fc05854ea9f	Woolf+Lapin	woolflapin
worldwide-knives-discount-knife-emporium,40effe5288e80a75577c6fc0585d1643	Worldwide Knives Discount Knife Emporium	knifestore
wpromote-inc,40effe5288e80a75577c6fc0585f1c10	Wpromote Inc.	wpromote
x3-studios,40effe5288e80a75577c6fc0586b4a5e	X3 Studios	x3studios
xcerion,40effe5288e80a75577c6fc0586dba86	Xcerion	xcerion
xoom,40effe5288e80a75577c6fc058743566	Xoom Corporation	xoom
xtenza-solutions,40effe5288e80a75577c6fc058768d98	Xtenza Solutions	XtenzaSolutions
xtuple,40effe5288e80a75577c6fc0587780d5	xTuple	xTuple
xyz-graphics,40effe5288e80a75577c6fc05878595f	XYZ Graphics	xyzgraphics
yendo,40effe5288e80a75577c6fc0588017dd	Yendo	yendoaccounts
yourownstore,40effe5288e80a75577c6fc0588b1c9e	Yourownstore	yourownstore
yuna-software,40effe5288e80a75577c6fc0588f8d72	Yuna Software	Messenger_Plus
