abacast-inc,5fae06029bbe793553b81c6aca0499c3	Abacast	Abacast
absolu-telecom,5fae06029bbe793553b81c6aca09d901	ABSOLU TELECOM	ABSOLUPAYMENT
abundant-life-academy-at-kanab-utah,5fae06029bbe793553b81c6aca0ad214	Abundant Life Academy at Kanab Utah	craigrogersala
accelastudy,5885c8f942b2d53de0f9ff90e175aec6	Renkara Media Group	renkaramedia
accommodation-for-students-ltd,5fae06029bbe793553b81c6aca0fae43	Accommodation for Students Ltd	accomforstudent
actito,5fae06029bbe793553b81c6aca17f61a	Actito	ACTITO_MAS
activestrategy,5fae06029bbe793553b81c6aca19fa00	ActiveStrategy	ActiveStrategy
acurest-tm,5fae06029bbe793553b81c6aca1c7aa7	Acurest TM	acuresttm
adaptik-corporation,5fae06029bbe793553b81c6aca1e5b6d	Adaptik Corporation	adaptik
adgiants,5fae06029bbe793553b81c6aca251f0f	AdGiants	adgiants
adlib-software,5fae06029bbe793553b81c6aca278ab9	Adlib Software	adlibsoftware
admarketplace,5fae06029bbe793553b81c6aca27e618	adMarketplace.com	adMarketplace
adoption-star,5fae06029bbe793553b81c6aca2a4ee3	Adoption STAR	adoptionstar
affiliate-window,5fae06029bbe793553b81c6aca3886cb	Affiliate Window	affwin
affinnova,5fae06029bbe793553b81c6aca39d232	Affinnova	affinnova
agriya-infoway,5fae06029bbe793553b81c6aca4226c9	Agriya	agriyanews
aigc-northamerica,5fae06029bbe793553b81c6aca447f62	Aigc Northamerica	aigcnamerica
alligacom,5fae06029bbe793553b81c6aca57ec18	ALLiGACOM 	ALLiGACOM
aloki-inc,5fae06029bbe793553b81c6aca5b5677	Aloki Inc.	AlokiDesign
altaide,5fae06029bbe793553b81c6aca5e896b	ALTAIDE	altaide_jf
am-j-marketing-network-professionals,5fae06029bbe793553b81c6aca62dcd8	AM&J Marketing Network Professionals	amj_pro
americommerce,5fae06029bbe793553b81c6aca6a68d4	AmeriCommerce	americommerce
amethon-solutions,5fae06029bbe793553b81c6aca6acf12	Amethon Solutions	amethon
anchor,5fae06029bbe793553b81c6aca7180fa	Anchor	anchorsystems
andera,5fae06029bbe793553b81c6aca721f83	Andera	CharlieKroll
andersen-environmental,5fae06029bbe793553b81c6aca72465c	Andersen Environmental	AndersenEnviro
apache-energy,5fae06029bbe793553b81c6aca7d4805	Apache Energy	apacheenergyllc
aplaceformom,5fae06029bbe793553b81c6aca012505	A Place for Mom	apfmnews
apps4rent-com,5fae06029bbe793553b81c6aca8b8df2	Apps4Rent.com	Apps4rent
aras,5fae06029bbe793553b81c6aca934798	Aras	Aras_PLM
arcsight-inc,5fae06029bbe793553b81c6aca961027	ArcSight	arcsight
arena-solutions,5fae06029bbe793553b81c6aca978138	Arena Solutions	arenasolutions
arodar-motos-zanella,5fae06029bbe793553b81c6aca9b211b	aRodar Motos Zanella	arodar
artec-technologies,5fae06029bbe793553b81c6aca9d962c	artec technologies	artec_techn
artichokemedia,5fae06029bbe793553b81c6aca9ebb17	Artichokemedia	Artichokemedia
ascedia,5fae06029bbe793553b81c6acaa33b55	ascedia	ascedia
assetrelay,5fae06029bbe793553b81c6acaa9cb35	AssetRelay	AssetRelay
astaro,5fae06029bbe793553b81c6acaab2385	Astaro	Astaro
atcom,5fae06029bbe793553b81c6acaaea201	ATCOM	atcom_gr
atelier-seo,5fae06029bbe793553b81c6acaaf3d78	Atelier SEO	AtelierSEO
atp-innovations,5fae06029bbe793553b81c6acab415ad	ATP Innovations	Atpinnovations
ats,5fae06029bbe793553b81c6acab4a8e0	ATS	atlantisllc
avaya,5fae06029bbe793553b81c6acac47c5f	Avaya	Avaya
axionstudios,5fae06029bbe793553b81c6acacbe4d5	AXIONstudios	axionstudios
ayerviernes-s-a,5fae06029bbe793553b81c6acacdac56	AyerViernes S.A.	ayerviernes
b-pack,5fae06029bbe793553b81c6acad03f9a	b-pack	bpackpurchasing
bcg-attorney-search,5fae06029bbe793553b81c6acae44cad	BCG Attorney Search	BCGAttorneyJobs
beamonte-investments,5fae06029bbe793553b81c6acae71000	Beamonte Investments	beamonte_invest
beracha-foundation,5fae06029bbe793553b81c6acaf20ae9	Beracha Foundation	Beracha_Found
best-discount-deals,5fae06029bbe793553b81c6acaf54024	Best-Discount-Deals	discount_deals
bguided,5fae06029bbe793553b81c6acafb2b0b	bguided	bguided
binary-intelligence,fb79c1faa23e6537889b8b58ca0573c6	Binary Intelligence	binaryintel
bizbash-media,fb79c1faa23e6537889b8b58ca119dba	BizBash Media	davidadler
blinds-and-shutters,fb79c1faa23e6537889b8b58ca1a4923	Blinds and Shutters	centenariokaty
blink-media-works,fb79c1faa23e6537889b8b58ca1acfed	Blink Media Works	GetConnectedNow
blue-halo-creative,fb79c1faa23e6537889b8b58ca22efa3	Blue Halo Creative	traceygramm
blue-wave-semiconductors-inc,fb79c1faa23e6537889b8b58ca2505c8	Blue Wave Semiconductors Inc.	bluewavesemi
blueapple-technologies,fb79c1faa23e6537889b8b58ca252547	BlueApple Technologies	blueappleonline
bluewolf,fb79c1faa23e6537889b8b58ca29bb3c	Bluewolf	Bluewolf
boardgamegeek,fb79c1faa23e6537889b8b58ca2c07c1	BoardGameGeek	boardgamegeek
booksfree,fb79c1faa23e6537889b8b58ca3412ce	Booksfree	Booksfree
boomi,fb79c1faa23e6537889b8b58ca357e8e	Boomi	boomi
brainloop,fb79c1faa23e6537889b8b58ca3eb63e	Brainloop	brainloop
broekman-communications,fb79c1faa23e6537889b8b58ca4f4429	BROEKMAN communications	broekman
build-com,fb79c1faa23e6537889b8b58ca5722bb	Build.com	buildcom
business-propulsion-systems,fb79c1faa23e6537889b8b58ca3ce5fe	BPS Resolver	BPS_Resolver
buysafe,fb79c1faa23e6537889b8b58ca626616	buySAFE	buySAFE
bwired,fb79c1faa23e6537889b8b58ca6616af	bwired	bwired_group
bytemobile,fb79c1faa23e6537889b8b58ca679b02	Bytemobile	bytemobile
calypso-communications,fb79c1faa23e6537889b8b58ca73591d	Calypso Communications	calypsotweet
car-finance-247,fb79c1faa23e6537889b8b58ca7ef8d7	Car Finance 247	carfinance247
carbon-five,fb79c1faa23e6537889b8b58ca8010e3	Carbon Five	carbonfive
carolina-rustica,fb79c1faa23e6537889b8b58ca87ddc4	Carolina Rustica	carolinarustica
cash-for-cars-in-los-angeles,fb79c1faa23e6537889b8b58ca8bf40a	Cash For Cars In Los Angeles	SulaBerk
caspio,fb79c1faa23e6537889b8b58ca8ce5f7	Caspio	caspio
catalyst-secure,fb79c1faa23e6537889b8b58ca8eb0d0	Catalyst Repository Systems	catalystsecure
cdn-solutions-group,fb79c1faa23e6537889b8b58ca93e3b2	CDN Software Solutions Pvt. Ltd.	cdnsolutions
cdnetworks,fb79c1faa23e6537889b8b58ca93f9bf	CDNetworks	CDNetworks
ceiva,fb79c1faa23e6537889b8b58ca954388	Ceiva	ceiva
celebros,fb79c1faa23e6537889b8b58ca95b856	Celebros	bafick
celltick-technologies,fb79c1faa23e6537889b8b58ca986371	Celltick Technologies	celltick
cerego-japan-inc,fb79c1faa23e6537889b8b58ca9f34b4	Cerego Japan Inc.	SmartfmTeam
changepond-technologies,fb79c1faa23e6537889b8b58caa3deb6	Changepond Technologies	nethacka86
cheapdroids,fb79c1faa23e6537889b8b58caa99190	CheapDroids	cheap_droids
christmas-lights-etc,fb79c1faa23e6537889b8b58cab4b5df	Christmas Lights Etc.	LEDChristmas
cignex-technologies,fb79c1faa23e6537889b8b58cab85c27	CIGNEX Technologies	CIGNEX
ciplex,fb79c1faa23e6537889b8b58cabb1c31	Ciplex	ciplex
civicore,fb79c1faa23e6537889b8b58cac1e41c	CiviCore	civicore
clarion-technologies,fb79c1faa23e6537889b8b58cac3b33e	Clarion Technologies	clarion_tech
clarium-group,fb79c1faa23e6537889b8b58cac44d7a	Clarium Group	ClariumIT
clearlead,fb79c1faa23e6537889b8b58caca721d	ClearLead	ClearLeadinc
clevermethod,fb79c1faa23e6537889b8b58cacceae2	clevermethod	clevermethod
clipping-design,fb79c1faa23e6537889b8b58cad36714	Clipping Design	clippingdesign
coastal-com,fb79c1faa23e6537889b8b58cae00e9c	Coastal.com	TweetCoastal
colibria,fb79c1faa23e6537889b8b58cae98d06	Colibria 	Colibria
colocation-america,fb79c1faa23e6537889b8b58caede17b	Colocation America	colocationUSA
color-card-administrator,fb79c1faa23e6537889b8b58caee2cfd	Color Card Administrator	TheArtofBC
commit-consultants,fb79c1faa23e6537889b8b58caf3807d	CommIT Consultants	seo_singapore
competitions-australia,fb79c1faa23e6537889b8b58caf9020d	Competitions Australia	competitions_au
concept,fb79c1faa23e6537889b8b58cafeb825	Concept	mykefm
connect-your-home,c61e6a5dd61ef3ac28d02c864e042ad0	Connect Your Home	ConnectYourHome
connotate,c61e6a5dd61ef3ac28d02c864e0666d6	Connotate	connotate
cpower,c61e6a5dd61ef3ac28d02c864e2331cf	CPower	cpowered
cpx-interactive,c61e6a5dd61ef3ac28d02c864e237223	CPX Interactive	cpxinteractive
cramer-development,c61e6a5dd61ef3ac28d02c864e24bbcb	Cramer Development	cramerdev
crossknowledge,c61e6a5dd61ef3ac28d02c864e312523	CrossKnowledge	CrossKnowledge
customink,c61e6a5dd61ef3ac28d02c864e3ff36d	CustomInk	customink
cyberwit-net,c61e6a5dd61ef3ac28d02c864e4418c1	Cyberwit.net	cyberwitdotnet
cynthianevels-com,c61e6a5dd61ef3ac28d02c864e460af8	CynthiaNevels.com	cynthianevels
cyteshoppe,c61e6a5dd61ef3ac28d02c864e4710a2	CyteShoppe	CyteShoppe
cytorex-biosciences,c61e6a5dd61ef3ac28d02c864e47b3f4	Cytorex Biosciences	cytorex
data-expedition,c61e6a5dd61ef3ac28d02c864e5212d9	Data Expedition	expedat
data-expedition,c61e6a5dd61ef3ac28d02c864ec5b8cb	Data Expedition	expedat
datapoint-inc,c61e6a5dd61ef3ac28d02c864e55d21f	DataPoint Inc.	datapointinc
datapoint-inc,c61e6a5dd61ef3ac28d02c864ec996cd	DataPoint Inc.	datapointinc
daumsoft,c61e6a5dd61ef3ac28d02c864e5930c6	Daumsoft	daumsoft
daumsoft,c61e6a5dd61ef3ac28d02c864ecccbfa	Daumsoft	daumsoft
dealmaker-media,c61e6a5dd61ef3ac28d02c864e61ea63	Dealmaker Media	dealmakermedia
dealmaker-media,c61e6a5dd61ef3ac28d02c864ed51fef	Dealmaker Media	dealmakermedia
decos-software-development,c61e6a5dd61ef3ac28d02c864e66f4df	Decos Software Development	decosindia
decos-software-development,c61e6a5dd61ef3ac28d02c864eda0bee	Decos Software Development	decosindia
dellustrations,c61e6a5dd61ef3ac28d02c864e6addca	Dellustrations	Dellustrations
dellustrations,c61e6a5dd61ef3ac28d02c864ede6b34	Dellustrations	Dellustrations
design-divas,c61e6a5dd61ef3ac28d02c864e7226d5	Design Divas	designedbydivas
design-divas,c61e6a5dd61ef3ac28d02c864ee4b929	Design Divas	designedbydivas
design2express,c61e6a5dd61ef3ac28d02c864e72dae3	Design2Express	Design2Express
design2express,c61e6a5dd61ef3ac28d02c864ee55f53	Design2Express	Design2Express
devcom,c61e6a5dd61ef3ac28d02c864e77083e	DevCom	DevComLtd
devcom,c61e6a5dd61ef3ac28d02c864ee93c58	DevCom	DevComLtd
deviantart,c61e6a5dd61ef3ac28d02c864e783379	deviantART	deviantart
deviantart,c61e6a5dd61ef3ac28d02c864eea77be	deviantART	deviantart
digital-fuel,c61e6a5dd61ef3ac28d02c864e832569	Digital Fuel	digitalfuel_
digital-fuel,c61e6a5dd61ef3ac28d02c864ef6c34a	Digital Fuel	digitalfuel_
digital-publishing,c61e6a5dd61ef3ac28d02c864e8584f4	digital publishing	dptweets
digital-publishing,c61e6a5dd61ef3ac28d02c864ef957b7	digital publishing	dptweets
digital-six,c61e6a5dd61ef3ac28d02c864e865d9b	Digital Six	_digitalsix
digital-six,c61e6a5dd61ef3ac28d02c864efa3c0b	Digital Six	_digitalsix
direct-connect-auto-transport,4b9962595d7ff850d591b39c00007b64	Direct Connect Auto Transport	directconnect
direct-connect-auto-transport,c61e6a5dd61ef3ac28d02c864e8cbddf	Direct Connect Auto Transport	directconnect
directathletics,4b9962595d7ff850d591b39c0001b166	DirectAthletics	directathletics
directathletics,c61e6a5dd61ef3ac28d02c864e8daef5	DirectAthletics	directathletics
directfix,4b9962595d7ff850d591b39c0001d710	DirectFix	directfix
directfix,c61e6a5dd61ef3ac28d02c864e8ddb3e	DirectFix	directfix
discount-puppets-theater-show-store,4b9962595d7ff850d591b39c0003776b	Discount Puppets Theater Show Store	puppetstore
discount-puppets-theater-show-store,c61e6a5dd61ef3ac28d02c864e8fa191	Discount Puppets Theater Show Store	puppetstore
discovery-expeditions-adventures,4b9962595d7ff850d591b39c000436a9	Discovery Expeditions & Adventures	discoveryxa
discovery-expeditions-adventures,c61e6a5dd61ef3ac28d02c864e9062cf	Discovery Expeditions & Adventures	discoveryxa
discrete-wireless,4b9962595d7ff850d591b39c0004c48e	Discrete Wireless	GPSforfleets
discrete-wireless,c61e6a5dd61ef3ac28d02c864e90d1fb	Discrete Wireless	GPSforfleets
distinctive-media,4b9962595d7ff850d591b39c0006f5d0	Distinctive Media	Distinctive_AM
distinctive-media,c61e6a5dd61ef3ac28d02c864e93227f	Distinctive Media	Distinctive_AM
dnhost,4b9962595d7ff850d591b39c000c7842	dnHost	dnhost
dnhost,c61e6a5dd61ef3ac28d02c864e987992	dnHost	dnhost
donorschoose-org,4b9962595d7ff850d591b39c0015a40d	DonorsChoose.org	donorschoose
donorschoose-org,c61e6a5dd61ef3ac28d02c864ea12f9f	DonorsChoose.org	donorschoose
door4,4b9962595d7ff850d591b39c0016c532	Door4	door4
door4,c61e6a5dd61ef3ac28d02c864ea23269	Door4	door4
dot-com-infoway,4b9962595d7ff850d591b39c00189959	Dot Com Infoway	dotcominfoway
dot-com-infoway,c61e6a5dd61ef3ac28d02c864ea3e4ab	Dot Com Infoway	dotcominfoway
dot-com-infoway-australia,4b9962595d7ff850d591b39c00189aaa	Dot Com Infoway Australia	dotcominfoway
dot-com-infoway-australia,c61e6a5dd61ef3ac28d02c864ea3f03c	Dot Com Infoway Australia	dotcominfoway
dream-careers,4b9962595d7ff850d591b39c001f3f45	Dream Careers	dreamcareers
dream-careers,c61e6a5dd61ef3ac28d02c864eaad4e5	Dream Careers	dreamcareers
dream-dezigns,4b9962595d7ff850d591b39c001f5477	Dream Dezigns	dreamdezigns
dream-dezigns,c61e6a5dd61ef3ac28d02c864eaaf5ba	Dream Dezigns	dreamdezigns
dxy,4b9962595d7ff850d591b39c002cf2d9	DXY	DXYinfo
dxy,c61e6a5dd61ef3ac28d02c864eb892ea	DXY	DXYinfo
e-marketing-solution,4b9962595d7ff850d591b39c00331a8d	E-Marketing Solution	sunrichardson02
e-tb-group-spanish-dmc,4b9962595d7ff850d591b39c0030e017	E&TB Group Spanish DMC	eatbdmc
e2open,4b9962595d7ff850d591b39c0034974a	E2open	e2open
earth-advantage-inc,4b9962595d7ff850d591b39c00366196	Earth Advantage Inc.	earthadvantage
ec21,4b9962595d7ff850d591b39c003f2cd2	EC21	ec21talk
eclyptix,4b9962595d7ff850d591b39c004217e5	Eclyptix	eclyptix
ecoast-sales-solutions,4b9962595d7ff850d591b39c0042aa3c	eCoast	eCoast
ecosys,4b9962595d7ff850d591b39c0045ca3d	EcoSys	EcoSysEPC
edelsbacher-design-group,4b9962595d7ff850d591b39c0047975a	Edelsbacher Design Group	EDGAdvertising
edgeguide,4b9962595d7ff850d591b39c0048571c	EdgeGuide	EdgeGuide
effidata,4b9962595d7ff850d591b39c004ebefd	Effidata	effidtata
eforcers,4b9962595d7ff850d591b39c004f495d	Eforcers 	eforcers
eforcers-s-a,4b9962595d7ff850d591b39c004f4cc7	Eforcers S.A.	eforcers
eforexgold,4b9962595d7ff850d591b39c004f582f	eForexGold	eForexGold
egenera-inc,4b9962595d7ff850d591b39c005044e0	Egenera	egenera
elastic-path,4b9962595d7ff850d591b39c005624bf	Elastic Path	elasticpath
electric-rain,4b9962595d7ff850d591b39c0057aaab	Electric Rain	swift3d
elementool,4b9962595d7ff850d591b39c005a5059	Elementool	elementool
elemica,4b9962595d7ff850d591b39c005a744f	Elemica	elemica
elibs-com,4b9962595d7ff850d591b39c005bd3c0	eLibs.com	eLibsTweets
emantras,4b9962595d7ff850d591b39c006029eb	Emantras	Emantras
emeetingsonline,4b9962595d7ff850d591b39c0062c9ba	eMeetingsOnline	eMeetingsOnline
emtrace-technologies,4b9962595d7ff850d591b39c00691cb6	Emtrace Technologies	mecrm
endava,4b9962595d7ff850d591b39c006b89c1	Endava	endava
enrise,4b9962595d7ff850d591b39c00743910	Enrise	enrise
entermedia-software,4b9962595d7ff850d591b39c0075f5a1	EnterMedia Software	openedit
entopic,4b9962595d7ff850d591b39c00779d24	Entopic	entopic
epazz,4b9962595d7ff850d591b39c007c6fbc	Epazz	epazz
ephotozine,4b9962595d7ff850d591b39c007cadc4	ePHOTOzine	ephotozine
epic-advertising,4b9962595d7ff850d591b39c007ccc86	Epic Advertising	epicadvertising
erkan-onder-company,4b9962595d7ff850d591b39c00846af5	Erkan Onder Company	ErkanOnderCo
espace,4b9962595d7ff850d591b39c0087e141	eSpace	eSpacian
etoolsmiths,4b9962595d7ff850d591b39c008d7a12	Etoolsmiths	boundaryscan
eurotiendaonline,4b9962595d7ff850d591b39c0090f402	Eurotiendaonline	eurotiendaonlin
euston-digital,4b9962595d7ff850d591b39c00911ae4	Euston Digital	eustondigital
evenium,4b9962595d7ff850d591b39c0092fad7	Evenium	evenium
evidian,4b9962595d7ff850d591b39c0098f77b	Evidian	evidian
evoluce,4b9962595d7ff850d591b39c009a88d7	Evoluce	Evoluce
exclaim-solutions-inc,4b9962595d7ff850d591b39c00a00098	exclaim solutions inc.	exclaim
exclusive-in-italy,4b9962595d7ff850d591b39c00a00e2f	Exclusive in Italy	xclusiveinitaly
extension-engine,4b9962595d7ff850d591b39c00a819f6	extensionEngine	extensionengine
eyeball-networks,4b9962595d7ff850d591b39c00aa433d	Eyeball Networks	eyeballnetworks
fibre2fashion,4b9962595d7ff850d591b39c00c84347	Fibre2fashion	fibre2fashion
filecatalyst,4b9962595d7ff850d591b39c00cb7c9f	FileCatalyst	filecatalyst
financialcontent,4b9962595d7ff850d591b39c00cf9712	FinancialContent	FinContent
firebrand-2,4b9962595d7ff850d591b39c00d41c86	Firebrand	firebrandllc
fitbyte,4b9962595d7ff850d591b39c00dab734	Fitbyte	Fitbyte
flavorpill,4b9962595d7ff850d591b39c00e13bda	Flavorpill	flavorpill
flowfinity-wireless-inc,4b9962595d7ff850d591b39c00e896ab	Flowfinity Wireless Inc.	flowfinity
flux,4b9962595d7ff850d591b39c00eac328	Flux	fluxies
fog-creek-software,4b9962595d7ff850d591b39c00edc369	Fog Creek Software	FogBugz
forzieri,4b9962595d7ff850d591b39c00f967ab	FORZIERI	FORZIERI_COM
free-tax-usa,bb00443be334273f59d3ef19d102f3f6	Free Tax USA	FreeTaxUSA
friendsreunited,bb00443be334273f59d3ef19d10b40e0	Friends Reunited	FR_Team
front,bb00443be334273f59d3ef19d10cbaad	Front	designbyfront
funeralone,bb00443be334273f59d3ef19d1146943	funeralOne	funeralone
g2g3,bb00443be334273f59d3ef19d11c0c11	G2G3	g2g3
geebo,bb00443be334273f59d3ef19d12db9c8	Geebo	gregcollier
gentics,bb00443be334273f59d3ef19d136512f	Gentics	gentics
gigasoft-brasil,bb00443be334273f59d3ef19d14367ae	Gigasoft Brasil	GigasoftBR
gigaspaces,bb00443be334273f59d3ef19d1436c51	GigaSpaces	gigaspaces
global-mind,bb00443be334273f59d3ef19d14ed225	Global Mind	globalmind360
glowpoint,bb00443be334273f59d3ef19d154804c	Glowpoint	GlowpointBuzz
gns-healthcare,bb00443be334273f59d3ef19d156c0ad	GNS Healthcare	gnshealthcare
go4hosting,bb00443be334273f59d3ef19d158979a	Go4hosting	go4hosting
goecart,bb00443be334273f59d3ef19d15aa856	GoECart All-in-One SaaS Ecommerce Suite	goecart
gofluent,bb00443be334273f59d3ef19d15af4bd	goFLUENT	gofluent
goscomb-technologies,bb00443be334273f59d3ef19d166dcc8	Goscomb Technologies	goscombtech
gowebbaby,bb00443be334273f59d3ef19d16a70b6	Gowebbaby	gowebbaby
gowebbaby-web-design-wordpress-designer-company,bb00443be334273f59d3ef19d16a7897	Gowebbaby Web Design & Wordpress Designer Company	gowebbaby
grafika-marketing,bb00443be334273f59d3ef19d16d3f76	GrafiKa MarKeting	MarKeting_CR
green-packet,bb00443be334273f59d3ef19d1748845	Green Packet	greenpacket
greener-world-media,bb00443be334273f59d3ef19d1756234	GreenBiz Group	greenbiz
grnlive,bb00443be334273f59d3ef19d17c4c64	GRNLive	grnlive
groundspeak,bb00443be334273f59d3ef19d17e4994	Groundspeak	gogeocaching
habitusnet-consulting-ag,bb00443be334273f59d3ef19d18eabd6	Habitusnet Consulting AG	habitusnet
hall-web-services,bb00443be334273f59d3ef19d1913695	Hall Web Services	Hall_Web
handmark,bb00443be334273f59d3ef19d1937109	Handmark	onelouderapps
hands-on-web-hosting,bb00443be334273f59d3ef19d1939fb9	Hands-on Web Hosting	handsonhosting
handyman-services-in-denver,bb00443be334273f59d3ef19d1941dff	Handyman Services In Denver	ChrisHarmon
happyneuron,bb00443be334273f59d3ef19d1964b04	HAPPYneuron	happyneuron
hatsize,bb00443be334273f59d3ef19d19a50b2	Hatsize	hatsize
hexacta,bb00443be334273f59d3ef19d1ac661b	Hexacta	Hexacta
hotwire,bb00443be334273f59d3ef19d1c87a15	Hotwire	hotwire
ht-t-consulting-srl,bb00443be334273f59d3ef19d1cd4b99	HT&T Consulting srl	httcconsulting
hubspan,bb00443be334273f59d3ef19d1d0f803	Hubspan	Hubspan
hxtechnologies,bb00443be334273f59d3ef19d1d6769c	HxTechnologies	medecision
hydrosport,bb00443be334273f59d3ef19d1d78681	HydroSport	swiggies
hyperwallet-systems,bb00443be334273f59d3ef19d1da0b1f	hyperWALLET Systems	hyperwallet
iadea,bb00443be334273f59d3ef19d1df11e5	IAdea	iadea
icnet-international,bb00443be334273f59d3ef19d1e66ada	ICNet International	icnetplc
icreon-communications,bb00443be334273f59d3ef19d1e87da6	Icreon Communications	icreon
idatix,bb00443be334273f59d3ef19d1ea022a	iDatix	iDatix
ikode-newsletter-server,bb00443be334273f59d3ef19d1f7e500	iKode Newsletter Server	PHPKode
image-metrics,bb00443be334273f59d3ef19d1faa12d	Image Metrics	Image_Metrics
imente,bb00443be334273f59d3ef19d1fe92e5	iMente	imente
immervision,597e595b22c7371d2769eb1fa00049ab	ImmerVision	ImmerVision
impact-engine,597e595b22c7371d2769eb1fa002349c	Impact Engine	displayads
impinj,597e595b22c7371d2769eb1fa00395bd	Impinj	impinjrfid
imusica,597e595b22c7371d2769eb1fa0062c30	iMusica	imusica
indgena,597e595b22c7371d2769eb1fa00e4737	Indigena	IndigenaDigital
indianet-consultants,597e595b22c7371d2769eb1fa00d07ae	IndiaNet Consultants	indialaw
infosearch-bpo-services,597e595b22c7371d2769eb1fa019c0b5	Infosearch BPO Services	infosearchbpo
infosec-institute,597e595b22c7371d2769eb1fa019d582	InfoSec Institute	infosecedu
infoserve-consultants,597e595b22c7371d2769eb1fa019f001	Infoserve Consultants	infoserve_
ingenux,597e595b22c7371d2769eb1fa01ccdbb	Ingenux	ingenux
innoshare-web-design,597e595b22c7371d2769eb1fa0222e79	InnoShare Web Design	innoshare
innosight,597e595b22c7371d2769eb1fa0223bdb	Innosight	InnosightTeam
innovative-data-solution,597e595b22c7371d2769eb1fa023e939	Innovative Data Solution	powerdms
intamac-systems,597e595b22c7371d2769eb1fa02f5efe	Intamac Systems	IntamacTalk
intermapper,597e595b22c7371d2769eb1fa03a75d8	InterMapper	intermapper
invensis,597e595b22c7371d2769eb1fa045dd64	Invensis	invensis
invensis-technologies,597e595b22c7371d2769eb1fa045eb36	Invensis Technologies	invensis
invertironline-com,597e595b22c7371d2769eb1fa0472c67	InvertirOnline.com	invertirOnline
invoke-media,597e595b22c7371d2769eb1fa04a5f27	Invoke	invoke
inware,597e595b22c7371d2769eb1fa04ac6f0	Inware	elettroshop
iomart-group,597e595b22c7371d2769eb1fa04c19c2	iomart Group	iomarthosting
ipraxa-software-solutions-pvt-ltd,597e595b22c7371d2769eb1fa05209aa	Ipraxa Software Solutions Pvt. Ltd.	ipraxa
is-decisions,597e595b22c7371d2769eb1fa056e8bf	IS Decisions	is_decisions
isaac-anthony,597e595b22c7371d2769eb1fa0571bfe	Isaac Anthony	Isaac_anthony
istockphoto,597e595b22c7371d2769eb1fa05bb2ea	iStockphoto	iStock
itomic,597e595b22c7371d2769eb1fa06193ac	Itomic	itomicwebdesign
itsportsnet,597e595b22c7371d2769eb1fa0630b28	ITSportsNet	itsportsnet
iurl,597e595b22c7371d2769eb1fa0640da1	iURL	iurlad
ix-web-hosting,597e595b22c7371d2769eb1fa066e8d7	IX Web Hosting	ix_web_hosting
jagged-peak,597e595b22c7371d2769eb1fa06bf67a	Jagged Peak	Jagged_Peak
jan-read-artist,597e595b22c7371d2769eb1fa06e0198	Jan Read Artist	Jan_Read
just-eat-com,597e595b22c7371d2769eb1fa08a47a5	Just-Eat.com	JustEatNews
justcolleges,597e595b22c7371d2769eb1fa08ad2b8	JustColleges	JustColleges
justdivorced-com,597e595b22c7371d2769eb1fa08b099e	justdivorced.com	justdivorcedcom
katalyst-media,597e595b22c7371d2769eb1fa0977a55	Katalyst Media	cdcds
kenyon-web-solutions,597e595b22c7371d2769eb1fa09e786e	Kenyon Web Solutions	kenyob
khronos-group,597e595b22c7371d2769eb1fa0a2e46b	Khronos Group	thekhronosgroup
kidzworld,597e595b22c7371d2769eb1fa0a4e28d	Kidzworld	kidzworld
kiteinnovations-power-kite-and-surfing-shop,597e595b22c7371d2769eb1fa0abbeb6	KiteInnovations Power Kite  and Surfing Shop 	buykites
komdat-com,597e595b22c7371d2769eb1fa0b49ccc	komdat.com	komdat
kovair-software,597e595b22c7371d2769eb1fa0b97a3e	Kovair Software	Kovair
kuno-creative,597e595b22c7371d2769eb1fa0bfb11e	Kuno Creative	kuno
la-mesa-racquetball-superstore-inc,'597e595b22c7371d2769eb1fa0c5380c	La Mesa Racquetball Superstore, Inc.	RacquetballShop'
leiki,597e595b22c7371d2769eb1fa0dd97c3	Leiki	LeikiCom
liaison-technologies,597e595b22c7371d2769eb1fa0e64bb8	Liaison Technologies	Liaisontech
lifepics,597e595b22c7371d2769eb1fa0e990d0	LifePics	lifepics
lightspeed-research,597e595b22c7371d2769eb1fa0ec35ae	Lightspeed Research	LightspeedRsrc
likno-software,597e595b22c7371d2769eb1fa0ede6dc	Likno Software	Likno
lios-technology,597e595b22c7371d2769eb1fa0f65b8d	LIOS Technology	LIOStech
liveops,597e595b22c7371d2769eb1fa0ff0b3d	LiveOps	liveops
logixml,83097a0e1641e8eda5b5ac717e0ba7c0	LogiXML	logixml
logobee,83097a0e1641e8eda5b5ac717e0c5d89	LogoBee	logobeedesign
lyman-pr,83097a0e1641e8eda5b5ac717e1ef161	Lyman PR	LymanPR
m-plify,83097a0e1641e8eda5b5ac717e209caa	M-PLIFY	MPLIFY
m2north,83097a0e1641e8eda5b5ac717e2188c5	M2North	m2north
m5-networks-3,83097a0e1641e8eda5b5ac717e221623	M5 Networks	M5Net
m79-studios,83097a0e1641e8eda5b5ac717e22450b	M79 Studios	tentoglou
mackey-web-design,83097a0e1641e8eda5b5ac717e24087c	Mackey Web Design	miamiwebdesign
magnon-solutions,83097a0e1641e8eda5b5ac717e2b755b	Magnon Solutions	magnonsolutions
mail2world,83097a0e1641e8eda5b5ac717e2cdd7e	Mail2World	mail2worldinc
makerank,83097a0e1641e8eda5b5ac717e312eae	Makerank	make_rank
makeup-by-sunshine,83097a0e1641e8eda5b5ac717e31563c	Makeup By Sunshine	sunshineonstage
malagacar-com,83097a0e1641e8eda5b5ac717e31e629	MalagaCar.com	Malagacarcom
managed-technologies,83097a0e1641e8eda5b5ac717ed9a942	MyManagedTech	mymanagedtech
marketingprofs,83097a0e1641e8eda5b5ac717e3e2512	MarketingProfs	marketingprofs
mblast,83097a0e1641e8eda5b5ac717e4ec5b0	mBLAST	mblast
mediaburst,83097a0e1641e8eda5b5ac717e58d06f	mediaburst	mediaburst
mediaunbound,83097a0e1641e8eda5b5ac717e5bf0af	MediaUnbound	mediaunbound
medical-transcription-service,83097a0e1641e8eda5b5ac717e5cd6f3	Medical transcription service	danielvett
medicom-digital,83097a0e1641e8eda5b5ac717e5d55bf	Medicom Digital	medicomdigital
meritline,83097a0e1641e8eda5b5ac717e6cf0d4	Meritline	meritline
method-home,83097a0e1641e8eda5b5ac717e72c442	Method Home	methodtweet
method123,83097a0e1641e8eda5b5ac717e72c699	Method123	method123
milesplit-us,'83097a0e1641e8eda5b5ac717e810474	MileSplit, Inc.	milesplit'
mindmade-technologies,83097a0e1641e8eda5b5ac717e85a14f	MindMade Technologies	mindmadetech
mindwest-strategies,83097a0e1641e8eda5b5ac717e87532d	MINDWEST Strategies	mindwest
mlb-advanced-media,83097a0e1641e8eda5b5ac717e92e8c0	MLB Advanced Media	mlb
mm-one-group-s-r-l,83097a0e1641e8eda5b5ac717e934db0	MM-ONE Group S.r.l.	MM_ONE_Group
mobile-harddisk-nl,83097a0e1641e8eda5b5ac717e9a6e8c	Mobile-Harddisk.nl	mobileharddisk
monosoft-solutions,83097a0e1641e8eda5b5ac717eae5099	Monosoft Solutions	monosoft
moonfruit,83097a0e1641e8eda5b5ac717eb14308	Moonfruit	moonfruit
moonrise-productions,83097a0e1641e8eda5b5ac717eb1765a	Moonrise Productions	moonrisedesigns
mopay,83097a0e1641e8eda5b5ac717eb2602e	mopay	mopay
movile-latin-america,83097a0e1641e8eda5b5ac717ebb86d2	Movile Latin America	Movile
mp-game-studio,83097a0e1641e8eda5b5ac717ebe1046	MP Game Studio	mpgamestudio
mpp-global,83097a0e1641e8eda5b5ac717ebf43e4	MPP Global Solutions	mppglobal
mum-software,83097a0e1641e8eda5b5ac717ec710ab	MUM Software	mumsoftware
mutuionline,83097a0e1641e8eda5b5ac717ecb433c	MutuiOnline	MutuiOnline
mworks,83097a0e1641e8eda5b5ac717eccb897	mWorks	mworks
my-tech-team,83097a0e1641e8eda5b5ac717ed06d78	My Tech Team	MyTechTeam
myedu,83097a0e1641e8eda5b5ac717ed5faa8	MyEdu	myedu
myerp-com,83097a0e1641e8eda5b5ac717ed62e81	myERP.com	myerp_us
myoxygen,83097a0e1641e8eda5b5ac717edb5e57	MyOxygen	MyOxygenMobile
naked-mcse,83097a0e1641e8eda5b5ac717ee6fd1e	Naked MCSE	NakedMCSE
ncsa-athletic-recruiting,83097a0e1641e8eda5b5ac717ef42ea3	NCSA Athletic Recruiting	ncsa
neowin,83097a0e1641e8eda5b5ac717efc6383	Neowin	neowinfeed
net-solutions,83097a0e1641e8eda5b5ac717eff529b	Net Solutions	netsolutions
netbiscuits,e054627bc6b1f1d8cb812cce4200cba2	Netbiscuits	netbiscuits
netcordia,e054627bc6b1f1d8cb812cce42024261	Netcordia	netcordia
netekspert,e054627bc6b1f1d8cb812cce4202eb0c	NetEkspert	iplannernet
nexcess,e054627bc6b1f1d8cb812cce4216dc28	Nexcess	nexcess
nextraq,e054627bc6b1f1d8cb812cce421b290f	NexTraq	NexTraq
nijobs-com,e054627bc6b1f1d8cb812cce4220814f	NIjobs.com	NIjobscom
ningbo-xin-yuan-industry-trade,08ea75d0b39da8eeca1e9129c71fe7e2	Sinwonbrands	Sinwonbrands
no-world-borders,e054627bc6b1f1d8cb812cce422698b9	No World Borders	noworldborders
nodeone,e054627bc6b1f1d8cb812cce4227f9dd	NodeOne	node_one
northstar-creative,e054627bc6b1f1d8cb812cce422ef1c1	Northstar Creative	northstarweb
nrx-global,e054627bc6b1f1d8cb812cce42378931	NRX Global	nrxglobal
nuix,e054627bc6b1f1d8cb812cce423b17cb	Nuix	Nuix
ob10,e054627bc6b1f1d8cb812cce42439e42	OB10	OB10einvoicing
off-the-road-consulting,e054627bc6b1f1d8cb812cce424b2f24	Off The Road Consulting	offtheroad
office-chairs-unlimited,e054627bc6b1f1d8cb812cce424c4a5e	Office Chairs Unlimited	OfficeChairsUnl
one97-communications,e054627bc6b1f1d8cb812cce425a05ac	One97 Communications	one97
online-communications,e054627bc6b1f1d8cb812cce425ee6f9	Online Communications	onlinecommunica
onprintshop,e054627bc6b1f1d8cb812cce42626aec	Onprintshop	Onprintshop
ontotext,e054627bc6b1f1d8cb812cce4263ebff	Ontotext	ontotext
oodrive-technologies,e054627bc6b1f1d8cb812cce4264e1b6	Oodrive	OodriveOfficiel
open-source-development,e054627bc6b1f1d8cb812cce4268a71b	Open Source Development	php_india
operative,e054627bc6b1f1d8cb812cce426e1d35	Operative Media	OperativeInc
opticsplanet,e054627bc6b1f1d8cb812cce4270c5f8	OpticsPlanet	OpticsPlanet
opulen-capital,e054627bc6b1f1d8cb812cce42737b46	Opulen Capital	OpulenCapital
osi-affiliate-software,e054627bc6b1f1d8cb812cce427ccfdc	OSI Affiliate Software	osiaffiliate
oversee,e054627bc6b1f1d8cb812cce428467c3	Oversee	overseenet
oversee-net-2,e054627bc6b1f1d8cb812cce42846e84	Oversee.net	overseenet
ownersite-technologies,e054627bc6b1f1d8cb812cce42861858	Ownersite Technologies	ownersite
pandora,e054627bc6b1f1d8cb812cce4292c7a4	Pandora Media	pandora_radio
pc-pitstop,e054627bc6b1f1d8cb812cce42a7e5bc	PC Pitstop	pcoptimize
pentangle-internet-liited,e054627bc6b1f1d8cb812cce42b04440	Pentangle Internet Liited	pentangleit
picsearch,e054627bc6b1f1d8cb812cce42ca3bed	Picsearch	picsearch
pimsleur-approach,e054627bc6b1f1d8cb812cce42cdd2aa	Pimsleur Approach	PimsleurTweets
pinnacle-africa-safaris,e054627bc6b1f1d8cb812cce42cfd929	Pinnacle Africa Safaris	rwandatours
pironeducation,e054627bc6b1f1d8cb812cce42d2aae4	Pironeducation	BeautyWalia
planetrehab,e054627bc6b1f1d8cb812cce42da7186	Planetrehab	planetrehab
point101,e054627bc6b1f1d8cb812cce42eab499	Point101	point101
policyiq,e054627bc6b1f1d8cb812cce42ecc4af	policyIQ	policyIQ
popcap-games,e054627bc6b1f1d8cb812cce42f13024	PopCap Games	popcap
pozitron,e054627bc6b1f1d8cb812cce42fb4ede	Pozitron	Pozitron_Mobile
praia-do-rosa-pousada-descanso-do-rei,e054627bc6b1f1d8cb812cce42fcc6f3	Praia do Rosa Pousada Descanso do Rei	scpraiadorosa
primetech-software,5885c8f942b2d53de0f9ff90e108af61	Primetech Software	primetech
project10x,5885c8f942b2d53de0f9ff90e1159fae	Project10X	millsdavis
promptu-systems,5885c8f942b2d53de0f9ff90e11893d9	Promptu Systems	promptu
psicofxp-com,5885c8f942b2d53de0f9ff90e12236b2	psicofxp.com	psicofxp_com
public-i,5885c8f942b2d53de0f9ff90e1245565	Public-i	public_i
pudget-systems,5885c8f942b2d53de0f9ff90e125e558	Puget Systems	pugetsystems
pyxl,5885c8f942b2d53de0f9ff90e12dffaf	Pyxl	ThinkPyxl
questback,5885c8f942b2d53de0f9ff90e13ab9e8	QuestBack	QuestBack
quiminet,5885c8f942b2d53de0f9ff90e13e7d44	QuimiNet	quiminet
r-d-logic,5885c8f942b2d53de0f9ff90e143201c	R&D Logic	rdlogic
ranklab-studio,5885c8f942b2d53de0f9ff90e14e42da	RankLab Studio	ranklabstudio
rather-be-shopping-com,5885c8f942b2d53de0f9ff90e153557e	Rather-Be-Shopping.com	RatherBeShop
realpractice,5885c8f942b2d53de0f9ff90e15db9c6	RealPractice	RealPractice
realty-executives-ocdreamhomes,5885c8f942b2d53de0f9ff90e15e950c	Realty Executives OCDreamhomes	ochomebuyer
recognia,5885c8f942b2d53de0f9ff90e1614944	Recognia	Recognia
recycleinme,5885c8f942b2d53de0f9ff90e162fbc6	Recycleinme	recycleinme
red-clay-interactive,5885c8f942b2d53de0f9ff90e163a8b2	Red Clay Interactive	followredclay
red-commerce,5885c8f942b2d53de0f9ff90e163c0c5	Red Commerce	redcommercesap
remitdata,5885c8f942b2d53de0f9ff90e173c680	RemitDATA	RemitDATA
river-logic,5885c8f942b2d53de0f9ff90e19381c1	River Logic	RiverLogicInc
rmw-web-publishing,5885c8f942b2d53de0f9ff90e195ced6	RMW Web Publishing	RMWPublishing
robbemorris-com,4b9962595d7ff850d591b39c0050953f	eggheadcafe.com	eggheadcafe
robbins-media,5885c8f942b2d53de0f9ff90e19722e7	Robbins Media	robbinsmedia
rolec-services,5885c8f942b2d53de0f9ff90e19dee33	Rolec Services	Rolecserv
roomsnet-international,5885c8f942b2d53de0f9ff90e1a04300	Roomsnet International	RoomsnetDotCom
rpost,5885c8f942b2d53de0f9ff90e1a5d149	RPost	rpost
rw3-culture-wizard,5885c8f942b2d53de0f9ff90e1ac0b3d	RW3 Culture Wizard	culturewizard
saasu-com,5885c8f942b2d53de0f9ff90e1aed687	Saasu.com	saasu
safety-glasses-usa,5885c8f942b2d53de0f9ff90e1b1b167	Safety Glasses USA	sgusa
sahibinden,5885c8f942b2d53de0f9ff90e1b39a1e	Sahibinden.com	sahibinden_com
salient-stills,5885c8f942b2d53de0f9ff90e1b77e9f	Salient Stills	salientstills
satisnet,5885c8f942b2d53de0f9ff90e1c13a41	Satisnet	satisnet
savebarn,5885c8f942b2d53de0f9ff90e1c29efc	Savebarn	savebarn
scand,5885c8f942b2d53de0f9ff90e1c75fb3	Scand	ScandLtd
screen9,5885c8f942b2d53de0f9ff90e1d18e0f	Screen9	Screen9Official
seepath-solutions,5885c8f942b2d53de0f9ff90e1df62be	Seepath Solutions	seepath
seilevel,5885c8f942b2d53de0f9ff90e1e09e33	Seilevel	seilevel
selectminds,5885c8f942b2d53de0f9ff90e1e18cb0	SelectMinds	SelectMinds
seo-services-group,5885c8f942b2d53de0f9ff90e1ed08aa	SEO Services Group	SEOServiceGroup
seowebengineer,5885c8f942b2d53de0f9ff90e1ed2d26	SEO Specialist	seo_za
seozip-seo-services,5885c8f942b2d53de0f9ff90e1ef3006	SEOZIP SEO SERVICES	seozip
servercentral,5885c8f942b2d53de0f9ff90e1f2366a	ServerCentral	servercentral
shipitapo,08ea75d0b39da8eeca1e9129c7026380	ShipitAPO	shipitapo
shockya-com,08ea75d0b39da8eeca1e9129c703eba0	ShockYa.com	shockya
shrih-designs,08ea75d0b39da8eeca1e9129c70c975c	Shrih Designs	shrihdesigns
silicus-technologies-inc,08ea75d0b39da8eeca1e9129c715dde2	Silicus Technologies Inc	silicustech
silverstripe,08ea75d0b39da8eeca1e9129c717c5ed	SilverStripe	silverstripe
sirius-forex-trading-group,08ea75d0b39da8eeca1e9129c720c703	Sirius Forex Trading Group	siriusforex
sitepen,08ea75d0b39da8eeca1e9129c723702b	SitePen	SitePen
sjn,08ea75d0b39da8eeca1e9129c7260e1c	sjn	sjn_de
smashlab,08ea75d0b39da8eeca1e9129c73ad1b1	smashLAB	smashlab
smile-reminder,08ea75d0b39da8eeca1e9129c73bb3e5	Smile Reminder	SmileReminder
sofokus,08ea75d0b39da8eeca1e9129c7528f3e	Sofokus	sofokus
soft-solutions-india,08ea75d0b39da8eeca1e9129c752c05b	Soft Solutions India	seoinindia
softmedia,08ea75d0b39da8eeca1e9129c75444a5	Softmedia penny auctions	softmediabiz
softros-systems,08ea75d0b39da8eeca1e9129c7549142	Softros Systems	softros
software-improvement-group,08ea75d0b39da8eeca1e9129c755d582	Software Improvement Group	sig_eu
softweb-solutions,08ea75d0b39da8eeca1e9129c7565d35	Softweb Solutions	softwebchicago
solavista,08ea75d0b39da8eeca1e9129c759b002	Solavista	solavista
solutionreach,08ea75d0b39da8eeca1e9129c75d13ae	Solutionreach	solutionreach
sonet-digital,08ea75d0b39da8eeca1e9129c75f76e6	Sonet Digital Ltd	SonetDigital
soundnet,08ea75d0b39da8eeca1e9129c7663b02	soundnet	soundnetmusic
spectranet,08ea75d0b39da8eeca1e9129c77148f5	Spectranet	spectranet_in
spectranet-isp,08ea75d0b39da8eeca1e9129c77154c0	Spectranet ISP	spectranet_in
splash-media,08ea75d0b39da8eeca1e9129c7797250	Splash Media	splashmedialp
squeaker-net,08ea75d0b39da8eeca1e9129c786f5c2	squeaker.net	squeakernet
starent-networks,08ea75d0b39da8eeca1e9129c78d8a5b	Starent Networks	StarentNetworks
storm-media-innovations-inc,08ea75d0b39da8eeca1e9129c79f1c77	Storm Media Innovations Inc	letsgofordinner
streamnet-india-pvt-ltd,08ea75d0b39da8eeca1e9129c7a43995	StreamNet India Pvt Ltd	idrive_online
studio2a,08ea75d0b39da8eeca1e9129c7a959be	studio2a	studio2a3d
sulivant-sulivant-investigations,08ea75d0b39da8eeca1e9129c7b122c3	Sulivant & Sulivant Investigations	statewidepi
summit-van-lines,08ea75d0b39da8eeca1e9129c7b22954	Summit Van Lines	summitvanlines
superior-communications,08ea75d0b39da8eeca1e9129c7b7e306	Superior Communications	BostonSCS
surepayroll,08ea75d0b39da8eeca1e9129c7bad5d2	SurePayroll	surepayroll
swan-software-solutions,08ea75d0b39da8eeca1e9129c7bfcd4c	Swan Software Solutions	swan_software
synapseindia,08ea75d0b39da8eeca1e9129c7c9c58d	SynapseIndia	synapseindia
synchroteam,08ea75d0b39da8eeca1e9129c7cace36	Synchroteam	synchroteam
sysiq,08ea75d0b39da8eeca1e9129c7cf3202	SysIQ	sysq_inc
syslore,08ea75d0b39da8eeca1e9129c7cf51a9	Syslore	Syslore
talance,08ea75d0b39da8eeca1e9129c7d8a002	Talance	Talance
tangoe,08ea75d0b39da8eeca1e9129c7de1f0b	Tangoe	Tangoe
tapeonline-com,08ea75d0b39da8eeca1e9129c7df29d6	TapeOnline.com	tapeonline
tctecno,08ea75d0b39da8eeca1e9129c7e73c97	Tctecno	yoursautodialer
techconnect,08ea75d0b39da8eeca1e9129c7eccf66	TechConnect	techconnectbv
tejari,08ea75d0b39da8eeca1e9129c7f62904	Tejari FZ LLC	Tejari_Dubai
telenity,08ea75d0b39da8eeca1e9129c7faa9e9	Telenity	Telenity
telmap,08ea75d0b39da8eeca1e9129c7fd5341	Telmap	telmap
telnic,08ea75d0b39da8eeca1e9129c7fd7d65	Telnic	dottel
tenmiles,907373444553d8ee3bfe8778cd00bb05	Tenmiles	tenmilescorp
testronic-labs,907373444553d8ee3bfe8778cd06c060	Testronic Labs	testroniclabs
texstar-energy-corp,907373444553d8ee3bfe8778cd083f60	TexStar Energy Corp	texstarenergytx
the-akshaya-patra-foundation,907373444553d8ee3bfe8778cd0c7711	The Akshaya Patra Foundation	akshayapatra
the-bridgespan-group,907373444553d8ee3bfe8778cd0eaa64	The Bridgespan Group	BridgespanGroup
the-skins-factory,907373444553d8ee3bfe8778cd23bc71	The Skins Factory	TheSkinsFactory
the-tech-magnet,907373444553d8ee3bfe8778cd25a1e9	The Tech Magnet	tanmay2346
theplatform,907373444553d8ee3bfe8778cd2e643f	thePlatform	thePlatform
threadless,907373444553d8ee3bfe8778cd38e385	Threadless	threadless
throughput-press,907373444553d8ee3bfe8778cd3b026c	Throughput Press	consultski
tie-austin,907373444553d8ee3bfe8778cd3fb2c5	TiE Austin	TiEAustin
timberline-interactive,907373444553d8ee3bfe8778cd42636f	Timberline Interactive	tomfunk
timetrade-systems,907373444553d8ee3bfe8778cd44b083	TimeTrade Systems	timetrade
timme-hosting,907373444553d8ee3bfe8778cd44f706	Timme Hosting	timmehosting
tomorrow-people-design-and-marketing-communications,907373444553d8ee3bfe8778cd4e1cd7	Tomorrow People Design and Marketing Communications	tomorrow_people
toprural-com,907373444553d8ee3bfe8778cd539e67	Toprural	Toprural
toptable,907373444553d8ee3bfe8778cd53c171	toptable	toptable
torrenegra-group,907373444553d8ee3bfe8778cd553805	Torrenegra Labs	torrenegralabs
towerstream,907373444553d8ee3bfe8778cd5aa745	Towerstream	Towerstream
tractor,907373444553d8ee3bfe8778cd5e12d2	Tractor	tractorstudios
travelfusion,907373444553d8ee3bfe8778cd6a22df	Travelfusion	Travelfusion
trellisys-net,907373444553d8ee3bfe8778cd6e59c4	Trellisys.Net	trellisys
trianz,907373444553d8ee3bfe8778cd719f5c	Trianz	trianz
tribal-ddb-worldwide,907373444553d8ee3bfe8778cd71e8e8	Tribal DDB Worldwide	TribalDDB
tririga,907373444553d8ee3bfe8778cd792312	TRIRIGA	TRIRIGAINC
tropos-networks,907373444553d8ee3bfe8778cd7b896b	Tropos Networks	troposnetworks
trusted-translations-inc,'907373444553d8ee3bfe8778cd7fc4c9	Trusted Translations, Inc.	_translation_'
tsc-travel,907373444553d8ee3bfe8778cd81acdb	TSC TRAVEL	TOUR_SPECIALIST
tvc-sky-shop,907373444553d8ee3bfe8778cd89cdee	TVC Sky Shop	TVCSkyShop
tvc-sky-shop-limited,907373444553d8ee3bfe8778cd89e709	TVC SKY Shop Limited	tvcskyshop
uboot-com,907373444553d8ee3bfe8778cd9ce26f	uboot.com	ubootcom
ucvhost,907373444553d8ee3bfe8778cd9de917	UCVHOST	ucvhost
us-green-card-office,907373444553d8ee3bfe8778cdbad759	US Green Card Office Ltd.	usgreencard
us-tax-shield,907373444553d8ee3bfe8778cdbb26d2	US Tax Shield	ustaxshield
usablenet,907373444553d8ee3bfe8778cdbbead5	Usablenet	Usablenet
usgang-ch,907373444553d8ee3bfe8778cdbe1b22	usgang.ch	usgangch
vaadin,907373444553d8ee3bfe8778cdc30687	Vaadin	vaadin
vagas,907373444553d8ee3bfe8778cdc432a7	Vagas	vagas
velaro,907373444553d8ee3bfe8778cdd03a72	Velaro	velaro_inc
vemployee,907373444553d8ee3bfe8778cdd1efb2	vEmployee	vemployee
ventanex,907373444553d8ee3bfe8778cdd418eb	Ventanex	ventanex
vfm-leonardo,907373444553d8ee3bfe8778cde01efe	VFM Leonardo	VFMLeonardo
vibrantmedia,907373444553d8ee3bfe8778cde368e9	Vibrant Media	vibrantmedia
vinsol,907373444553d8ee3bfe8778cdeccd80	Vinsol	the_vinsol
virgin-mobile-australia,907373444553d8ee3bfe8778cdef5142	Virgin Mobile Australia	VirginMobileAus
visionefx,907373444553d8ee3bfe8778cdf5f40d	VISIONEFX	rickvidallon
w3i,40effe5288e80a75577c6fc0580d4739	W3i 	W3i
web-advanced,40effe5288e80a75577c6fc0581ca2f5	Web Advanced	WebAdvancedLiv
web-and-flo,40effe5288e80a75577c6fc0581cc54b	Web and Flo	webandflo
webmarketing-group,40effe5288e80a75577c6fc05826bc96	WebMarketing Group	webmktinggroup
webnet-media-group,40effe5288e80a75577c6fc05827cb5f	WebNet Media Group	webnetmg
whathouse,40effe5288e80a75577c6fc0583801fa	Whathouse	What_House
whatsthebigidea-com,40effe5288e80a75577c6fc05838974e	WhatsTheBigIdea.com	nywebdesign
woome,40effe5288e80a75577c6fc05855133f	WooMe	woome
workbook-software,40effe5288e80a75577c6fc05857a392	WorkBook Software	workbooktwit
worldmate,40effe5288e80a75577c6fc0585c37d5	WorldMate	worldmate
wte-solutions-inc,40effe5288e80a75577c6fc05860e426	WTE Solutions Inc	wte_solutions
xceedium,40effe5288e80a75577c6fc0586d6821	Xceedium	Xceedium
xstreme-media,40effe5288e80a75577c6fc058762bcc	Xstreme Media	Xstreme_Media
xvand-technology,40effe5288e80a75577c6fc05877dea5	Xvand Technology 	isutility
young-dental-sf,40effe5288e80a75577c6fc05888553f	Young Dental SF	YoungDentalSF
yozons,40effe5288e80a75577c6fc0588de3e7	Yozons	OpenESignForms
zamano,40effe5288e80a75577c6fc058926752	Zamano	zamanoplc
zealous-web-technologies,40effe5288e80a75577c6fc05896b13a	Zealous Web Technologies 	ZealousWeb
zen-web-solutions,40effe5288e80a75577c6fc058994c43	Zen Web Solutions	zws
zodiak-active,40effe5288e80a75577c6fc058a5d018	Zodiak Active	zodiakactive
zoomcreator-com,40effe5288e80a75577c6fc058a94307	ZOOMCREATOR.COM	zoomcreator
zoominfo,40effe5288e80a75577c6fc058a96f6d	ZoomInfo	ZoomInfo
zyntropics,40effe5288e80a75577c6fc058af1c86	zyntroPICS	zyntroPICS
