access-development,5fae06029bbe793553b81c6aca0e2b52	Access Development	AccessLoyalty
alesis,5fae06029bbe793553b81c6aca5029a0	Alesis	alesis
and-automotive-navigation-data,5fae06029bbe793553b81c6aca71ef30	AND Automotive Navigation Data	and_rotterdam
ascentis,5fae06029bbe793553b81c6acaa3e9e1	Ascentis	ascentiscorp
ati-courses,5fae06029bbe793553b81c6acab0984f	ATI Courses	ATICourses
banner,5fae06029bbe793553b81c6acadbde8c	BANNER	BannerCorp
bullock-and-lees,fb79c1faa23e6537889b8b58ca5967de	Bullock and Lees	BullockandLees
casco-development,fb79c1faa23e6537889b8b58ca8b4ef3	Casco Development	cascodev
dillilive,c61e6a5dd61ef3ac28d02c864e8a470c	dillilive	dillilive1
dillilive,c61e6a5dd61ef3ac28d02c864efe788a	dillilive	dillilive1
dre-medical,4b9962595d7ff850d591b39c001f03d7	Dre Medical	DREmed
dre-medical,c61e6a5dd61ef3ac28d02c864eaa8fb8	Dre Medical	DREmed
eftos,4b9962595d7ff850d591b39c004fb239	Eftos	eftos
exact-abacus,4b9962595d7ff850d591b39c009d9e88	Exact Abacus	ExactAbacusLtd
franz,bb00443be334273f59d3ef19d1007925	Franz	Franzinc
gearone,bb00443be334273f59d3ef19d12d0a71	GearOne	GearOneDotCom
goldensource,bb00443be334273f59d3ef19d15d7b65	GoldenSource	GoldenSource
high-touch,bb00443be334273f59d3ef19d1b02aea	High Touch	HighTouch
inetco-systems-limited,597e595b22c7371d2769eb1fa011be3e	INETCO Systems Limited	INETCOInsight
joy-travels-pvt-ltd,597e595b22c7371d2769eb1fa082eafa	Joy Travels Pvt Ltd	joy_travels
jules-b,597e595b22c7371d2769eb1fa08651e4	Jules B	toywatchwatches
lanyon,597e595b22c7371d2769eb1fa0cc68bd	Lanyon	lanyontravel
leveraged-technology,'597e595b22c7371d2769eb1fa0e3e23d	Leveraged Technology, Inc.	leveragedtech'
linkkei-com,597e595b22c7371d2769eb1fa0f3c2e9	Linkkei.com	linkkei
mathworks,83097a0e1641e8eda5b5ac717e47e29e	MathWorks	matlab
media-logic,83097a0e1641e8eda5b5ac717e56ee53	Media Logic	medialogic
mips-computers-systems,83097a0e1641e8eda5b5ac717e8b0540	MIPS Computer Systems	MIPSGuru
morningstar,83097a0e1641e8eda5b5ac717eb3b498	Morningstar	MorningStarInc
okabashi-brands,e054627bc6b1f1d8cb812cce424f63bc	Okabashi Brands	okabashi
omg-plc,e054627bc6b1f1d8cb812cce4252a42c	OMG plc	omgplc
pennebaker,e054627bc6b1f1d8cb812cce42af7632	Pennebaker	PennebakerBrand
primeau-productions,5885c8f942b2d53de0f9ff90e107f87b	Primeau Productions	ed_primeau
red-bull-2,5885c8f942b2d53de0f9ff90e1638932	Red Bull	redbull
seaga-vending,5885c8f942b2d53de0f9ff90e1d55036	Seaga Vending	Seaga
sell-more-now,5885c8f942b2d53de0f9ff90e1e24792	Sell More Now	RichBohn
sis-international-research,08ea75d0b39da8eeca1e9129c721603b	SIS International Research	sisintlresearch
smith-associates,08ea75d0b39da8eeca1e9129c73c09d3	Smith & Associates	smithweb
solar-megamart,08ea75d0b39da8eeca1e9129c7587850	Solar Megamart	solarmegamart
sumtotal-systems,08ea75d0b39da8eeca1e9129c7b27362	SumTotal Systems	SumTotalSystems
suncast-sheds,08ea75d0b39da8eeca1e9129c7b3136a	Suncast Sheds	SuncastCorp
ted,08ea75d0b39da8eeca1e9129c7f46b38	TED	TEDNews
transputec,907373444553d8ee3bfe8778cd68213f	Transputec	Transputec
vaillancourt-folk-art,907373444553d8ee3bfe8778cdc453d3	Vaillancourt Folk Art	chalkware
webb-electric,40effe5288e80a75577c6fc058212d2f	Webb Electric	webbelectric
y8-games,40effe5288e80a75577c6fc05878be36	Y8 Games 	y8gamesfree
yardi-systems,40effe5288e80a75577c6fc0587c78eb	Yardi Systems	yardinews
