a2btransfers,5fae06029bbe793553b81c6aca02d454	A2Btransfers	A2Btransfers
a2btransfers-com,5fae06029bbe793553b81c6aca02d7dd	A2Btransfers.com	a2btransfers
able-planet,5fae06029bbe793553b81c6aca079ce2	Able Planet	able_planet
academia-rfid,5fae06029bbe793553b81c6aca0b60fc	Academia RFID	academia_rfid
acqueon-technologies,5fae06029bbe793553b81c6aca153f53	Acqueon Technologies	acqueon
activecause,5fae06029bbe793553b81c6aca19590b	ActiveCause	activecause
actus-digital,5fae06029bbe793553b81c6aca1b8526	Actus Digital	actusdigital
acuity-risk-management-llp,5fae06029bbe793553b81c6aca1bd5c2	Acuity Risk Management LLP	acuityrm
adaptavist,5fae06029bbe793553b81c6aca1e50dc	Adaptavist	adaptavist
addonfactory,5fae06029bbe793553b81c6aca21f523	AddonFactory	addonfactory
adometry,5fae06029bbe793553b81c6aca29e7bf	Adometry	Adometry
adrime,5fae06029bbe793553b81c6aca2b875a	Adrime	adrimeHQ
adserve-digital-signage,5fae06029bbe793553b81c6aca2c33dc	AdServe Digital Signage	AdServeDigital
adshuffle,5fae06029bbe793553b81c6aca2c69e6	AdShuffle	adshuffle
advanced-discovery,5fae06029bbe793553b81c6aca2f9957	Advanced Discovery	ADVDiscovery
adxpose,5fae06029bbe793553b81c6aca34f9ed	AdXpose	adxpose
aerapay,5fae06029bbe793553b81c6aca36a6b7	Aerapay	aerapay
affine-systems,5fae06029bbe793553b81c6aca38d416	Affine Systems	affine
aframe-digital,5fae06029bbe793553b81c6aca3ace54	AFrame Digital	AFrameDigital
agency-zebra,5fae06029bbe793553b81c6aca3d28d4	Agency Zebra	zbra
agent-media-group,5fae06029bbe793553b81c6aca3ddd89	Agent Media Group	AgentMediaGroup
aghatha-maxi-consulting-2,5fae06029bbe793553b81c6aca3eca73	Aghatha Maxi Consulting	aghatha_maxi
agility-metrics,5fae06029bbe793553b81c6aca40489a	Agility Metrics	agility_metrics
aginova,5fae06029bbe793553b81c6aca40a69f	Aginova	icelsius
agistics,5fae06029bbe793553b81c6aca40b835	Agistics	aafjax
akorri,5fae06029bbe793553b81c6aca4baa90	Akorri Networks	Akorri
aladtec,5fae06029bbe793553b81c6aca4cece8	Aladtec	aladtec
alahad-group-pvt-ltd,'5885c8f942b2d53de0f9ff90e1627736	Recruitment Agencies in Pakistan, Employment Agencies Pakistan	ALAHAD'
alatest,5fae06029bbe793553b81c6aca4dd7cf	alaTest	alaTest
albedrio-partners,5fae06029bbe793553b81c6aca4e0907	Albedrio Partners	clearshore
allurent,5fae06029bbe793553b81c6aca5a283b	Allurent	allurent
allwedding-com,5fae06029bbe793553b81c6aca5a7030	AllWedding.com	allwedding
alootechie,5fae06029bbe793553b81c6aca5b5ed0	AlooTechie	AlooTechie
alter-g,5fae06029bbe793553b81c6aca5f5fa9	Alter-G	Alter_G
amee,5fae06029bbe793553b81c6aca6710fe	AMEE	ameeHQ
amilia,5fae06029bbe793553b81c6aca6b9ac1	Amilia	marcducas
amobee,5fae06029bbe793553b81c6aca6c539c	Amobee	amobee
ampere-software-private-limited,5fae06029bbe793553b81c6aca6ccf52	Ampere Software Private Limited	amperesoftware
amprice,5fae06029bbe793553b81c6aca6dd89d	amprice	amprice_de
amsterdam-stay,5fae06029bbe793553b81c6aca6e8b89	Amsterdam Stay	AmsterStay
anewspring,5fae06029bbe793553b81c6aca741860	aNewSpring	anewspring
ansarada,5fae06029bbe793553b81c6aca77edef	Ansarada	ansarada_VDR
answer-idaho-llc,5fae06029bbe793553b81c6aca781d7d	Answer Idaho	answeridaho
aolf-business-systems,5fae06029bbe793553b81c6aca7c68bd	AOLF Business Systems	aolfiis
apica,5fae06029bbe793553b81c6aca7f4c54	Apica 	apicasystems
appliances-online,5fae06029bbe793553b81c6aca86d668	Appliances Online	appliancesAU
apptility-software,5fae06029bbe793553b81c6aca8db2a1	Apptility Software	apptility
arabic-it-news-portal,5fae06029bbe793553b81c6aca925986	Arabic IT News Portal	aitnews
arcmail,5fae06029bbe793553b81c6aca95d66c	ArcMail	chadwb
arellia,5fae06029bbe793553b81c6aca973039	Arellia	ArelliaSoftware
arrivalguides,5fae06029bbe793553b81c6aca9c11d2	ArrivalGuides	arrivalguides
art-altitude,5fae06029bbe793553b81c6aca9d4553	Art@Altitude	artataltitude
artgonia,5fae06029bbe793553b81c6aca9e3679	Artgonia	artgonia
articlesbase-com,5fae06029bbe793553b81c6aca9f28b6	Articlesbase.com	articlesbase
artsandtv-company,5fae06029bbe793553b81c6acaa0f159	ArtsandTV.company	ProjectSunblock
assembla,5fae06029bbe793553b81c6acaa91c7b	Assembla	assembla
astina,5fae06029bbe793553b81c6acaaba947	Astina	astinaag
astrails,5fae06029bbe793553b81c6acaac2b7d	Astrails	astrails
asvahosting,5fae06029bbe793553b81c6acaad934e	Asvahosting	Asva
at-t-interactive,5fae06029bbe793553b81c6acaadf12b	AT&T Interactive	YP
atech-logistics,5fae06029bbe793553b81c6acaaf0add	Atech Logistics	atechlogistic
atech-media,5fae06029bbe793553b81c6acaaf133a	aTech Media	atechmedia
atechnocrat-web-solution,5fae06029bbe793553b81c6acaaf2b66	Atechnocrat Web Solution	atechnocrats
atigeo,5fae06029bbe793553b81c6acab0bc87	Atigeo	atigeollc
atilus,5fae06029bbe793553b81c6acab0c363	ATILUS	atilus
authorgen,5fae06029bbe793553b81c6acabcdcc6	authorGEN	harman_singh
auto-accessories-garage,5fae06029bbe793553b81c6acabdc3c5	AutoAccessoriesGarage.com	AAGarage
automated-medical-assistant,5fae06029bbe793553b81c6acabef8d3	Automated Medical Assistant	drgarytraub
automattic,5fae06029bbe793553b81c6acabf6329	Automattic	automattic
automax-styling,5fae06029bbe793553b81c6acabf6820	Automax Styling 	AutomaxStyling
autoquake,5fae06029bbe793553b81c6acac0354a	Autoquake	autoquake
autoquake-com,5fae06029bbe793553b81c6acac04137	Autoquake.com	Autoquake
avangate,5fae06029bbe793553b81c6acac30d0b	Avangate	avangate
avantlink,5fae06029bbe793553b81c6acac3daea	AvantLink	AvantLink
aylis,5fae06029bbe793553b81c6acacdd325	Aylis	aylis
b3b,5fae06029bbe793553b81c6acad184e2	B3B	b3b
b5media,5fae06029bbe793553b81c6acad1cec4	b5media	b5media
backup-technology,5fae06029bbe793553b81c6acad50752	Backup Technology	backuptech
bancvue,5fae06029bbe793553b81c6acad99807	BancVue	kasasa
bazaarvoice,5fae06029bbe793553b81c6acae32f8f	Bazaarvoice	bazaarvoice
beat-the-gmat,5fae06029bbe793553b81c6acae7dd2f	Beat The GMAT	beatthegmat
behavior-imaging-solutions,5fae06029bbe793553b81c6acaec9aa2	Behavior Imaging Solutions	behaviorimaging
benc-enterprises,5fae06029bbe793553b81c6acaeff22f	Benc Enterprises	phpFox
berkeley-bionics,4b9962595d7ff850d591b39c0054ed45	Ekso Bionics	eksobionics
betaconcept,5fae06029bbe793553b81c6acaf6aa94	BetaCONCEPT	betaconcept
big-cartel,5fae06029bbe793553b81c6acaff3025	Big Cartel	bigcartel
big-sea-design,fb79c1faa23e6537889b8b58ca006a37	Big Sea Design	BigSea
bigcontacts,5fae06029bbe793553b81c6acaff6860	Big Contacts	bigcontactscrm
bigcrumbs,fb79c1faa23e6537889b8b58ca015e5c	BigCrumbs	BigCrumbsTweets
binary-studio-2,fb79c1faa23e6537889b8b58ca05ab38	Binary Studio	Binary_studio
blacksmith,fb79c1faa23e6537889b8b58ca179760	Blacksmith	blacksmith
blastmedia,fb79c1faa23e6537889b8b58ca18e76d	BLASTmedia	BLASTmediaPR
blend-interactive,fb79c1faa23e6537889b8b58ca19bd05	Blend Interactive	blendtweets
blinksale,fb79c1faa23e6537889b8b58ca1b2b24	Blinksale	blinsale
blip,fb79c1faa23e6537889b8b58ca1b812e	Blip	blip
blogtronix,5885c8f942b2d53de0f9ff90e1fc54e8	Sharetronix	sharetronix
bloombase,fb79c1faa23e6537889b8b58ca20ab72	Bloombase Technologies	bloombase
blowfish-digital,fb79c1faa23e6537889b8b58ca21794a	Blowfish Digital	blowfish
blue-global-media,fb79c1faa23e6537889b8b58ca22d2e7	Blue Global Media	blueglobalmedia
blue-global-media-inc,fb79c1faa23e6537889b8b58ca22e182	Blue Global Media Inc.	blueglobalmedia
blue-marble-energy-corp,fb79c1faa23e6537889b8b58ca239596	Blue Marble Energy Corp.	bme_tweet
blue-monitor-systems,fb79c1faa23e6537889b8b58ca23a52f	Blue Monitor Systems	bluemonitor
bluerank,fb79c1faa23e6537889b8b58ca2833bb	Bluerank	bluerank_blog
blueye-creative,fb79c1faa23e6537889b8b58ca29c22e	Blueye Creative	blueyecreative
blumera,fb79c1faa23e6537889b8b58ca2a0053	Blumera	blumera
bluwan,fb79c1faa23e6537889b8b58ca2a73e8	Bluwan	bluwan
bmat,fb79c1faa23e6537889b8b58ca2acc2d	BMAT	bmat
boathistoryreport-com,fb79c1faa23e6537889b8b58ca2c7f19	BoatHistoryReport.com	boat_history
boomzap,fb79c1faa23e6537889b8b58ca35e4a4	Boomzap	Boomzap
boonze-media-solutions,fb79c1faa23e6537889b8b58ca361f3f	Boonze Media Solutions	boonze_media
boulibrand-marketing-inc,'fb79c1faa23e6537889b8b58ca3a6109	BouliBrand Marketing, Inc.	stroumboulis'
boundless-network,fb79c1faa23e6537889b8b58ca3a9aae	Boundless Network	boundlessnetwk
boutique-consortium-real-estate,fb79c1faa23e6537889b8b58ca3acab6	Boutique Consortium Real Estate 	bcrealestateuae
boxtone,fb79c1faa23e6537889b8b58ca3c1bda	BoxTone	boxtone_inc
brandwatch,fb79c1faa23e6537889b8b58ca431754	Brandwatch	brandwatch
bratislava-hotels-and-travel-services,fb79c1faa23e6537889b8b58ca4391b2	Bratislava Hotels and Travel Services	bratislavatips
brick-marketing,fb79c1faa23e6537889b8b58ca46662d	Brick Marketing	brickmarketing
brickfish,fb79c1faa23e6537889b8b58ca468bdb	brickfish	brickfish
build-a-sign,fb79c1faa23e6537889b8b58ca57308a	BuildASign.com	BuildAsign
bullionvault,fb79c1faa23e6537889b8b58ca595bf1	BullionVault	bullionvault
burns-technologies,fb79c1faa23e6537889b8b58ca5b6eb8	Burns Technologies	burnstek
buy-my-policy-online,fb79c1faa23e6537889b8b58ca61063d	Buy My Policy Online	BuyPolicyOnline
buzzpoint,fb79c1faa23e6537889b8b58ca64efbf	Buzzpoint	buzzpt
bxc-design,fb79c1faa23e6537889b8b58ca664b31	BXC Design	nicelogo
byteflowstudio,fb79c1faa23e6537889b8b58ca677349	Byteflowstudio	byteflowstudio
calfinder,fb79c1faa23e6537889b8b58ca6f0307	CalFinder	remodeling
call-em-all,fb79c1faa23e6537889b8b58ca70f910	Call-Em-All	CallEmAll
camiseteria-com,fb79c1faa23e6537889b8b58ca75236b	Camiseteria.com	camiseteria
campaignbase-com,fb79c1faa23e6537889b8b58ca7577be	CampaignBase.com	CampaignBase
capture-the-market,fb79c1faa23e6537889b8b58ca7e986c	Capture the Market	ctmtv
carbonmade,fb79c1faa23e6537889b8b58ca80659c	Carbonmade	carbonmade
carbonon-tech,fb79c1faa23e6537889b8b58ca806cae	Carbonon Tech	carbonon
careershift,fb79c1faa23e6537889b8b58ca84eadf	CareerShift	careershift
caringo,fb79c1faa23e6537889b8b58ca86cc8e	Caringo	CaringoCAStor
carrot-creative,fb79c1faa23e6537889b8b58ca889fec	Carrot Creative	carrotcreative
carte-blanche-ukraine,fb79c1faa23e6537889b8b58ca89763b	Carte Blanche Ukraine	CarteBlancheUkr
castingwords,fb79c1faa23e6537889b8b58ca8d6a82	CastingWords	castingwords
cataweb-online-sl,fb79c1faa23e6537889b8b58ca8f5699	Cataweb Online SL	CatawebOnlineSL
cbs-yellow-pages,fb79c1faa23e6537889b8b58ca927f34	CBS Yellow Pages	cbsyellowpages
cellitused-com-inc,'fb79c1faa23e6537889b8b58ca97efcc	Cellitused.com, Inc.	cellitused'
central-desktop,fb79c1faa23e6537889b8b58ca9bd324	Central Desktop	centraldesktop
cerberus,fb79c1faa23e6537889b8b58ca9f0211	Cerberus 	CERBERUSIP
chacha,fb79c1faa23e6537889b8b58caa1f1b3	ChaCha	chacha
chain-reaction-media,fb79c1faa23e6537889b8b58caa22926	Chain Reaction Media	maxhenry
charitybuzz,fb79c1faa23e6537889b8b58caa6087f	Charitybuzz	Charitybuzz
cheapoair,fb79c1faa23e6537889b8b58caa9f4c6	CheapOair	cheapoair
chefmod,fb79c1faa23e6537889b8b58caac4f6c	ChefMod	chefmod
chegg,fb79c1faa23e6537889b8b58caac65ac	Chegg	chegg
chillingo,fb79c1faa23e6537889b8b58caafe5a8	Chillingo	chillingo
chinict,fb79c1faa23e6537889b8b58cab1b799	CHINICT	CHINICT
choose,fb79c1faa23e6537889b8b58cab3b678	Choose	chooseonline
church-office-online,fb79c1faa23e6537889b8b58cab663ff	Church Office Online	onlinechurchmgt
ciachop,fb79c1faa23e6537889b8b58cab734f6	Ciashop	ciashop
cityguidesa,fb79c1faa23e6537889b8b58cabff668	CityGuideSA	Cityguidesa
cityodds,fb79c1faa23e6537889b8b58cac091ae	CityOdds	CityOdds
clarizen,fb79c1faa23e6537889b8b58cac47081	Clarizen	clarizen
clc-bio,fb79c1faa23e6537889b8b58cac797e4	CLC bio	CLCbio
cleverbridge-2,fb79c1faa23e6537889b8b58caccdc59	cleverbridge	cleverbridge
clickerworker-com,fb79c1faa23e6537889b8b58cad0c465	clickworker.com	clickworker_com
clickfarm-interactive,fb79c1faa23e6537889b8b58cacf1870	Clickfarm Interactive	clickfarm
climber-com,fb79c1faa23e6537889b8b58cad1d96a	Climber.com	climbercom
cloud-services-depot,fb79c1faa23e6537889b8b58cad646f8	Cloud Services Depot	CSD_Inc
cloudprofile,fb79c1faa23e6537889b8b58cad92c1e	CloudProfile	cloudprofile
codamation,fb79c1faa23e6537889b8b58cae19c21	CodaMation	codamation
codebox,fb79c1faa23e6537889b8b58cae2e78a	CodeBox	codebox
codecall,fb79c1faa23e6537889b8b58cae2f8bd	Codecall	codecall
codento,fb79c1faa23e6537889b8b58cae3f2c2	Codento	codento
codered,fb79c1faa23e6537889b8b58cae43ddf	CodeRed	coderedcpr
coders-designers,fb79c1faa23e6537889b8b58cae46ecf	Coders & Designers	CodersDesigners
colourlovers,fb79c1faa23e6537889b8b58caeef49b	COLOURlovers	colourlovers
commandfusion,fb79c1faa23e6537889b8b58caf25d01	CommandFusion	CommandFusion
communication-strategy-group,fb79c1faa23e6537889b8b58caf4e336	Communication Strategy Group	Brandtelling
comvigo-inc,'fb79c1faa23e6537889b8b58cafe2c05	Comvigo, Inc.	imlock'
concentric-sky,fb79c1faa23e6537889b8b58cafea3b3	Concentric Sky	ConcentricSky
condodomain,c61e6a5dd61ef3ac28d02c864e00959b	CondoDomain	CondoDomain
conduit,c61e6a5dd61ef3ac28d02c864e00ea19	Conduit	conduit
conigent,c61e6a5dd61ef3ac28d02c864e0354d0	Conigent	Conigent
constrat,c61e6a5dd61ef3ac28d02c864e0829d5	ConStrat	ConStrat
contabaze,c61e6a5dd61ef3ac28d02c864e0965e4	Contabaze	contabaze
contact-at-once,c61e6a5dd61ef3ac28d02c864e0974a0	Contact At Once!	autodealerchat
control-room,c61e6a5dd61ef3ac28d02c864e0daf9c	Control Room	ControlRoom
conway-consulting-group,c61e6a5dd61ef3ac28d02c864e10ae94	Conway Consulting Group	NextGenERP
coolstreaming,c61e6a5dd61ef3ac28d02c864e12982f	CoolStreaming	csoniphone
core-informatics,c61e6a5dd61ef3ac28d02c864e156fc0	Core Informatics	CoreLIMS
corra-group,c61e6a5dd61ef3ac28d02c864e19d846	Corra Group	corragroup
correlsense,c61e6a5dd61ef3ac28d02c864e1a0713	Correlsense	Correlsense
costumzee,c61e6a5dd61ef3ac28d02c864e1bea64	Costumzee	costumzee
couponshack,c61e6a5dd61ef3ac28d02c864e1eb9ba	CouponShack	couponshack
cozi,c61e6a5dd61ef3ac28d02c864e223dbd	Cozi	CoziFamily
creativ-eras,c61e6a5dd61ef3ac28d02c864e279953	Creativ Eras	creativeras
creative-state,c61e6a5dd61ef3ac28d02c864e293ff6	Creative State	creativestateuk
creme-software,c61e6a5dd61ef3ac28d02c864e2bc504	Creme Software	cremeglobal
crisp-thinking,c61e6a5dd61ef3ac28d02c864e2dbebd	Crisp Thinking	crispthinking
cro-yachting,c61e6a5dd61ef3ac28d02c864e2fa523	Cro Yachting	CroYachting
crrwebhosting,c61e6a5dd61ef3ac28d02c864e34c533	crrwebhosting	crrwebhosting
crystal-ball-ltd,c61e6a5dd61ef3ac28d02c864e367930	Crystal Ball Ltd	crystalballltd
crystel-communciations,c61e6a5dd61ef3ac28d02c864e36dfe6	Crystel Communciations	edmigo
csa-partners,c61e6a5dd61ef3ac28d02c864e372908	CSA Partners	csapartners
cue-blocks-technologies,c61e6a5dd61ef3ac28d02c864e3ab9b9	Cue Blocks Technologies	cueblocks
curverider,c61e6a5dd61ef3ac28d02c864e3e69dc	Curverider	elggdotcom
cy-talk-group,c61e6a5dd61ef3ac28d02c864e419ca2	CY.TALK GROUP	Cytalktelecom
cyber-duck,c61e6a5dd61ef3ac28d02c864e423942	Cyber-Duck	Cyberduck_uk
d-sign-interactive,c61e6a5dd61ef3ac28d02c864e4877b6	D-SIGN Interactive	dsignint
d-sign-interactive,c61e6a5dd61ef3ac28d02c864ebbcb59	D-SIGN Interactive	dsignint
dailyme,c61e6a5dd61ef3ac28d02c864e4c6f2f	DailyMe	newstogram
dailyme,c61e6a5dd61ef3ac28d02c864ebfd915	DailyMe	newstogram
dailymotion,c61e6a5dd61ef3ac28d02c864e4c7e42	Dailymotion	dailymotion
dailymotion,c61e6a5dd61ef3ac28d02c864ebfe68f	Dailymotion	dailymotion
damn-digital-studio,c61e6a5dd61ef3ac28d02c864e4e201c	DAMN Digital Studio	damndigital
damn-digital-studio,c61e6a5dd61ef3ac28d02c864ec186d2	DAMN Digital Studio	damndigital
database-convert,c61e6a5dd61ef3ac28d02c864e53522a	database convert	lkndbcm
database-convert,c61e6a5dd61ef3ac28d02c864ec6f2dc	database convert	lkndbcm
datacastle,c61e6a5dd61ef3ac28d02c864e53945a	Datacastle	Datacastle
datacastle,c61e6a5dd61ef3ac28d02c864ec74401	Datacastle	Datacastle
dating-site-builder,c61e6a5dd61ef3ac28d02c864e5866d4	Dating Site Builder	datingsoftware
dating-site-builder,c61e6a5dd61ef3ac28d02c864ecbd69c	Dating Site Builder	datingsoftware
david-taylor-design,c61e6a5dd61ef3ac28d02c864e5a4608	David Taylor Design	DavidTDesign
david-taylor-design,c61e6a5dd61ef3ac28d02c864ecdb8b6	David Taylor Design	DavidTDesign
daviker-ltd,c61e6a5dd61ef3ac28d02c864e5a70b0	Daviker LTD	daviker
daviker-ltd,c61e6a5dd61ef3ac28d02c864ecdf48c	Daviker LTD	daviker
dcg-marketing-ltd-belfast-2,c61e6a5dd61ef3ac28d02c864e5d62c8	Dcg Marketing Ltd Belfast	dcgmarketingltd
dcg-marketing-ltd-belfast-2,c61e6a5dd61ef3ac28d02c864ed0d197	Dcg Marketing Ltd Belfast	dcgmarketingltd
dcg-marketing-ltd-belfast-3,'c61e6a5dd61ef3ac28d02c864e5d71f7	DCG Marketing Ltd, Belfast	dcgmarketingltd'
dcg-marketing-ltd-belfast-3,'c61e6a5dd61ef3ac28d02c864ed0d272	DCG Marketing Ltd, Belfast	dcgmarketingltd'
dckap-technologies,c61e6a5dd61ef3ac28d02c864e5db644	DCKAP TECHNOLOGIES	DCKAP
dckap-technologies,c61e6a5dd61ef3ac28d02c864ed10f28	DCKAP TECHNOLOGIES	DCKAP
decision-services-international,c61e6a5dd61ef3ac28d02c864e65d2ed	Decision Services International	harold_solomon
decision-services-international,c61e6a5dd61ef3ac28d02c864ed909e5	Decision Services International	harold_solomon
designboxweb,c61e6a5dd61ef3ac28d02c864e730167	DesignBoxWeb	DesignBoxWeb
designboxweb,c61e6a5dd61ef3ac28d02c864ee581d5	DesignBoxWeb	DesignBoxWeb
devolia,c61e6a5dd61ef3ac28d02c864e78bb28	Devolia	devolia
devolia,c61e6a5dd61ef3ac28d02c864eeb03c6	Devolia	devolia
dialtosave,c61e6a5dd61ef3ac28d02c864e7c6415	DialToSave	dialtosave
dialtosave,c61e6a5dd61ef3ac28d02c864eef12b8	DialToSave	dialtosave
didiom,c61e6a5dd61ef3ac28d02c864e7e598f	Didiom	didiompro
didiom,c61e6a5dd61ef3ac28d02c864ef14e16	Didiom	didiompro
digital-ignite,c61e6a5dd61ef3ac28d02c864e838169	Digital Ignite	digitalignite
digital-ignite,c61e6a5dd61ef3ac28d02c864ef72c97	Digital Ignite	digitalignite
digital-ignite-learning,c61e6a5dd61ef3ac28d02c864e8388b8	Digital Ignite Learning	digitalignite
digital-ignite-learning,c61e6a5dd61ef3ac28d02c864ef72e0c	Digital Ignite Learning	digitalignite
digital-time-capture-inc,c61e6a5dd61ef3ac28d02c864e86e8d7	Digital Time Capture Inc.	DTCapture
digital-time-capture-inc,c61e6a5dd61ef3ac28d02c864efac94b	Digital Time Capture Inc.	DTCapture
digital-work,c61e6a5dd61ef3ac28d02c864e87505c	Digital Work	digitalworkpt
digital-work,c61e6a5dd61ef3ac28d02c864efb498d	Digital Work	digitalworkpt
digitalexperts-net,c61e6a5dd61ef3ac28d02c864e87ed81	DigitalExperts.Net	digitalexperts
digitalexperts-net,c61e6a5dd61ef3ac28d02c864efbe8fd	DigitalExperts.Net	digitalexperts
dimnet,c61e6a5dd61ef3ac28d02c864e8b210a	Dimnet  	dimnet
dimnet,c61e6a5dd61ef3ac28d02c864eff1151	Dimnet  	dimnet
direct-incorporation,4b9962595d7ff850d591b39c0000eb8b	Direct Incorporation	DirectIncorp
direct-incorporation,c61e6a5dd61ef3ac28d02c864e8d0dab	Direct Incorporation	DirectIncorp
direct-message-lab,4b9962595d7ff850d591b39c00011bb9	Direct Message Lab	DMLinfo
direct-message-lab,c61e6a5dd61ef3ac28d02c864e8d3f63	Direct Message Lab	DMLinfo
ditto-music,4b9962595d7ff850d591b39c0007b5cf	Ditto Music	dittomusic
ditto-music,c61e6a5dd61ef3ac28d02c864e93c1bf	Ditto Music	dittomusic
diverse-solutions,4b9962595d7ff850d591b39c000843d4	Diverse Solutions	diversesolution
diverse-solutions,c61e6a5dd61ef3ac28d02c864e94433f	Diverse Solutions	diversesolution
divine-it-limited,4b9962595d7ff850d591b39c0008a868	Divine IT Limited	divineit
divine-it-limited,c61e6a5dd61ef3ac28d02c864e94b7b3	Divine IT Limited	divineit
djtunes,4b9962595d7ff850d591b39c000a5530	DJTUNES.COM	djtunes
djtunes,c61e6a5dd61ef3ac28d02c864e966b4d	DJTUNES.COM	djtunes
dk-new-media,4b9962595d7ff850d591b39c000a5f03	DK New Media	dknewmedia
dk-new-media,c61e6a5dd61ef3ac28d02c864e967808	DK New Media	dknewmedia
docebo,4b9962595d7ff850d591b39c000da74a	Docebo	Docebo
docebo,c61e6a5dd61ef3ac28d02c864e9965d7	Docebo	Docebo
doostang,4b9962595d7ff850d591b39c00171291	Doostang	doostang
doostang,c61e6a5dd61ef3ac28d02c864ea25c03	Doostang	doostang
dotcom-insys,4b9962595d7ff850d591b39c00195c02	Dotcom Insys	Dotcom_Insys
dotcom-insys,c61e6a5dd61ef3ac28d02c864ea4ae38	Dotcom Insys	Dotcom_Insys
dreamsofbrides,4b9962595d7ff850d591b39c0020dd91	DreamsofBrides	dreamsofbrides
dreamsofbrides,c61e6a5dd61ef3ac28d02c864eac5a74	DreamsofBrides	dreamsofbrides
dsignzmedia,4b9962595d7ff850d591b39c0026a798	dsignzmedia	dsignzmedia
dsignzmedia,c61e6a5dd61ef3ac28d02c864eb24f3a	dsignzmedia	dsignzmedia
dynatrace-software,4b9962595d7ff850d591b39c002f272d	dynaTrace software	dynaTrace
dynatrace-software,c61e6a5dd61ef3ac28d02c864eba99f0	dynaTrace software	dynaTrace
e-dynamics-virtual-worlds,4b9962595d7ff850d591b39c00327416	E-Dynamics Virtual Worlds	morfdynamics
easy-media-network-llc,4b9962595d7ff850d591b39c0038bb2a	Easy Media Network LLC	easypr
ebpearls,4b9962595d7ff850d591b39c003e1fd4	ebPearls	ebPearls
ebus-media-networks,4b9962595d7ff850d591b39c003eb17a	eBUS Media Networks	eBUS
ecatholic-websites,4b9962595d7ff850d591b39c003fc58f	eCatholic Websites	Josh38
echonest-2,907373444553d8ee3bfe8778cd13dfc1	The Echonest	echonest
echosign,4b9962595d7ff850d591b39c004145b3	EchoSign	echosign
ecommerce-recruiter-com,4b9962595d7ff850d591b39c00444a5a	Ecommerce Recruiter.com	EcommerceJobs
ecosystem-ventures,4b9962595d7ff850d591b39c0045d833	Ecosystem Ventures	ecosystemVC
edarabia-com,4b9962595d7ff850d591b39c0047084a	Edarabia.com	edarabia
edujini-labs,4b9962595d7ff850d591b39c004c360f	Edujini Labs	edujini
efficy,4b9962595d7ff850d591b39c004eb2b6	Efficy	Efficy_CRM
efforts-solutions,4b9962595d7ff850d591b39c004eeb18	Efforts Solutions	effortz
eficode,4b9962595d7ff850d591b39c004f00ad	Eficode	eficode
elephantdrive,4b9962595d7ff850d591b39c005a9f8e	ElephantDrive	elephantdrive
elf-productions,4b9962595d7ff850d591b39c005b91d2	Elf Productions	elfproductions
elite-electronix-inc,4b9962595d7ff850d591b39c005c6866	Elite Electronix Inc	eliteelectronix
elite-global,4b9962595d7ff850d591b39c005c74b4	Elite Global	alwalputta
elitmus-evaluation,4b9962595d7ff850d591b39c005cd8ce	eLitmus Evaluation	elitmus
eloanpersonal,4b9962595d7ff850d591b39c005ddae4	eLoanPersonal	eloanpersonal
embrace-pet-insurance,4b9962595d7ff850d591b39c0061fd42	Embrace Pet Insurance	EmbracePetIns
emineer,4b9962595d7ff850d591b39c0064fd6c	Emineer	emineerseo
emotion-media,4b9962595d7ff850d591b39c00669eff	Emotion Media	Emotion_Media
emprendedores-news,4b9962595d7ff850d591b39c0068514e	Emprendedores News	emprendenews
engage-learning-systems,4b9962595d7ff850d591b39c006f824f	Engage Learning Systems	engagelearn
engine-communications,4b9962595d7ff850d591b39c00703699	Engine Communications	enginecom
enterprise-concept,4b9962595d7ff850d591b39c007624aa	Enterprise Concept	BPM_Alchemy
entropic-synergies,4b9962595d7ff850d591b39c0078879e	Entropic Synergies	Entropic_Syn
entropysoft,4b9962595d7ff850d591b39c00789f7d	EntropySoft	SergeGuillermeP
equitynet,4b9962595d7ff850d591b39c00825dc5	EquityNet	equitynet
eri-design,4b9962595d7ff850d591b39c00841c2e	Eri Design	EriDesign
essence-digital,4b9962595d7ff850d591b39c00891f56	Essence Digital	essencedigital
eternalgambling,4b9962595d7ff850d591b39c008be3eb	EternalGambling	gamblingnews
etsy,4b9962595d7ff850d591b39c008e0bc6	Etsy	Etsy
europeanprospects,4b9962595d7ff850d591b39c00907cbd	EuropeanProspects	ChristopheEPcom
evaloriz,4b9962595d7ff850d591b39c0091a480	eValoriz	evaloriz
eventdomain-co-uk,4b9962595d7ff850d591b39c0093c0c0	Eventdomain.co.uk	eventdomain
eventfinder,4b9962595d7ff850d591b39c0093f631	Eventfinder	eventfinder
evi,4b9962595d7ff850d591b39c0098869c	Evi	EviKnows
exceldigital-org-uk,4b9962595d7ff850d591b39c009ee98b	exceldigital.org.uk	laptop_adapter
eye-fi,4b9962595d7ff850d591b39c00aa2d86	Eye-Fi	EyeFiCard
facilitas,4b9962595d7ff850d591b39c00b09d96	Facilitas	FindABetterBank
fastspring,4b9962595d7ff850d591b39c00be26d3	FastSpring	FastSpring
filehold-document-management-software,4b9962595d7ff850d591b39c00cbbbee	FileHold Document Management software	FileHold
fireid,4b9962595d7ff850d591b39c00d4e0db	FireID	FireID_com
firm58,4b9962595d7ff850d591b39c00d58dc7	Firm58	firm58
fitness-fulfillment,83097a0e1641e8eda5b5ac717e9caec1	MobileTrainer	FitnessFulfilmt
fixya,4b9962595d7ff850d591b39c00de07ed	FixYa	fixya
fk3,4b9962595d7ff850d591b39c00de7ab2	FK3	fk3
flashmint,4b9962595d7ff850d591b39c00dffe2b	FlashMint	fmint
flightaware,4b9962595d7ff850d591b39c00e3ee33	FlightAware	flightaware
flippin-sweet-gear,'4b9962595d7ff850d591b39c00e546a9	Flippin'' Sweet Gear	flippinsg'
fliqz,4b9962595d7ff850d591b39c00e59bc5	Fliqz	fliqz
flock,4b9962595d7ff850d591b39c00e686c1	Flock	flock
floridarentalads-com,4b9962595d7ff850d591b39c00e7d7d7	FloridaRentalAds.com	flrentalads
flurry,4b9962595d7ff850d591b39c00eaa6d7	Flurry	flurrymobile
folio3,4b9962595d7ff850d591b39c00ee6c3a	Folio3	folio_3
fonearena,4b9962595d7ff850d591b39c00ef934d	fonearena	FoneArena
for-skills,4b9962595d7ff850d591b39c00f3a955	For Skills	ForSkills
for-to-do-centers,4b9962595d7ff850d591b39c00f3c512	for; to (do) Centers	fortodocenters
forexearlywarning,4b9962595d7ff850d591b39c00f5a19f	Forexearlywarning	forexearly
forgotten-gold,4b9962595d7ff850d591b39c00f5f1ba	Forgotten Gold	forgottengold
fortiusone,bb00443be334273f59d3ef19d137a2a8	GeoIQ	geoiq
fortyseven-media-2,4b9962595d7ff850d591b39c00f8f75f	FortySeven Media	47m
found,4b9962595d7ff850d591b39c00fab4a5	Found.	found_online
four-winds-interactive,4b9962595d7ff850d591b39c00fc8bb1	Four Winds Interactive	FWiDigitalSigns
france-gourmet-diffusion,4b9962595d7ff850d591b39c00ffddca	FRANCE GOURMET DIFFUSION	VALAP_com
franglo,bb00443be334273f59d3ef19d10014fe	Franglo	franglo
frankentipps-de,bb00443be334273f59d3ef19d100231f	Frankentipps.de	Frankentipps
free-craft-fair,bb00443be334273f59d3ef19d10251c8	Free Craft Fair	FreeCraftFair
fresh-tilled-soil,bb00443be334273f59d3ef19d1088ce1	Fresh Tilled Soil	freshtilledsoil
fringe81-inc,'bb00443be334273f59d3ef19d10bdd47	Fringe81, Inc.	smiki_81'
frogslayer,bb00443be334273f59d3ef19d10c50cd	FrogSlayer	FrogSlayerLLC
fuhr-software,bb00443be334273f59d3ef19d110f6ef	Fuhr Software	thinkfsi
fusion-developers,bb00443be334273f59d3ef19d116e23e	Fusion Developers	fusiondevs
future-workshops,bb00443be334273f59d3ef19d11893d6	Future Workshops	FutureWorkshops
futureranking-com,bb00443be334273f59d3ef19d11907c8	FutureRanking.com	FutureRanking
g5-search-marketing,bb00443be334273f59d3ef19d11c65a7	G5	G5Platform
gallerama,bb00443be334273f59d3ef19d11fe2e5	Gallerama	gallerama
game-factory,bb00443be334273f59d3ef19d120d491	Game Factory	fabrykagierPL
gamerflex,bb00443be334273f59d3ef19d1235838	GamerFlex	gamerflex
gather,bb00443be334273f59d3ef19d1294f93	Gather	Gather_Inc
gatherspace-com,bb00443be334273f59d3ef19d12980b7	GatherSpace.com	gatherspace
gcduk-search,bb00443be334273f59d3ef19d12b7d11	GCDUK Search	crmsoftware1
gear-zone,bb00443be334273f59d3ef19d12cb583	Gear Zone	Gear_zone
geewa,bb00443be334273f59d3ef19d12f4c0f	Geewa	Geewa
genius-com,bb00443be334273f59d3ef19d134fe1a	Genius.com	genius_com
gift-cardlab,bb00443be334273f59d3ef19d1411807	GiftCardLab.com	GiftCardLab
gifts2indiaonline,bb00443be334273f59d3ef19d1422190	Gifts2IndiaOnline	gifts2io
gigmax,bb00443be334273f59d3ef19d14435e7	Gigmax	gigmax
gilsmethod,bb00443be334273f59d3ef19d14558bc	GilsMethod	gilsmethod
gimigo,bb00443be334273f59d3ef19d1458aff	Gimigo	gimigo
ginger-webs,bb00443be334273f59d3ef19d145de67	Ginger Webs	thinkexam
giving-anonymously,bb00443be334273f59d3ef19d1482ebc	Giving Anonymously	GivingAnon_org
globalwebtutors,bb00443be334273f59d3ef19d1523686	Globalwebtutors	globalwebtutors
goferauto,bb00443be334273f59d3ef19d15adec3	Goferauto	goferauto
gogo,bb00443be334273f59d3ef19d15b58f0	Gogo	gogo
gogol-medien,bb00443be334273f59d3ef19d15bacb8	gogol medien	gogolmedien
goviral,bb00443be334273f59d3ef19d16a1a91	goviral	goviral
grab-games,bb00443be334273f59d3ef19d16ba2ee	Grab Games	Grab
grafdom,bb00443be334273f59d3ef19d16d0af6	Grafdom	grafdom
grafea-leather,bb00443be334273f59d3ef19d16d13cb	Grafea Leather	grafea
greencells,bb00443be334273f59d3ef19d175aafb	Greencells	greencells
greenply-industries-limited,bb00443be334273f59d3ef19d17846bb	Greenply Industries Limited	greenpanelmax
greystripe,bb00443be334273f59d3ef19d17a4f44	Greystripe	greystripe
groovychannel,bb00443be334273f59d3ef19d17daa3f	Groovy Corp.	groovycorp
groupargent,bb00443be334273f59d3ef19d17ef815	GroupArgent	groupargent
guardiananalytics,bb00443be334273f59d3ef19d186602e	Guardian Analytics	GuardAnalytics
guru-technologies,bb00443be334273f59d3ef19d18afc88	Guru Technologies	lastguru
h-farm,bb00443be334273f59d3ef19d18d6b96	H-Farm Ventures	hfarmventures
haystack-software,bb00443be334273f59d3ef19d19bfe3a	Haystack Software	arqbackup
healthination,bb00443be334273f59d3ef19d1a0e8f5	HealthiNation	healthination
helix-research-center,bb00443be334273f59d3ef19d1a678ff	Helix Research Center	HelixWorld
henry-inc,bb00443be334273f59d3ef19d1aa1879	Henry INC.	Henry_INC
hi-tech-appliance-repair,bb00443be334273f59d3ef19d1ae37b1	Hi-Tech Appliance Repair	hitech_applianc
hightouch,bb00443be334273f59d3ef19d1b1879f	HighTouchWeb	hightouchweb
hilltech,bb00443be334273f59d3ef19d1b22b36	HillTech	myhilltech
hiplogic,bb00443be334273f59d3ef19d1b3d1e6	HipLogic 	HipLogic
hollo-interact,bb00443be334273f59d3ef19d1bb449b	Hollo Interact	hollointeract
hollo-interact-belo-horizonte,bb00443be334273f59d3ef19d1bb485e	Hollo Interact Belo Horizonte	hollointeract
hooplah,bb00443be334273f59d3ef19d1c1a054	HOOPLAH	HOOPLAHcom
hopstop-com,bb00443be334273f59d3ef19d1c2add7	HopStop.com	HopStop
hostinglogistixs,bb00443be334273f59d3ef19d1c4feae	hostingLogistixs	logistixsgroup
hotpads-com,bb00443be334273f59d3ef19d1c7e6ee	HotPads	hotpads
house-party,bb00443be334273f59d3ef19d1c945b9	House Party	housepartyfun
huge-ape-media,bb00443be334273f59d3ef19d1d21527	Huge Ape Media	hugeape
hydrant,bb00443be334273f59d3ef19d1d74c99	HYDRANT	hydrantsf
hypemachine,907373444553d8ee3bfe8778cd18847c	The Hype Machine	hypem
hypercube,bb00443be334273f59d3ef19d1d8f332	HyperCube	hypercubellc
i-jet-media,bb00443be334273f59d3ef19d1dcd4a3	i-Jet Media	iJetMedia
i2mobile,bb00443be334273f59d3ef19d1de2b5c	i2DevLabs	i2devlabs
ibood,bb00443be334273f59d3ef19d1e2489a	iBOOD	ibooduk
icodefactory,bb00443be334273f59d3ef19d1e676c7	ICodeFactory	ICodeFactory
icomppower-technology,bb00443be334273f59d3ef19d1e6c2da	Icomppower Technology	1hrCompRepair
icontem,bb00443be334273f59d3ef19d1e7c8df	Icontem	phpclasses
id-bank-co-ltd,'bb00443be334273f59d3ef19d1e97e2b	iD bank Co.,Ltd.	zawatsuku'
idea-grove,bb00443be334273f59d3ef19d1ea6ea0	Idea Grove	ideagrove
ideacodes,bb00443be334273f59d3ef19d1eb0d76	Ideacodes	ideacodes
ieplexus,bb00443be334273f59d3ef19d1f18aa8	iePlexus	iePlexus
ifbyphone,bb00443be334273f59d3ef19d1f1f443	Ifbyphone	ifbyphone
iforge-ltd,bb00443be334273f59d3ef19d1f2da81	iForge Ltd	iforgeltd
ikoo,bb00443be334273f59d3ef19d1f7fee0	ikoo	ikoonetwork
imagelooop-gmbh-2,bb00443be334273f59d3ef19d1fb253d	imageloop	imageloop
imagine-interactive-systems,bb00443be334273f59d3ef19d1fc29fa	Imagine Interactive Systems	e3g
imotions-emotion-technology,597e595b22c7371d2769eb1fa001d955	iMotions - Eye Tracking	imotionsglobal
imphatic-design-studio,597e595b22c7371d2769eb1fa00392df	imphatic Design Studio	imphatic
impress-labs,597e595b22c7371d2769eb1fa00443f4	Impress Labs	impresstweets
inboxfox,597e595b22c7371d2769eb1fa0083eec	InboxFox	inboxfox
indextron,597e595b22c7371d2769eb1fa00bdb04	indextron	indextron
indisoft,597e595b22c7371d2769eb1fa00ef725	IndiSoft 	IndiSoftLLC
infinit-outsourcing,597e595b22c7371d2769eb1fa0135839	Infinit Outsourcing	OutsourcingInfo
info-surge,597e595b22c7371d2769eb1fa0154183	Info-Surge	infosurge
information-architects,597e595b22c7371d2769eb1fa0189652	Information Architects	iA
innovation-factory,597e595b22c7371d2769eb1fa0236701	Innovation Factory	innovationfctry
innovative-language-learning,597e595b22c7371d2769eb1fa0240d4a	Innovative Language Learning	innolang
insideview,597e595b22c7371d2769eb1fa028d255	InsideView	Insideview
instapayment-inc,597e595b22c7371d2769eb1fa02d2174	InstaPayment 	instapayment
integral-fusion,597e595b22c7371d2769eb1fa030373b	Integral Fusion	integralfusion
integrum-technologies,597e595b22c7371d2769eb1fa031c2a6	Integrum Technologies	integrum
inteliwise-usa,597e595b22c7371d2769eb1fa032de0c	InteliWISE USA	inteliwise
intelligenes,597e595b22c7371d2769eb1fa033ca13	Intelligenes	intelligenes
intellisemantic,597e595b22c7371d2769eb1fa035306e	IntelliSemantic	intellisemantic
internet-handholding,597e595b22c7371d2769eb1fa03d32ef	Internet Handholding	internethandhol
interworx,597e595b22c7371d2769eb1fa0415047	InterWorx	interworx
intlock,597e595b22c7371d2769eb1fa0422f4c	Intlock	cardiolog
inventcommerce,597e595b22c7371d2769eb1fa0462976	InventCommerce	inventcommerce
ip-commerce,597e595b22c7371d2769eb1fa04dc658	IP Commerce	ipcommerce
ipevo,597e595b22c7371d2769eb1fa04fb60e	IPEVO	ipevo
ipga,597e595b22c7371d2769eb1fa04ff7a9	IPGA	iproperty_com
ipoque,597e595b22c7371d2769eb1fa051a592	ipoque - A Rohde & Schwarz Company	ipoque
ironkey,597e595b22c7371d2769eb1fa0562beb	IronKey	IronKey
ironoak-it,597e595b22c7371d2769eb1fa05638a4	IronOak IT	IronOakIT
isentio,597e595b22c7371d2769eb1fa0583c76	Isentio	isentio
itlogistixs,597e595b22c7371d2769eb1fa060da55	itLogistixs	logistixsgroup
iviz-security,597e595b22c7371d2769eb1fa06556ca	iViZ Security	iViZ_Security
iviz-techno-solutions,597e595b22c7371d2769eb1fa0655b88	iViZ Techno Solutions	iViZ_Security
jamespot,597e595b22c7371d2769eb1fa06d6494	Jamespot	jamespot
janrain,597e595b22c7371d2769eb1fa06e61a5	Janrain	janrain
jeanspilot,597e595b22c7371d2769eb1fa071e4d6	JeansPilot	JeansPilot
joomla,597e595b22c7371d2769eb1fa0809027	Joomla	joomla
jtribe,597e595b22c7371d2769eb1fa084f47b	jTribe	persival
juhll-inc,597e595b22c7371d2769eb1fa085893a	Juhll Inc	juhllonline
jun-group,597e595b22c7371d2769eb1fa087c654	Jun Group	jungroup
kairee-systems,597e595b22c7371d2769eb1fa090685a	Kairee Systems Pvt. Ltd.	Kairee_Systems
karma-kerala,597e595b22c7371d2769eb1fa095a8a4	Karma Kerala	hotelskerala
karmakerala,597e595b22c7371d2769eb1fa095f284	Karmakerala	karmakerala
karmasphere,597e595b22c7371d2769eb1fa0961b73	Karmasphere	karmasphere
katz-web-services,597e595b22c7371d2769eb1fa097e2e5	Katz Web Services	katzwebservices
kevin-brownlow-creative,597e595b22c7371d2769eb1fa09fda68	Kevin Brownlow Creative	krbrownlow
key-ingredient,597e595b22c7371d2769eb1fa0a038d6	Key Ingredient	Key_Ingredient
kingbadantee,597e595b22c7371d2769eb1fa0a8a99a	Kingbadantee	mrhrussell
kiva,597e595b22c7371d2769eb1fa0ac0d26	Kiva	kiva
klarna,597e595b22c7371d2769eb1fa0ad1159	Klarna	klarna
kmea-group,597e595b22c7371d2769eb1fa0af4747	KMEA Group	kmea1
koffeeware,597e595b22c7371d2769eb1fa0b3bf85	Koffeeware	koffeeware
kosoft,597e595b22c7371d2769eb1fa0b8f2af	Kosoft	kosoft
kryptiva,597e595b22c7371d2769eb1fa0bd1c06	Kryptiva	kryptiva
kudzu,597e595b22c7371d2769eb1fa0be9b4b	Kudzu	KudzuTalks
kurumsalhaberler,597e595b22c7371d2769eb1fa0c070e6	Kurumsalhaberler	khcomtr
labtech,597e595b22c7371d2769eb1fa0c75478	LabTech Software	labtechsoftware
languagelab-com,597e595b22c7371d2769eb1fa0cbbce1	Languagelab.com	Languagelab
lastguru,597e595b22c7371d2769eb1fa0cea45f	lastguru	lastguru
leardon-solutions,597e595b22c7371d2769eb1fa0d8e73a	Leardon Solutions	leardon
leilaojp,597e595b22c7371d2769eb1fa0ddae6d	Leilaojp	leilaojp
lifestyles-home-decor,597e595b22c7371d2769eb1fa0ea4cdf	Lifestyles Home Decor	lifestyleshome
liftopia,597e595b22c7371d2769eb1fa0ead223	Liftopia	liftopia
lightspeed-retail,597e595b22c7371d2769eb1fa0ec418b	LightSpeed Retail	LightSpeedPOS
limundo,597e595b22c7371d2769eb1fa0efc422	Limundo	Limundo
linkool-labs,597e595b22c7371d2769eb1fa0f4329d	Linkool Labs	linkool
live-well-financial,597e595b22c7371d2769eb1fa0fc9645	Live Well Financial 	livewellfinance
livebookings,597e595b22c7371d2769eb1fa0fd4a4c	Livebookings	livebookings
livebooks,597e595b22c7371d2769eb1fa0fd58bb	liveBooks	livebooks
loc-aid-technologies,83097a0e1641e8eda5b5ac717e03543f	Locaid	locaid
local-sounds,83097a0e1641e8eda5b5ac717e047414	Local Sounds	localsounds
lone-star-gridiron,83097a0e1641e8eda5b5ac717e0e632d	Lone Star Gridiron	lsg
lookuppoint,83097a0e1641e8eda5b5ac717e10914f	LookupPoint	LookupPoint
loopt,83097a0e1641e8eda5b5ac717e114565	Loopt	loopt
loyalty-inc,'83097a0e1641e8eda5b5ac717e167f8a	Loyalty Inc.,	LoyaltyFamU'
loylogic,83097a0e1641e8eda5b5ac717e16c7fc	Loylogic	loytweet
luggage-forward,83097a0e1641e8eda5b5ac717e198aca	Luggage Forward	luggageforward
lumosity,83097a0e1641e8eda5b5ac717e1b8362	Lumos Labs	Lumosity
lyricfind,83097a0e1641e8eda5b5ac717e1fbbb5	LyricFind	LyricFind
m-ink-productions,83097a0e1641e8eda5b5ac717e20f268	M.INK Productions	ifvnews
madison-main,83097a0e1641e8eda5b5ac717e26f8f2	Madison+Main	madisonmain
magellan-solutions-outsourcing-inc,83097a0e1641e8eda5b5ac717e280636	Magellan Solutions Outsourcing Inc.	Magellan_Call
magnify360,83097a0e1641e8eda5b5ac717e2b1f7a	magnify360	magnify360
maithu-it-solutions,83097a0e1641e8eda5b5ac717e2f2cce	Maithu IT Solutions	maithultd
makayama-media,83097a0e1641e8eda5b5ac717e30165c	Makayama Media B.V.	makayama
mall-networks,fb79c1faa23e6537889b8b58ca899080	Cartera Commerce	CarteraCommerce
manashosting,83097a0e1641e8eda5b5ac717e348352	Manashosting	manashostingind
manta,83097a0e1641e8eda5b5ac717e36a217	Manta	manta
mapperz,83097a0e1641e8eda5b5ac717e38e3d0	Mapperz	mapperz
march-communications,83097a0e1641e8eda5b5ac717e3a417d	March Communications	marchpr
marketart,83097a0e1641e8eda5b5ac717e3ca324	MarketArt	x_youarehere
marketraise-corp,5885c8f942b2d53de0f9ff90e1eb6740	SEO Company	marketraise
marketsync,83097a0e1641e8eda5b5ac717e3f0f79	Marketsync	marketsync
mashable,83097a0e1641e8eda5b5ac717e426fd9	Mashable	mashable
matheau-j-w-stout-esq,'83097a0e1641e8eda5b5ac717e479588	Matheau J. W. Stout, Esq.	mjwstout'
maven-infosoft,83097a0e1641e8eda5b5ac717e49914c	Maven Infosoft	maven_infosoft
mavenir-systems,83097a0e1641e8eda5b5ac717e49a871	Mavenir Systems	mavenir
maximum-balance-foundation,83097a0e1641e8eda5b5ac717e4bc8c8	Maximum Balance Foundation	mxbalance
mdialog,83097a0e1641e8eda5b5ac717e5235e8	mDialog	mDialog
media-music-now,83097a0e1641e8eda5b5ac717e57349c	Media Music Now	mediamusicnow
medialuna-agency,83097a0e1641e8eda5b5ac717e59f42f	Medialuna Agency	medialunaagency
mediaplatform,83097a0e1641e8eda5b5ac717e5ad0c9	MediaPlatform	webcaster
meebo,83097a0e1641e8eda5b5ac717e60aeab	Meebo	meebo
meelectronics,83097a0e1641e8eda5b5ac717e610590	MEElectronics	MEElectronics
meetweb,83097a0e1641e8eda5b5ac717e6254fc	Meetweb	meetweb
mendix,83097a0e1641e8eda5b5ac717e67d5e2	Mendix	mendixsocial
mercentcorporation,83097a0e1641e8eda5b5ac717e6a8d6a	Mercent Corporation	mercentmercent
merchantcircle,83097a0e1641e8eda5b5ac717e6ae234	MerchantCircle	MerchantCircle
metapilot,83097a0e1641e8eda5b5ac717e7187ba	Metapilot	metapilot
metratec,83097a0e1641e8eda5b5ac717e733ab5	metraTec	metratec
metsuki,83097a0e1641e8eda5b5ac717e74c584	Metsuki	metsuki
mexens-technology,83097a0e1641e8eda5b5ac717ef27044	Navizon 	Navizon
michel1080-com,83097a0e1641e8eda5b5ac717e781698	michel1080.com	michel1080
microinvention,83097a0e1641e8eda5b5ac717e7a0ff0	MicroInvention	CrossGL
micromaps,83097a0e1641e8eda5b5ac717e7a57e1	MicroMaps	micromaps
mid-as,83097a0e1641e8eda5b5ac717e7d62bd	MID.AS	mid_as
middleton-katz-chartered-secretaries,83097a0e1641e8eda5b5ac717e7de504	Middleton Katz Chartered Secretaries	middletonkatz
midisticks,83097a0e1641e8eda5b5ac717e7e0f01	Midisticks	Midisticks
mig33,83097a0e1641e8eda5b5ac717e7ebd7d	Mig33	mig33
mindurge-technologies,83097a0e1641e8eda5b5ac717e87341e	Mindurge Technologies	mindurge
miniman-gaming,83097a0e1641e8eda5b5ac717e89006e	Miniman Gaming	MinimanGaming
mint-digital,83097a0e1641e8eda5b5ac717e89c0ca	Mint Digital	mintdigital
mippin,83097a0e1641e8eda5b5ac717e8afb52	Mippin	mippin
miraline-systems,83097a0e1641e8eda5b5ac717e8be4f9	Miraline Systems	MiralineSystems
mixtur-interactive,83097a0e1641e8eda5b5ac717e91ccf8	Mixtur	Mixtur
mmc-group,83097a0e1641e8eda5b5ac717e939e47	mmC Group	cvaldecc
mobifriends,83097a0e1641e8eda5b5ac717e9744a7	mobifriends	halibajwayahoo
mobile17,83097a0e1641e8eda5b5ac717e9a986f	Mobile17	mobile17
mobileglobe,83097a0e1641e8eda5b5ac717e9b5ecc	MobileGlobe	mobileglobe
mobiletech,83097a0e1641e8eda5b5ac717e9c96ef	Mobiletech	MrMobiletech
mobilization-labs,83097a0e1641e8eda5b5ac717e9d839c	Mobilization Labs	MLabsV3
mobistealth-spy-software,83097a0e1641e8eda5b5ac717e9f143f	MobiStealth Spy Software	blackberry_spy
mochimedia,83097a0e1641e8eda5b5ac717ea1ec98	Mochi Media	mochimedia
mocospace,83097a0e1641e8eda5b5ac717ea24ec0	MocoSpace	mocospace
mog,83097a0e1641e8eda5b5ac717ea5e1f2	MOG	mogdotcom
moka5,83097a0e1641e8eda5b5ac717ea792dc	moka5	mokafive
mokafive,83097a0e1641e8eda5b5ac717ea798c8	MokaFive	MokaFive
monavie,83097a0e1641e8eda5b5ac717eaa5c8e	Monavie	mervalus
monolith-software,83097a0e1641e8eda5b5ac717eae27d7	Monolith Software	_Monolith_
moove-it,83097a0e1641e8eda5b5ac717eb21717	Moove-IT	moove_it
morbie,83097a0e1641e8eda5b5ac717eb2b0b4	Morbie	loadphilippines
more-mobile-internet,83097a0e1641e8eda5b5ac717eb2e063	More Mobile Internet	moremobile
motiondsp,83097a0e1641e8eda5b5ac717eb69dfb	MotionDSP	motiondsp
moviestorm,83097a0e1641e8eda5b5ac717ebb5b7e	Moviestorm	Moviestorm
movoto-online-real-estate,83097a0e1641e8eda5b5ac717ebc4a3e	Movoto	movoto
mozes,83097a0e1641e8eda5b5ac717ebdc031	Mozes	mozesinc
mtr-design-ltd,83097a0e1641e8eda5b5ac717ec3a2f4	MTR Design Ltd	mtrdesign
mudraa-solutions,83097a0e1641e8eda5b5ac717ec4f1ee	Mudraa Solutions	mudraa
mugen-power-batteries,83097a0e1641e8eda5b5ac717ec5368e	Mugen Power Batteries	MugenBatteries
muktistudios,83097a0e1641e8eda5b5ac717ec55683	Muktistudios	Muktistudios
music-interactive,83097a0e1641e8eda5b5ac717ec8ae97	Music Interactive	musicinteractiv
my-local-services,83097a0e1641e8eda5b5ac717ecd1932	My  Local Services	MyLocalForums
myclouds,83097a0e1641e8eda5b5ac717ed40a86	MyClouds	MyCloudsCom
mypraize,83097a0e1641e8eda5b5ac717edc8a1d	MyPraize	mypraize
myregistry-com,83097a0e1641e8eda5b5ac717edd3a48	MyRegistry.com	myregistry
myriad-tech,83097a0e1641e8eda5b5ac717edd8f83	Myriad Tech	MyriadTech
mysansar,83097a0e1641e8eda5b5ac717eddfac6	Mysansar	mysansar
mysinglefriend-com,83097a0e1641e8eda5b5ac717edea18b	mysinglefriend.com	mysinglefriend
mysportsplanner-com,83097a0e1641e8eda5b5ac717edf60de	mySportsplanner.com	mysportsplanner
mythings,83097a0e1641e8eda5b5ac717ee05ff0	myThings	mythingsmedia
myxer,83097a0e1641e8eda5b5ac717ee2e569	Myxer	Myxer
myyearbook,'83097a0e1641e8eda5b5ac717e622070	MeetMe, Inc.	meetmecorp'
nakagava-ltd,83097a0e1641e8eda5b5ac717ee6b19f	Nakagava Ltd.	xenu777
nascent-group,83097a0e1641e8eda5b5ac717eec38f4	Nascent Group	nascentgrp
naviexpert,83097a0e1641e8eda5b5ac717ef1d376	NaviExpert	naviexpert
navx,83097a0e1641e8eda5b5ac717ef2a881	NAVX	jcherbo
nealite,83097a0e1641e8eda5b5ac717ef511a2	Nealite	nealite
nee-software-solutions-pvt-ltd,83097a0e1641e8eda5b5ac717e8ade32	mioot Live Chat Software 	mioot
negotiant,83097a0e1641e8eda5b5ac717ef764d1	Negotiant	negotiant
neosono,83097a0e1641e8eda5b5ac717efb9c27	Neosono 	neosono
neotys,83097a0e1641e8eda5b5ac717efc0f5e	Neotys	Neotys
netqin-tech-co-ltd,e054627bc6b1f1d8cb812cce42375a5c	NQ Mobile Inc.	NQMobile
netrefer,e054627bc6b1f1d8cb812cce4206a128	NetRefer	netrefer
netspaceindia,e054627bc6b1f1d8cb812cce420782ab	NetSpaceIndia	netspaceindia
neutrinos,e054627bc6b1f1d8cb812cce420cd32e	Neutrinos	r0ckshow
nevisto,e054627bc6b1f1d8cb812cce420da238	Nevisto	youvea
nexenta-systems,e054627bc6b1f1d8cb812cce4216f840	Nexenta Systems	nexenta
nextiva,e054627bc6b1f1d8cb812cce421a65a0	Nextiva	NEXTIVA
nine-mobile,e054627bc6b1f1d8cb812cce4221fae4	Nine Mobile	ninemobile
nitropdf,e054627bc6b1f1d8cb812cce42242ce2	Nitro	nitropdf
nocturnar,e054627bc6b1f1d8cb812cce4227aa53	nocturnar	nocturnarcom
notcot,e054627bc6b1f1d8cb812cce4230a3cd	NOTCOT	NOTCOT
notion-music,e054627bc6b1f1d8cb812cce4231f7c1	Notion Music	notionmusic
nourtek-solutions,e054627bc6b1f1d8cb812cce42326911	Nourtek Solutions 	nourtek
novatech-network,e054627bc6b1f1d8cb812cce4234118c	Novawave Inc.	NovawaveInc
nowsourcing,e054627bc6b1f1d8cb812cce42369b55	NowSourcing	nowsourcing
nvi,e054627bc6b1f1d8cb812cce423f3ad6	NVI	nvi
nylaexpress-com,e054627bc6b1f1d8cb812cce4240ffd6	NylaExpress.com	nylaexpress
nyros-technologies,e054627bc6b1f1d8cb812cce42413f04	Nyros Technologies	nyros
o2-games,e054627bc6b1f1d8cb812cce424264f0	O2 Games	o2games
o3-world,e054627bc6b1f1d8cb812cce42427059	O3 World	o3world
o3m-directional-marketing-pvt-ltd,e054627bc6b1f1d8cb812cce424288b2	O3M Directional Marketing PVT LTD	o3mdm
obox-design,e054627bc6b1f1d8cb812cce4245568a	Obox Design	obox
obtiva,e054627bc6b1f1d8cb812cce4245dc5e	Obtiva	obtiva
official-gates-technologies-pvt-ltd,e054627bc6b1f1d8cb812cce424ccf8a	Official Gates Technologies	officialgates
oline-tutor-for-english,e054627bc6b1f1d8cb812cce42606d49	Online Tutor For English	sue_gench
one-to-smile,e054627bc6b1f1d8cb812cce4259a9f5	One to Smile	onetosmile
onepricetaxes,e054627bc6b1f1d8cb812cce425c22a0	OnePriceTaxes	onepricetaxes
onesite,e054627bc6b1f1d8cb812cce425cb12f	ONEsite	onesite
online-chat-centers,e054627bc6b1f1d8cb812cce4260a039	OnlineChatCenters	OCC
opanga-networks,e054627bc6b1f1d8cb812cce4266aeb6	Opanga Networks	OpangaNet
open-box-technologies,e054627bc6b1f1d8cb812cce426704e0	Open Box Technologies	sesamevault
opendns,e054627bc6b1f1d8cb812cce426ab2e8	OpenDNS	opendns
opengear,e054627bc6b1f1d8cb812cce426b1397	Opengear	opengear
openwire-solutions,e054627bc6b1f1d8cb812cce426d4d15	Openwire Solutions	Openwiresolu
opereysin,e054627bc6b1f1d8cb812cce426e3374	Opereysin	opereysin
opsview,e054627bc6b1f1d8cb812cce42700f4b	Opsview	opsview
optionmaker,e054627bc6b1f1d8cb812cce42727ef8	OptionMaker	optionmaker
oracle-advertising,e054627bc6b1f1d8cb812cce427436a2	Oracle Advertising	Oracleadvertsng
ortakantin,e054627bc6b1f1d8cb812cce427b964b	ortakantin	ortakantin
orthopaedic-spine-institute,e054627bc6b1f1d8cb812cce427bf346	Orthopaedic & Spine Institute	saspine
otaku-studios,e054627bc6b1f1d8cb812cce427e15f7	Otaku Studios	OtakuStudios
outsmart-360,e054627bc6b1f1d8cb812cce4282cce4	Outsmart Norge	outsmartnorge
pacific-timesheet-software,e054627bc6b1f1d8cb812cce428ae559	Pacific Timesheet Software	pacificts
parabebes-com,e054627bc6b1f1d8cb812cce42966547	paraBebes.com	parabebes
paramount-communication-group,e054627bc6b1f1d8cb812cce4297fade	Paramount Communication Group	ParamountCom
parentinterview,e054627bc6b1f1d8cb812cce4298e45e	parentInterview	parentinterview
parkour-tv,e054627bc6b1f1d8cb812cce429ae518	Parkour TV	parkourtv
patients-guide,'e054627bc6b1f1d8cb812cce42a08b60	Patient''s Guide	patientsguide'
paylane,e054627bc6b1f1d8cb812cce42a46b48	PayLane	PayLane
payoneer,e054627bc6b1f1d8cb812cce42a59483	Payoneer	payoneer
paysimple,e054627bc6b1f1d8cb812cce42a62a41	PaySimple	PaySimple
pbworks,e054627bc6b1f1d8cb812cce42a73d8c	PBworks	PBworks
pcg-digital-marketing,e054627bc6b1f1d8cb812cce42a84c34	PCG Digital Marketing	automotiveseo
peeptoday,e054627bc6b1f1d8cb812cce42ac4ffd	Peeptoday	TmaticFellow
peerset,e054627bc6b1f1d8cb812cce42ad1b90	Peerset	peerset
perfect-storm-media,e054627bc6b1f1d8cb812cce42b55516	Perfect Storm Media	tnabielec
pet-airways,e054627bc6b1f1d8cb812cce42bacf3e	Pet Airways	PetAirways
petamberalert-com,e054627bc6b1f1d8cb812cce42baf3eb	PetAmberAlert.com	pet_amber_alert
pg-enterprises,e054627bc6b1f1d8cb812cce42bd2185	PG Enterprises	pgesystems
phoenix-media-group,e054627bc6b1f1d8cb812cce42c113c7	Phoenix Media Group	PhoenixProTV
photobook-worldwide,e054627bc6b1f1d8cb812cce42c345b1	Photobook Worldwide	photobookww
photoshelter,e054627bc6b1f1d8cb812cce42c4d764	PhotoShelter	photoshelter
phuket-net,e054627bc6b1f1d8cb812cce42c68bef	Phuket.Net	phuketnet
piematrix,e054627bc6b1f1d8cb812cce42cbbb33	PIEmatrix	piematrix
ping-mobile,e054627bc6b1f1d8cb812cce42cec980	Ping Mobile	pingmobile
pingability,e054627bc6b1f1d8cb812cce42cee935	Pingability	rimuhosting
pingvision,e054627bc6b1f1d8cb812cce42cf8082	pingVision	pingvision
pixint-graphics,e054627bc6b1f1d8cb812cce42d65613	Pixint Graphics	pixint
pixiv-inc,e054627bc6b1f1d8cb812cce42d656a2	pixiv Inc.	pixiv
planomatic,e054627bc6b1f1d8cb812cce42db69a4	PlanOmatic	PlanOmatic
pligg,e054627bc6b1f1d8cb812cce42e43a70	Pligg	pligg
pocket-hercules,e054627bc6b1f1d8cb812cce42e81c1c	Pocket Hercules	pckt_hercules
polarbit,e054627bc6b1f1d8cb812cce42ec281a	Polarbit	polarbit
poly9,e054627bc6b1f1d8cb812cce42ee683d	Poly9	poly9group
pop-creative-group,e054627bc6b1f1d8cb812cce42f0a4d8	POP Creative Group	popcreative
portableapps-com,e054627bc6b1f1d8cb812cce42f388bf	PortableApps.com	PortableApps
portavoces-rd,e054627bc6b1f1d8cb812cce42f3f437	Portavoces RD	portavocerdcom
position2,e054627bc6b1f1d8cb812cce42f55b26	Position2	position2
postcrossing,e054627bc6b1f1d8cb812cce42f6d823	Postcrossing	postcrossing
practice-fusion,e054627bc6b1f1d8cb812cce42fc55aa	Practice Fusion	PracticeFusion
pramata,e054627bc6b1f1d8cb812cce42fcea1a	Pramata	pramatacorp
precission-games,e054627bc6b1f1d8cb812cce42fe87c9	Precission Games	PrecissionSRL
premiumbeat-com,5885c8f942b2d53de0f9ff90e100c6e6	Premiumbeat.com	premiumbeat
preton,5885c8f942b2d53de0f9ff90e103e258	Preton	savetoner
printfu,5885c8f942b2d53de0f9ff90e10aa6cd	PrintFu	printfu
prodiance,5885c8f942b2d53de0f9ff90e11063d0	Prodiance Corporation	prodiance
productwiki,5885c8f942b2d53de0f9ff90e1114759	ProductWiki	productwiki
progecad,5885c8f942b2d53de0f9ff90e1134814	progeCAD USA	IntelliCAD
prospectmatch-2,5885c8f942b2d53de0f9ff90e11c04f8	ProspectMatch	prospectmatch
public-safety-online,5885c8f942b2d53de0f9ff90e12430a2	Public Safety Online	mypublicsafety
punto-new-media,5885c8f942b2d53de0f9ff90e1284f19	Punto New Media	puntomedia
puppet-labs,5885c8f942b2d53de0f9ff90e1286f88	Puppet Labs	puppetlabs
puppiesndogs,5885c8f942b2d53de0f9ff90e12874bb	Puppies N Dogs	puppiesn_dogs
qatestlab,5885c8f942b2d53de0f9ff90e12f7ea3	QATestLab	qatestlab
qgiv,5885c8f942b2d53de0f9ff90e13076b5	Qgiv	Qgiv
quantum-retail,5885c8f942b2d53de0f9ff90e1380b68	Quantum Retail	quantumretail
qubestreet-entertainment,5885c8f942b2d53de0f9ff90e139470a	QUBESTREET	qubestreet
quicconsult-information-consultancy-services,5885c8f942b2d53de0f9ff90e13bbedf	QuicCONSULT Information & Consultancy Services	RajQuic
quickform,5885c8f942b2d53de0f9ff90e13ca514	Quickform	quickform
quicklogs,5885c8f942b2d53de0f9ff90e13cde5a	Quicklogs	quicklogs
qwasi-inc,'5885c8f942b2d53de0f9ff90e1425652	QWASI, Inc	qwasime'
qype,5885c8f942b2d53de0f9ff90e142f44e	Qype	qype_co_UK
ramp-up-tech,5885c8f942b2d53de0f9ff90e14cc88d	Ramp Up Tech	rampuptech
rapidsoft-technologies-2,5885c8f942b2d53de0f9ff90e1504553	Rapidsoft Technologies	rapidsofttech
rapidsoft-technologies-pvt-ltd,5885c8f942b2d53de0f9ff90e1504ac8	Rapidsoft Technologies Pvt. Ltd.	Rapidsofttech
rawvoice,5885c8f942b2d53de0f9ff90e154c4a8	RawVoice	rawvoice
razor-servers,5885c8f942b2d53de0f9ff90e1563397	Razor Servers	razorservers
rcp-ringtone-design,5885c8f942b2d53de0f9ff90e1574191	RCP Ringtone Design	rcptones
recdesk,5885c8f942b2d53de0f9ff90e16053db	RecDesk	recdesk
recombinant,5885c8f942b2d53de0f9ff90e1616944	Recombinant	recombinantinc
recruitingscience,5885c8f942b2d53de0f9ff90e1626742	RecruitingScience	recsci
recurve,5885c8f942b2d53de0f9ff90e162de80	Recurve	recurveus
red-bee-media,5885c8f942b2d53de0f9ff90e163505a	Red Bee Media	redbeemedia
reddit,5885c8f942b2d53de0f9ff90e1674335	Reddit	reddit
redstamp,5885c8f942b2d53de0f9ff90e16a526b	RedStamp	redstamp
reenhanced,5885c8f942b2d53de0f9ff90e16bda19	Reenhanced	reenhanced
reevoo-com,5885c8f942b2d53de0f9ff90e16c07e1	Reevoo	reevoo
refreshmobile,5885c8f942b2d53de0f9ff90e16d96a5	Refresh Mobile	mippin
register-domainname,5885c8f942b2d53de0f9ff90e16ef4c1	Register-domainname	Register_web
renderyard,5885c8f942b2d53de0f9ff90e175369f	Renderyard	renderyard
replayful,5885c8f942b2d53de0f9ff90e17a6641	Replayful	replayful
requirementone,5885c8f942b2d53de0f9ff90e17c5da0	RequirementOne	requirementone
rev2-org,5885c8f942b2d53de0f9ff90e183ddf8	Rev2.org	Rev2
revel-studios,5885c8f942b2d53de0f9ff90e184954d	Revel Studios	instill
revelytix,5885c8f942b2d53de0f9ff90e184c7c2	Revelytix	revelytix
revisitors,5885c8f942b2d53de0f9ff90e186824d	Revisitors	revisitors
rfid-global-solution,5885c8f942b2d53de0f9ff90e18a1934	RFID Global Solution	rfidglobal
ritz-consultant,5885c8f942b2d53de0f9ff90e19309aa	Ritz Consultant	ritzconsultant
rivotek-kenya-limited,5885c8f942b2d53de0f9ff90e194985e	Rivotek Kenya Limited	rivotek
roars-technologies-pvt-ltd,5885c8f942b2d53de0f9ff90e197062f	Roars Technologies Pvt. Ltd.	roarstech
roblox,5885c8f942b2d53de0f9ff90e1978745	ROBLOX	ROBLOX
roleplaygateway,5885c8f942b2d53de0f9ff90e19df11e	RolePlayGateway	roleplaygateway
rooftopcomedy,5885c8f942b2d53de0f9ff90e19f9a18	Rooftop Media	rooftopcomedy
roomor,5885c8f942b2d53de0f9ff90e1a01ae9	Roomor	roomor_be
rotsen-furniture,5885c8f942b2d53de0f9ff90e1a297ad	Rotsen Furniture	rotsenfurniture
roundus,5885c8f942b2d53de0f9ff90e1a35b0b	ROUNDUS	roundus
rouxbe,5885c8f942b2d53de0f9ff90e1a40271	Rouxbe	Rouxbe
rpath,5885c8f942b2d53de0f9ff90e1a57ca7	rPath	rPath
rpk-discount-luggage-superstore-inc,'5885c8f942b2d53de0f9ff90e1a5a71d	RPK Discount Luggage Superstore, Inc.	buyluggage'
s-l-services,5885c8f942b2d53de0f9ff90e1ace4e9	S&L Services	slservices
sailing-directions,5885c8f942b2d53de0f9ff90e1b3feee	Sailing Directions	sailingdirect
salehoo,5885c8f942b2d53de0f9ff90e1b5010a	SaleHoo	salehoo
salesify,5885c8f942b2d53de0f9ff90e1b69217	Salesify	salesify
saltflow,5885c8f942b2d53de0f9ff90e1b8a1d2	Saltflow	saltflow
san-francisco-circuits,5885c8f942b2d53de0f9ff90e1bb49d4	San Francisco Circuits	sfcircuits
santhos,5885c8f942b2d53de0f9ff90e1be6f51	Santhos	santhos_nl
sario-marketing,5885c8f942b2d53de0f9ff90e1c00b9d	Sario Marketing	TextbrokerUS
saymedia,5885c8f942b2d53de0f9ff90e1c4d8cf	SAY Media	saymediainc
saynow,5885c8f942b2d53de0f9ff90e1c56e9b	SayNow	saynow
sbl-bpo,5885c8f942b2d53de0f9ff90e1c5fe4e	SBL BPO	Rekhna
sbwire,5885c8f942b2d53de0f9ff90e1c63218	SBWire	sbwire
scaledb,5885c8f942b2d53de0f9ff90e1c68862	ScaleDB	scaledb
scan123,5885c8f942b2d53de0f9ff90e1c71e8c	Scan123	pauldemoret
search-mojo,5885c8f942b2d53de0f9ff90e1d6d5af	Search Mojo	searchmojo
search-return,5885c8f942b2d53de0f9ff90e1d6e432	Search Return	MobileSidecar
searchengineoptimizationpoint,5885c8f942b2d53de0f9ff90e1d7b9a2	SearchEngineOptimizationPoint	theseopoint
selfservice-company,5885c8f942b2d53de0f9ff90e1e1ff64	Selfservice Company	selfservicecomp
semacraft,5885c8f942b2d53de0f9ff90e1e3ac50	Semacraft	semacraft
semanticforce,5885c8f942b2d53de0f9ff90e1e3f45c	SemanticForce	semanticforce
sensei,5885c8f942b2d53de0f9ff90e1e86fd1	Sensei 	mysensei
sentimentmetrics,5885c8f942b2d53de0f9ff90e1eaabf9	SentimentMetrics	smetrics
seogp-online-marketing-company,5885c8f942b2d53de0f9ff90e1ee188c	SEOGP- Internet Marketing Company	shaniadavid
sertifi,5885c8f942b2d53de0f9ff90e1f1d095	Sertifi	Sertifi
servergrove,5885c8f942b2d53de0f9ff90e1f2550b	ServerGrove	servergrove
serviceprive,5885c8f942b2d53de0f9ff90e1f37a67	SERVICEPRIVE	serviceprive
sevone,'5885c8f942b2d53de0f9ff90e1f663c8	SevOne, Inc.	SevOneInc'
sextant-french-property,5885c8f942b2d53de0f9ff90e1f69d60	Sextant French Property	sextant
shanghai-henglight-electronic-technology-co-ltd,'5885c8f942b2d53de0f9ff90e1f95fca	Shanghai  Henglight Electronic Technology Co.,Ltd. 	jy20081018'
sharefile,5885c8f942b2d53de0f9ff90e1fb091a	ShareFile	ShareFile
shoehunting,08ea75d0b39da8eeca1e9129c7044069	ShoeHunting	ShoeHunting
shompton,08ea75d0b39da8eeca1e9129c7048877	Shompton	shompton
shopify,08ea75d0b39da8eeca1e9129c706a191	Shopify	shopify
shopvisible,08ea75d0b39da8eeca1e9129c7092c87	ShopVisible	ShopVIsible
sib-infotech,08ea75d0b39da8eeca1e9129c70e1c4a	SIB Infotech	sibinfotech
silicon-valley-pr,08ea75d0b39da8eeca1e9129c71571ca	Silicon Valley PR	siliconvalleypr
silobreaker,08ea75d0b39da8eeca1e9129c7165c1a	Silobreaker	silobreaker
silver-lining-limited,08ea75d0b39da8eeca1e9129c716de2b	Silver Lining Limited	SilverLiningLtd
simbirsk-technologies,08ea75d0b39da8eeca1e9129c718536d	Simbirsk Technologies	cscart
simmat,08ea75d0b39da8eeca1e9129c7194623	Simmat	simmatonline
simon-search-marketing,08ea75d0b39da8eeca1e9129c71985d9	Simon Search Marketing	simonsearch
simplex-studios,08ea75d0b39da8eeca1e9129c71c064c	Simplex Studios	simplexstudios
simply-business,08ea75d0b39da8eeca1e9129c71ca376	Simply Business	simplybusiness
sis,08ea75d0b39da8eeca1e9129c72152ef	SIS	sissrl
skybound,08ea75d0b39da8eeca1e9129c72b81ea	Skybound	skyboundsoft
skyfex,08ea75d0b39da8eeca1e9129c72c4a37	SkyFex	SkyFexRemote
skygrid,08ea75d0b39da8eeca1e9129c72c8b2f	SkyGrid	skygrid
skywire-media,'08ea75d0b39da8eeca1e9129c72e4e0b	SkyWire Media, Inc.	SkyWireMedia'
slamdot,08ea75d0b39da8eeca1e9129c72ec57f	Slamdot	slamdot
slideshowpro,08ea75d0b39da8eeca1e9129c7311308	SlideShowPro	slideshowpro
smaato,08ea75d0b39da8eeca1e9129c732cbc5	Smaato	smaato
smc-social-media-agentur,08ea75d0b39da8eeca1e9129c73b1754	SMC Social Media Agentur	smc_frankfurt
snap-interactive-inc,'08ea75d0b39da8eeca1e9129c73f464e	SNAP Interactive, Inc.	SNAPInteractive'
soberjobs,08ea75d0b39da8eeca1e9129c7465d72	SoberJobs	soberjobs
socialcast,08ea75d0b39da8eeca1e9129c74ba770	Socialcast	socialcast
solfocus,08ea75d0b39da8eeca1e9129c75a4c1a	SolFocus	SolFocusCPV
solution-union,08ea75d0b39da8eeca1e9129c75cd870	Solution Union	solution_union
somanymp3s,08ea75d0b39da8eeca1e9129c75e3fb4	Somanymp3s	somanymp3s
soonr,08ea75d0b39da8eeca1e9129c7632651	Soonr	DoMoreSoonr
soundhound,08ea75d0b39da8eeca1e9129c7662745	SoundHound	SoundHound
spaboom,08ea75d0b39da8eeca1e9129c769f333	SpaBoom	spaboom
speak-with-me,08ea75d0b39da8eeca1e9129c76f4f98	Speak With Me	speakwithmeinc
sphere,08ea75d0b39da8eeca1e9129c7bc5329	Surphace	SurphaceS4
spiralli-business-solutions,08ea75d0b39da8eeca1e9129c7785743	Spiralli Business Solutions	spiralli
spoiled-milk,08ea75d0b39da8eeca1e9129c77b5c03	Spoiled Milk	spoiledmilk
spoken-communications,08ea75d0b39da8eeca1e9129c77b81a1	Spoken Communications	spokencomm
springcm,08ea75d0b39da8eeca1e9129c7829e7c	SpringCM	springcm
sqlearn,08ea75d0b39da8eeca1e9129c7858796	SQLearn	sqlearn
squarefoot-ca,08ea75d0b39da8eeca1e9129c786935a	Squarefoot.ca	ICIDIVA
squid,08ea75d0b39da8eeca1e9129c78715b2	sQuid	squidcard
squidoo,08ea75d0b39da8eeca1e9129c78724a9	Squidoo	squidoo
ssi-racing-llc,08ea75d0b39da8eeca1e9129c788b76d	SSI-Racing LLC	SSIRacingDotCom
standing-dog,08ea75d0b39da8eeca1e9129c78bc387	Standing Dog	standingdog
stanfy,08ea75d0b39da8eeca1e9129c78c15c9	Stanfy	bashmakov
startups-in-2,08ea75d0b39da8eeca1e9129c791acc2	Startups	Indian_Startups
static-media,08ea75d0b39da8eeca1e9129c79317fe	Static Media	staticmed
streampad,08ea75d0b39da8eeca1e9129c7a449c6	Streampad	streampad
streamtheworld,08ea75d0b39da8eeca1e9129c7a4b2fa	StreamTheWorld	StreamTheWorld
student-of-fortune,08ea75d0b39da8eeca1e9129c7a801e9	Student of Fortune	studentfortune
studentadvisor,08ea75d0b39da8eeca1e9129c7a83577	StudentAdvisor	StudentAdvisor
subhub,08ea75d0b39da8eeca1e9129c7ad3812	SubHub	subhub
subtrak-records,08ea75d0b39da8eeca1e9129c7ae668a	Subtrak Records	ryanbrogan
suffescom-solutions,08ea75d0b39da8eeca1e9129c7af90df	SuffesCom Solutions	suffescom
supertintin,08ea75d0b39da8eeca1e9129c7b9294e	Supertintin	supertintin
supre-alpha-reseller-hosting-servers500-com,08ea75d0b39da8eeca1e9129c7ba1ce5	Supre Alpha REseller Hosting SERVERS500.COM	nil
supreme-newmedia,08ea75d0b39da8eeca1e9129c7ba255c	Supreme NewMedia	Supreme_Int
suricate,08ea75d0b39da8eeca1e9129c7bc271e	Suricate	LojaSuricate
syftkog,08ea75d0b39da8eeca1e9129c7c71c34	SYFTKOG	syftkog
syntelli-solutions,08ea75d0b39da8eeca1e9129c7cd834a	Syntelli Solutions 	syntelli
sysnucleus,08ea75d0b39da8eeca1e9129c7cf79a0	SysNucleus	sysnucleus
table-board,08ea75d0b39da8eeca1e9129c7d3175e	Table & Board	tableandboard
tabloal-com,08ea75d0b39da8eeca1e9129c7d3ad21	tabloal.com	tabloal
talasim,08ea75d0b39da8eeca1e9129c7d8ad09	Talasim	Talasim
talentpro-india,08ea75d0b39da8eeca1e9129c7d9db3f	TalentPro India	talentproindia
tap-management,08ea75d0b39da8eeca1e9129c7debf30	TAP Management	tapmgtinc
tarams-technologies,08ea75d0b39da8eeca1e9129c7e0ee60	Tarams Technologies	taramseLearning
tatto-media,08ea75d0b39da8eeca1e9129c7e46ab3	Tatto Media	tattomedia
tazti,08ea75d0b39da8eeca1e9129c7e62638	Tazti	tazti
teamdrive,08ea75d0b39da8eeca1e9129c7e91ae4	TeamDrive	TeamDrive
techcrunch,08ea75d0b39da8eeca1e9129c7ecd628	TechCrunch	techcrunch
tekriti-software,08ea75d0b39da8eeca1e9129c7f73e11	Tekriti Software	tekriti
telfree,08ea75d0b39da8eeca1e9129c7fc3fe1	Telfree	telfree
tellmycell,08ea75d0b39da8eeca1e9129c7fd3422	TellMyCell	TellMyCell
telltale-games,08ea75d0b39da8eeca1e9129c7fd4361	Telltale Games	telltalegames
tencube,907373444553d8ee3bfe8778cd000506	tenCube	wavesecure
teracode,907373444553d8ee3bfe8778cd020642	TeraCode	teracode
textopoly,907373444553d8ee3bfe8778cd09a82a	Textopoly	textopoly
the-arc,907373444553d8ee3bfe8778cd0cb26f	The ARC	kothinoida
the-echo-nest,907373444553d8ee3bfe8778cd13cf9e	The Echo Nest	echonest
the-edge-in-college-prep,907373444553d8ee3bfe8778cd14016c	The Edge in College Prep	edgecollegeprep
the-game-collection,907373444553d8ee3bfe8778cd162691	The Game Collection	game_collection
the-highway-girl,907373444553d8ee3bfe8778cd17f15c	The Highway Girl	thehighwaygirl
the-law-office-of-matthew-l-byrne,907373444553d8ee3bfe8778cd1a8d23	The Law Office of Matthew L. Byrne	ByrneLaw
the-local-life,907373444553d8ee3bfe8778cd1b67f8	The Local Life	thelocallife
the-marketing-guns,907373444553d8ee3bfe8778cd1c44a4	The Marketing Guns	ssartin
the-marketsmith,907373444553d8ee3bfe8778cd1c575e	The MarketSmith	themarketsmith
the-refine-institute,907373444553d8ee3bfe8778cd2212b0	The Refine Institute	therefineinsti
the-sound-pipe-media,907373444553d8ee3bfe8778cd246994	The Sound Pipe Media	soundpipemedia
the-web-decorators,907373444553d8ee3bfe8778cd282ad9	The Web Decorators	tampawebdesign
therabill,907373444553d8ee3bfe8778cd2ea68c	Therabill	therabill
thinfilm-electronics-asa,907373444553d8ee3bfe8778cd3243f6	Thinfilm Electronics ASA	thinfilmmemory
thinktiv,907373444553d8ee3bfe8778cd350308	Thinktiv	thinkitv
thirdframestudios,907373444553d8ee3bfe8778cd35d5b6	ThirdFrameStudios	3fs
time59,907373444553d8ee3bfe8778cd43191e	Time59	time59
timebridge,907373444553d8ee3bfe8778cd433a45	TimeBridge	TimeBridge
tlm-agency,907373444553d8ee3bfe8778cd4a3770	TLM Agency	jordanenglish
torc,907373444553d8ee3bfe8778cd546dac	TORC	torcrobotics
torreypoint,907373444553d8ee3bfe8778cd55539f	TorreyPoint	TorreyPoint
torridon-solutions,907373444553d8ee3bfe8778cd55563a	Torridon Solutions	SwiftlightSW
total-server-solutions,907373444553d8ee3bfe8778cd56283f	Total Server Solutions	livetss
tourism-radio,907373444553d8ee3bfe8778cd594f3a	Tourism Radio	tourismradio
trabber,907373444553d8ee3bfe8778cd5c6229	Trabber	trabber
tradekey,907373444553d8ee3bfe8778cd5f6542	TradeKey	tradekey
tradeking,907373444553d8ee3bfe8778cd5f70bc	TradeKing	TradeKing
trademark-sentinel,907373444553d8ee3bfe8778cd5f9b8c	Trademark Sentinel	TrademarkSent
tradershelpdesk,907373444553d8ee3bfe8778cd6048a6	TradersHelpDesk	tradershelp
tradiart,907373444553d8ee3bfe8778cd60adbf	TradiArt	tradiart
traffikoo,907373444553d8ee3bfe8778cd62a8eb	Traffikoo	traffikoo
transcription-vendors,907373444553d8ee3bfe8778cd654022	Transcription Vendors	iTranscribe
transpara,907373444553d8ee3bfe8778cd679c7f	Transpara	transpara
travel-tripper,907373444553d8ee3bfe8778cd69c7e6	Travel Tripper	travel_tripper
travelation-com,907373444553d8ee3bfe8778cd69e9b2	Travelation.com	travelation
tremend,907373444553d8ee3bfe8778cd6e6a72	Tremend	tremend_ro
truelogic-india,907373444553d8ee3bfe8778cd7d7619	Truelogic India	truelogicindia
truston,907373444553d8ee3bfe8778cd804d22	Truston	Truston
trustwaveonline,907373444553d8ee3bfe8778cd8098fb	Trustwaveonline	trustwaveonline
ttb-tech-llc,83097a0e1641e8eda5b5ac717e61f894	MeetingWave	meetingwave
tudou,907373444553d8ee3bfe8778cd839a7f	Tudou	TudouTweets
tweencall,907373444553d8ee3bfe8778cd8c697b	TWEENCALL	tweencall
tylted,907373444553d8ee3bfe8778cd982f3c	Tylted	tylted
typhon,907373444553d8ee3bfe8778cd98f45c	Typhon	typhon
u-sphere,907373444553d8ee3bfe8778cd997dbc	U Sphere	usphere
ucoz,907373444553d8ee3bfe8778cd9dc359	uCoz	ucoz_en
uevision,907373444553d8ee3bfe8778cd9ea754	UEVision	uevision
union,907373444553d8ee3bfe8778cda8359a	Union	madebyunion
united-webdesign,907373444553d8ee3bfe8778cdabd268	United Webdesign	Webvisitenkarte
university-transcription-inc,907373444553d8ee3bfe8778cdaf4bb5	University Transcription Inc	unitranscript
universumtech-web-marketing-services,907373444553d8ee3bfe8778cdaf9c96	Universumtech Web Marketing Services	universumtech
up-net,907373444553d8ee3bfe8778cdb2c6f1	Up & Net	upandnet
up-net-2,907373444553d8ee3bfe8778cdb2ffe9	Up&Net	upandnet
upsellit,907373444553d8ee3bfe8778cdb51d03	UpSellit	upsellit
us-web-hosting,907373444553d8ee3bfe8778cdbb2c95	US Web Hosting	webhostUS
usstoragesearch-com,907373444553d8ee3bfe8778cdbee89a	USstoragesearch.com	USStorageSearch
usweb-central-worldwide-corporation,907373444553d8ee3bfe8778cdbf3d00	USWeb Central Worldwide Corporation	uswebcentral
uswebstyle,907373444553d8ee3bfe8778cdbf4156	USWebStyle	uswebstyle
vagarytv,907373444553d8ee3bfe8778cdc422d0	VagaryTV	vagarytv
valant-medical-solutions,907373444553d8ee3bfe8778cdc49693	Valant Medical Solutions	valant
varonis-systems,907373444553d8ee3bfe8778cdca641f	Varonis Systems	varonis
vc-cafe,907373444553d8ee3bfe8778cdcc6b32	VC Cafe	ediggs
vela-systems,907373444553d8ee3bfe8778cdd0221c	Vela Systems	VelaSystems
vendormate,907373444553d8ee3bfe8778cdd32b58	Vendormate	vendormate
vermont-woods-studios-furniture,907373444553d8ee3bfe8778cddb6760	Vermont Woods Studios Furniture	VTWoodsStudios
vertica-systems,907373444553d8ee3bfe8778cddcce6a	Vertica Systems	vertica
vertical-measures,907373444553d8ee3bfe8778cddd30ed	Vertical Measures	verticalmeasure
verve-wireless,907373444553d8ee3bfe8778cdde1cdd	Verve Wireless	vervewireless
via-luna-group-vlg,907373444553d8ee3bfe8778cdfe4493	VLG Advertising	wefightboredom
video-game-911,907373444553d8ee3bfe8778cde58c26	Video Game 911	videogame911
vidyo,907373444553d8ee3bfe8778cde84af0	Vidyo	Vidyo
vietnambiketours,907373444553d8ee3bfe8778cde88c85	VietnamBikeTours	vietnambiketour
vincentit,907373444553d8ee3bfe8778cdec15c3	VincentIT	VincentIT
vinko-treasures,907373444553d8ee3bfe8778cdec9cde	Vinko Treasures	vinkotreasures
visalus-2,907373444553d8ee3bfe8778cdf4111f	ViSalus	visalus
visible-measures,907373444553d8ee3bfe8778cdf49fd1	Visible Measures	visiblemeasures
visibletechnologies,907373444553d8ee3bfe8778cdf4baf4	Visible Technologies	Visible_Tech
visionmobile,907373444553d8ee3bfe8778cdf635dc	VisionMobile 	visionmobile
visiting-eu,907373444553d8ee3bfe8778cdf6c23b	Visiting EU	italy_
viteb-solutions,907373444553d8ee3bfe8778cdfa6002	VITEB Solutions	viteb
vivox,907373444553d8ee3bfe8778cdfccd54	Vivox	Vivox_Inc
vivvo,907373444553d8ee3bfe8778cdfceb3f	Vivvo	vivvo
vizu,907373444553d8ee3bfe8778cdfdc976	Vizu Corporation	vizu
vmixmedia,907373444553d8ee3bfe8778cdff2540	VMIX Media	vmix
vocal-ip-networx,907373444553d8ee3bfe8778cdffd2a3	Vocal IP Networx	vocal_ip
vodori,40effe5288e80a75577c6fc05800e988	Vodori	vodori
voice-fidelity,40effe5288e80a75577c6fc058012c0c	Voice Fidelity	voicefidelityph
voices,40effe5288e80a75577c6fc058020256	Voices	voicesdotcom
vontoo,40effe5288e80a75577c6fc05804ba25	Vontoo	vontoo
voxbone,40effe5288e80a75577c6fc0580767e9	Voxbone 	voxbone
vtronics-tech-co-ltd,'40effe5288e80a75577c6fc0580a7137	Vtronics Tech Co., ltd.	michellegoo'
vuze,40effe5288e80a75577c6fc0580b8a09	Vuze	vuze
vznet-netzwerke,40effe5288e80a75577c6fc0580cb47c	VZnet Netzwerke	vz_netzwerke
wam-enterprises,40effe5288e80a75577c6fc058120f0f	WAM Enterprises 	WAM_Enterprises
wandisco,40effe5288e80a75577c6fc058127605	WANdisco	wandisco
watserv,40effe5288e80a75577c6fc05816d8e3	WatServ	watservltd
web-ascender,40effe5288e80a75577c6fc0581ceee0	Web Ascender	webascender
web-design-sigma-infotech-pty-ltd,40effe5288e80a75577c6fc0581dba61	Web Design Sigma InfoTech Pty Ltd	sigmainfotech
web-listings,40effe5288e80a75577c6fc0581e9445	Web Listings	weblistingsinc
web-style-media,40effe5288e80a75577c6fc0581f91a3	Web Style Media	webstylemedia
webdam-solutions,40effe5288e80a75577c6fc05822d599	WebDAM Solutions	webdam
webhive,40effe5288e80a75577c6fc05824dd19	WebHive	WebHiveTeam
webpraxis,40effe5288e80a75577c6fc05828813d	WebPraxis	webpraxis
webreakstuff,40effe5288e80a75577c6fc05828f2a8	Webreakstuff	webreakstuff
wego-com,40effe5288e80a75577c6fc0582fca34	Wego.com	wego
when-i-work,40effe5288e80a75577c6fc058394216	When I Work	wheniwork
whentomanage,40effe5288e80a75577c6fc058397072	WhenToManage 	whentomanage
whydowork,40effe5288e80a75577c6fc0583f67b3	WhyDoWork	whydowork
wideout-technology-services,40effe5288e80a75577c6fc058412473	Wideout Technology Services	wideout_sx
wildnet-technologies-private-limited,40effe5288e80a75577c6fc05844d236	Wildnet Technologies Private Limited	wildnettech
wildnet-technologies-pvt,40effe5288e80a75577c6fc05844da0c	Wildnet Technologies Pvt. 	wildnetseo
wirehive,40effe5288e80a75577c6fc0584c525d	Wirehive	WirehiveHost
wolf-software-systems,40effe5288e80a75577c6fc0585279a9	Wolf Software Systems	wolfsoftwaresys
womencentric,40effe5288e80a75577c6fc058533cee	WomenCentric	WomenCentric
worry-free-labs,40effe5288e80a75577c6fc0585d7e78	Worry Free Labs	worryfreelabs
wowza-media,40effe5288e80a75577c6fc0585e9895	Wowza Media	wowzamedia
wpmu-dev,40effe5288e80a75577c6fc0585efea5	WPMU DEV	wpmudev
wso2,40effe5288e80a75577c6fc05860adae	WSO2	wso2
wuw-the-webcash-universocial-web,40effe5288e80a75577c6fc058622fde	WUW The Webcash Universocial Web	wuwteam4g3w
wyzant-com,40effe5288e80a75577c6fc0586a69f4	WyzAnt.com	wyzant
xactly-corp,40effe5288e80a75577c6fc0586b8da2	Xactly Corp	XactlyCorp
xaop,40effe5288e80a75577c6fc0586c845a	XAOP	xaop
xeround-2,40effe5288e80a75577c6fc0586f9a14	Xeround	xeround
xsolla,40effe5288e80a75577c6fc05875f756	Xsolla	xsolla
xubex,40effe5288e80a75577c6fc058779281	Xubex	Xubex
y-combinator,40effe5288e80a75577c6fc058789150	Y Combinator	ycombinator
yakaz,40effe5288e80a75577c6fc0587a9bf1	Yakaz	Yakaz
yerbabuena-software,40effe5288e80a75577c6fc058802c07	Yerbabuena Software	yerbabuenasoft
yodle,40effe5288e80a75577c6fc05882d540	Yodle	yodle
yoggie-security-systems,40effe5288e80a75577c6fc058833992	Yoggie Security Systems	sst2001
yoomee,40effe5288e80a75577c6fc05884684b	Yoomee	yoomeehq
youth-trends,40effe5288e80a75577c6fc0588cb2ed	Youth Trends	youthtrends
yovadis,40effe5288e80a75577c6fc0588d5b20	yovadis	yovadis
zeemaps,40effe5288e80a75577c6fc058980565	ZeeMaps	zeemaps
zenoss,40effe5288e80a75577c6fc0589a7a62	Zenoss	zenoss
zetetic,40effe5288e80a75577c6fc0589d78b2	Zetetic	TeamZetetic
zillow,40effe5288e80a75577c6fc058a0800f	Zillow	zillow
zio-inc,40effe5288e80a75577c6fc058a26ae0	Zio Inc.	zioinc
zmanda,40effe5288e80a75577c6fc058a54449	ZManda	zmanda
zni-wireless,40effe5288e80a75577c6fc058a57897	ZNI Wireless	znisms
zoomerrand,40effe5288e80a75577c6fc058a96080	zoomerrand	zoomerrand
zopa,40effe5288e80a75577c6fc058aa94f7	Zopa	zopa
zoral-labs,40effe5288e80a75577c6fc058aab164	Zoral Labs	ZoralLabs
