a-z-computer-liquidators,5fae06029bbe793553b81c6aca022217	A-Z Computer Liquidators	AZCO
acceleraction,5fae06029bbe793553b81c6aca0c45f2	Acceleraction	Acceleraction
accent-technologies,5fae06029bbe793553b81c6aca0d5eb4	Accent Technologies	Accent_Tech
acurest,5fae06029bbe793553b81c6aca1c7751	Acurest	acuresttm
arm,5fae06029bbe793553b81c6aca9a648a	ARM	ARMCommunity
astera-software,5fae06029bbe793553b81c6acaab61b8	Astera Software	AsteraSoftware
auctori,5fae06029bbe793553b81c6acab77b3e	Auctori	Auctori
auroinfo-search-engine-optimization-internet-marketing-submission-services,'5fae06029bbe793553b81c6acabaf45c	Auroinfo - Search Engine Optimization, Internet Marketing, Submission Services	auroinfo'
beacab-gems-inc,5fae06029bbe793553b81c6acae5fc98	Beacab Gems Inc	beacab
bluepulse,fb79c1faa23e6537889b8b58ca282463	bluepulse	Abdi
cancun-cosmetic-dentistry,fb79c1faa23e6537889b8b58ca78620c	Cancun Cosmetic Dentistry	cancundentistry
captureisg,fb79c1faa23e6537889b8b58ca7ea62c	CaptureISG	captureisg
cartercole-com,fb79c1faa23e6537889b8b58ca8999ba	CarterCole.com	cartercole
cheapflighthouse-co-uk,fb79c1faa23e6537889b8b58caa9c371	cheapflighthouse.co.uk	cheapflighthous
codeaweb,fb79c1faa23e6537889b8b58cae2c7c4	Codeaweb	codeaweb
directv,4b9962595d7ff850d591b39c00028f18	DIRECTV	DIRECTV
directv,c61e6a5dd61ef3ac28d02c864e8e88c1	DIRECTV	DIRECTV
dr-games,4b9962595d7ff850d591b39c001d553c	Dr-Games	drgamescom
dr-games,c61e6a5dd61ef3ac28d02c864ea8b961	Dr-Games	drgamescom
dsm-gb-ltd,4b9962595d7ff850d591b39c0026d6b6	DSM GB Ltd	DSMLTD
dsm-gb-ltd,c61e6a5dd61ef3ac28d02c864eb286b7	DSM GB Ltd	DSMLTD
elcomsoft,4b9962595d7ff850d591b39c0056bec7	ELCOMSOFT	elcomsoft
farassoo,4b9962595d7ff850d591b39c00b94e71	FARASSOO	farassooint
fincad,4b9962595d7ff850d591b39c00cfcc2e	FINCAD	fincad
goldcoingain,bb00443be334273f59d3ef19d15cfb3f	GoldCoinGain	GoldCoinsGain
gulf-business-machines,bb00443be334273f59d3ef19d18936aa	Gulf Business Machines	GBMComms
imageoz,bb00443be334273f59d3ef19d1fb44cf	IMAGEOZ	imageoz
imdb,bb00443be334273f59d3ef19d1fdf828	IMDB	IMDb
inspark,597e595b22c7371d2769eb1fa02a1494	Inspark	inspark
kinetix,597e595b22c7371d2769eb1fa0a82a94	Kinetix	kinetixhr
le-club-adel,597e595b22c7371d2769eb1fa0d4c96e	LE CLUB ADEL	lord974
learning-rendezvous-limited,597e595b22c7371d2769eb1fa0d990a4	Learning Rendezvous Limited	learningemall
lehner-investments,597e595b22c7371d2769eb1fa0dd68ff	LEHNER INVESTMENTS	lehnerinvest
lifestyles-unlimited,597e595b22c7371d2769eb1fa0ea612f	Lifestyles Unlimited	luinc
mitral-valve,83097a0e1641e8eda5b5ac717e8f7974	Mitral valve	Aaronbert1
mobiluck,83097a0e1641e8eda5b5ac717e9dc378	Mobiluck	mobiluck
modiv-media,83097a0e1641e8eda5b5ac717ea4f019	Modiv Media	modiv
money-point,83097a0e1641e8eda5b5ac717eabb446	Money Point	moneypointltd
newman-and-company,e054627bc6b1f1d8cb812cce4212d6f3	Newman and Company	aptsboston
omnific-advertising,e054627bc6b1f1d8cb812cce4253b21c	Omnific Advertising	omnific
on-the-mark,e054627bc6b1f1d8cb812cce4255e610	ON THE MARK	ON_THE_MARK_Inc
panda-security-3,e054627bc6b1f1d8cb812cce42928466	Panda Security	Panda_Security
patlive,e054627bc6b1f1d8cb812cce42a10a75	PATLive	PATLive
polycom-2,e054627bc6b1f1d8cb812cce42ee7f09	Polycom	Polycom
port-a-cool,e054627bc6b1f1d8cb812cce42f351d9	Port-A-Cool	portacoolllc
purdie-rogers,5885c8f942b2d53de0f9ff90e128ccfd	Purdie Rogers	purdierogers
qartallo-m-sons-trading-co,5885c8f942b2d53de0f9ff90e12f4c58	Qartallo M. Sons Trading Co.	qartallo
sapient-india,5885c8f942b2d53de0f9ff90e1bf5e66	Sapient India	sapientnitro
signals-vinyl-applicators,08ea75d0b39da8eeca1e9129c7120d5a	Signals Vinyl Applicators	SignalsVGA
storkie-express,08ea75d0b39da8eeca1e9129c79eeae4	Storkie Express	Storkie
syncron,08ea75d0b39da8eeca1e9129c7cb1a43	Syncron	SyncronSCM
the-shapiro-law-group,907373444553d8ee3bfe8778cd238845	The Shapiro Law Group	RonaldShapiro
thirdgenerationresourcespvtltd,907373444553d8ee3bfe8778cd35d8d5	ThirdGenerationResourcesPvtLtd	guaranteedseo1
tmng-global,907373444553d8ee3bfe8778cd4ac059	TMNG Global	tmngglobal
urgent-care-houston-tx,907373444553d8ee3bfe8778cdb95e44	urgent care houston tx	jasonpollered
vantage-learning,907373444553d8ee3bfe8778cdc8d823	Vantage Learning	VantageLearn
vee-technologies,907373444553d8ee3bfe8778cdcec23a	Vee Technologies	lposervice
