a10-networks,5fae06029bbe793553b81c6aca0297c3	A10 Networks	A10Networks
abaris-softech-inc,5fae06029bbe793553b81c6aca04fee3	Abaris Softech Inc 	abarissoftech
above-the-fold,5fae06029bbe793553b81c6aca08c051	Above the Fold	abovethefold
acap-software-development,5fae06029bbe793553b81c6aca0c0798	ACAP Software Development	acapglobal
achates-power,5fae06029bbe793553b81c6aca133f96	Achates Power	AchatesPower
achtquark,5fae06029bbe793553b81c6aca13eb7f	achtQuark	achtquark
acw,5fae06029bbe793553b81c6aca1c92fe	ACW	ACWtweet
adaptiva,5fae06029bbe793553b81c6aca1e69a4	Adaptiva	adaptiva
addthis,5fae06029bbe793553b81c6aca227a85	AddThis	clearspring
ademero-inc,5fae06029bbe793553b81c6aca23807a	Ademero Inc.	ademero
adgooroo,5fae06029bbe793553b81c6aca25343d	AdGooroo	adgooroo
adinotec-ag,5fae06029bbe793553b81c6aca264fcc	adinotec AG	adinotec
admissions-lab,5fae06029bbe793553b81c6aca28961a	Admissions Lab	admissionslab
adrenna-2,5fae06029bbe793553b81c6aca2b61f7	Adrenna	adrennlearn
advantage-xpo,5fae06029bbe793553b81c6aca319e69	Advantage xPO	advantagexpo
aedgency,5fae06029bbe793553b81c6aca359200	Aedgency	aedgency
aerofarms,5fae06029bbe793553b81c6aca36df03	AeroFarms	AeroFarms
afzalkhan-org,5fae06029bbe793553b81c6aca3bf5aa	Afzalkhan.org	afzee
agle-it,5fae06029bbe793553b81c6aca40e0cf	Agle IT	Agile_IT
agreement24-avtal24,5fae06029bbe793553b81c6aca41dc41	agreement24 avtal24	agreement24
airlet-softwares,'5fae06029bbe793553b81c6aca468560	Airlet Softwares, inc	airletsoftwares'
alarez-media,5fae06029bbe793553b81c6aca4d95c9	Alarez Media	alarezmedia
albu-designs,5fae06029bbe793553b81c6aca4e6520	Albu Designs	albudesigns
all-property-management,5fae06029bbe793553b81c6aca547b2c	All Property Management	allpropertymgmt
all-reverse-mortgage,5fae06029bbe793553b81c6aca547b76	All Reverse Mortgage 	allreverse
allerin-tech-pvt-ltd,5fae06029bbe793553b81c6aca569e35	Allerin Tech Pvt Ltd	allerint
allstar-security-consulting-inc,5fae06029bbe793553b81c6aca598f05	Allstar Security & Consulting Inc	AllstarSecurity
aminus3,5fae06029bbe793553b81c6aca6bac43	Aminus3	aminus3
amocrm,5fae06029bbe793553b81c6aca6c634e	amoCRM	amoCRM
ando-media,5fae06029bbe793553b81c6aca72875e	Ando Media	AndoMedia
angel-investment-network-2,5fae06029bbe793553b81c6aca747d38	Angel Investment Network.	Angel__Network
answerlab,5fae06029bbe793553b81c6aca782f29	AnswerLab	answerlab
anyassembly-com,5fae06029bbe793553b81c6aca7a7a3e	anyassembly.com	anyassembly
apogeeinvent,5fae06029bbe793553b81c6aca8069e4	ApogeeInvent	apogeeinvent
aq,5fae06029bbe793553b81c6aca90eb82	AQ	aqworks
aquantia,5fae06029bbe793553b81c6aca916761	Aquantia	10GEinsights
ardent-isys,5fae06029bbe793553b81c6aca96c1f0	Ardent iSys	ardentisys
asiance,5fae06029bbe793553b81c6acaa57c91	Asiance	omcoree
asianweddings,5fae06029bbe793553b81c6acaa584ba	AsianWeddings	AsianBridalShow
atechnocrat-solutions,5fae06029bbe793553b81c6acaaf1e0d	Atechnocrat Solutions	atechnocrats
aternity,5fae06029bbe793553b81c6acaaf66f6	Aternity	aternityinc
atlantic-metro-communications,5fae06029bbe793553b81c6acab1724e	Atlantic Metro Communications	atlanticmetro
attentio,5fae06029bbe793553b81c6acab55ecc	Attentio	attentio
autoclaims-direct,5fae06029bbe793553b81c6acabe449a	AutoClaims Direct	autoclaims
avake,5fae06029bbe793553b81c6acac227e7	avake	rohan36
avalara,5fae06029bbe793553b81c6acac257b9	Avalara	avalarasalestax
axomic,5fae06029bbe793553b81c6acacc93cf	Axomic	OpenAsset
ayushi-travel,5fae06029bbe793553b81c6acace2a56	Ayushi Travel	ayushi_travel
backupagent,5fae06029bbe793553b81c6acad5092d	BackupAgent	BackupAgent
bannerconnect,5fae06029bbe793553b81c6acadbe38f	Bannerconnect	Bannerconnect
baptista-luz-gimenez-freitas-lawyers,'5fae06029bbe793553b81c6acadc98e5	Baptista Luz, Gimenez & Freitas Lawyers	baptistaluz_Ad'
barotex-technology-corporation,5fae06029bbe793553b81c6acade573a	Barotex Technology Corporation	BarotexTech
batteriesinaflash-com,5fae06029bbe793553b81c6acae12066	BatteriesInAFlash.com	biafgreeen
baynote,5fae06029bbe793553b81c6acae2a0a5	Baynote	baynote
bigstockphoto,fb79c1faa23e6537889b8b58ca02c913	Bigstock	bigstock
bilingualhire,fb79c1faa23e6537889b8b58ca03cf01	BilingualHire	bilingualhire
biotronics3d,fb79c1faa23e6537889b8b58ca0c12a3	Biotronics3D	biotronics3d
birst,fb79c1faa23e6537889b8b58ca0d52cd	Birst	BirstBI
birth-control-buzz,fb79c1faa23e6537889b8b58ca0d67ff	Birth Control Buzz	birthcontrolbuz
bittorrent,fb79c1faa23e6537889b8b58ca1094ef	BitTorrent	BitTorrent
blackbay,fb79c1faa23e6537889b8b58ca167cc9	Blackbay	BlackbayLtd
blackfriars-brewery,fb79c1faa23e6537889b8b58ca170f36	Blackfriars Brewery	blackfriarsbeer
blade-games-world,fb79c1faa23e6537889b8b58ca17f90f	Blade Games World	jumalagames
blueface,fb79c1faa23e6537889b8b58ca25ef7e	Blueface	Bluefacevoip
bluepoint-venture-marketing,fb79c1faa23e6537889b8b58ca27fb09	BluePoint Venture Marketing	BluePointMktg
blueprint-software-systems,fb79c1faa23e6537889b8b58ca2821fc	Blueprint Software Systems	blueprintsys
boardsuite,fb79c1faa23e6537889b8b58ca2c4d8a	BoardSuite	boardsuite
book4time,fb79c1faa23e6537889b8b58ca3193e7	Book4Time	book4time
boreal-information-strategies,fb79c1faa23e6537889b8b58ca37ee2b	Boreal Information Strategies	borealiscsr
boston-technology-corporation,fb79c1faa23e6537889b8b58ca39907e	Boston Technology Corporation	BostonTechCorp
brain-league,fb79c1faa23e6537889b8b58ca3e1754	Brain League	brainleague
brain-scan-media,fb79c1faa23e6537889b8b58ca3e24da	Brain Scan Media	BrainScanMedia
branchit-corporation,fb79c1faa23e6537889b8b58ca403154	BranchIt Corporation	warmleads
break-media,fb79c1faa23e6537889b8b58ca44792b	Break Media	BreakMedia
brickhouse-security,fb79c1faa23e6537889b8b58ca46a1c2	BrickHouse Security	BrickHouseSecur
bright-digital,fb79c1faa23e6537889b8b58ca485523	Bright Digital	BDStars
brightcove,fb79c1faa23e6537889b8b58ca48fac5	Brightcove	brightcove
brio-technologies-private-limited,fb79c1faa23e6537889b8b58ca4bdc8e	Brio Technologies Private Limited	briotech
btrax-inc,'fb79c1faa23e6537889b8b58ca5333fc	btrax, Inc.	btrax'
bureau-blank,fb79c1faa23e6537889b8b58ca5b1676	Bureau Blank	bureaublank
cafe-du-commerce,fb79c1faa23e6537889b8b58ca6ce2c0	Cafe du commerce	cafeducommerce
callbox,fb79c1faa23e6537889b8b58ca7123ef	Callbox	CallboxInc
caloriecount-com,fb79c1faa23e6537889b8b58ca72b023	CalorieCount.com	caloriecount
campaign-monitor,fb79c1faa23e6537889b8b58ca756f83	Campaign Monitor	campaignmonitor
can-stock-photo,fb79c1faa23e6537889b8b58ca77709a	Can Stock Photo	CanStockPhoto
candidwebhosting,fb79c1faa23e6537889b8b58ca788d1f	Candid-Web-Hosting	candidwebhost
carrot-media,fb79c1faa23e6537889b8b58ca88af5f	Carrot Media	carrotmedia
cartrawler,fb79c1faa23e6537889b8b58ca8a1bd1	CarTrawler	cartrawler
casabi,fb79c1faa23e6537889b8b58ca8ab7f0	Casabi	casabi
casaleggio-associati,fb79c1faa23e6537889b8b58ca8af24d	Casaleggio Associati	casaleggio
castfire,fb79c1faa23e6537889b8b58ca8d5dfa	Castfire	castfire
cemper-com,fb79c1faa23e6537889b8b58ca998b6c	CEMPER.COM	cemper_com
centre-source,fb79c1faa23e6537889b8b58ca9cd11e	CentreSource Inc.	centresource
chapter-communications,fb79c1faa23e6537889b8b58caa52153	Chapter Communications	chaptercomm
charge-anywhere,fb79c1faa23e6537889b8b58caa559ec	CHARGE Anywhere	chargeanywhere
chicago-tech-support,fb79c1faa23e6537889b8b58caaeea1a	Chicago Tech Support	technologynow
ciao-bambino,fb79c1faa23e6537889b8b58cab717e8	Ciao Bambino!	ciaobambino
cientis-technologies,fb79c1faa23e6537889b8b58cab820a3	Cientis Technologies	americanehr
cierzo-development,fb79c1faa23e6537889b8b58cab83658	Cierzo Development	criptero
clairmail,fb79c1faa23e6537889b8b58cac2fe62	ClairMail	ClairMail
clarity,fb79c1faa23e6537889b8b58cac4007a	Clarity	claritypr
cleartrial,fb79c1faa23e6537889b8b58cacbbeb0	ClearTrial	cleartrial
clippingimages,fb79c1faa23e6537889b8b58cad379df	ClippingImages	clippingimages
cliq-digital,fb79c1faa23e6537889b8b58cad3cbd3	CLIQ Digital	cliqdigital
co2-partners,fb79c1faa23e6537889b8b58cadf19b0	CO2 Partners	garybcohen
codegent,fb79c1faa23e6537889b8b58cae363c7	Codegent	codegent
comparado,fb79c1faa23e6537889b8b58caf6e44f	Comparado	preis_de
comparecards,fb79c1faa23e6537889b8b58caf784f6	CompareCards	comparecards
compario,fb79c1faa23e6537889b8b58caf7d849	Compario	compario
compliance-online,fb79c1faa23e6537889b8b58caf9e685	Compliance Online	compliance_on
complianceonline,fb79c1faa23e6537889b8b58cafa0a55	ComplianceOnline	ComplianceON
comvation,fb79c1faa23e6537889b8b58cafe01fe	Comvation	contrexx
constant-content-2,c61e6a5dd61ef3ac28d02c864e07dfaa	Constant Content	constantcontent
contactdb,c61e6a5dd61ef3ac28d02c864e09a38d	ContactDB	ContactDB
cosmic-shovel,c61e6a5dd61ef3ac28d02c864e1b3324	Cosmic Shovel	camelfarmer
cososys,c61e6a5dd61ef3ac28d02c864e1b79fe	CoSoSys	cososys
couchsurfing-international,c61e6a5dd61ef3ac28d02c864e1c7187	CouchSurfing	couchsurfing
couture-designer-resale-boutique,c61e6a5dd61ef3ac28d02c864e1ffb08	Couture Designer Resale Boutique	coutureusa
covantis,c61e6a5dd61ef3ac28d02c864e2061fe	Covantis	covantis
creative-workline,c61e6a5dd61ef3ac28d02c864e297696	creative workline	creative_appdev
curve-dental,c61e6a5dd61ef3ac28d02c864e3e6477	Curve Dental	dentistsoftware
customer-insight-group-inc-2,'c61e6a5dd61ef3ac28d02c864e3f6f42	Customer Insight Group, Inc.	internethowto'
cymax,c61e6a5dd61ef3ac28d02c864e459847	Cymax	cymaxstores_
data-centers-canada,c61e6a5dd61ef3ac28d02c864e51ae30	Data Centers Canada	datacenterscan
data-centers-canada,c61e6a5dd61ef3ac28d02c864ec55ab9	Data Centers Canada	datacenterscan
datotel,c61e6a5dd61ef3ac28d02c864e589b8a	Datotel	datotel
datotel,c61e6a5dd61ef3ac28d02c864ecc5074	Datotel	datotel
decasoft,c61e6a5dd61ef3ac28d02c864e65654b	Decasoft	Decasoft_Info
decasoft,c61e6a5dd61ef3ac28d02c864ed8a17e	Decasoft	Decasoft_Info
dedicated-media,c61e6a5dd61ef3ac28d02c864e6738de	Dedicated Media	dedicatedmedia
dedicated-media,c61e6a5dd61ef3ac28d02c864eda3b4e	Dedicated Media	dedicatedmedia
defunkd,c61e6a5dd61ef3ac28d02c864e689ef5	Defunkd	Defunkd
defunkd,c61e6a5dd61ef3ac28d02c864edbd699	Defunkd	Defunkd
delivery,c61e6a5dd61ef3ac28d02c864e6a7a23	Delivery 	Deliverydotcom
delivery,c61e6a5dd61ef3ac28d02c864eddf105	Delivery 	Deliverydotcom
delivery-com,c61e6a5dd61ef3ac28d02c864e6a96af	Delivery.com	deliverydotcom
delivery-com,c61e6a5dd61ef3ac28d02c864ede0cb1	Delivery.com	deliverydotcom
desicrush-com,c61e6a5dd61ef3ac28d02c864e71c887	DesiCrush.com	desicrushdotcom
desicrush-com,c61e6a5dd61ef3ac28d02c864ee454ff	DesiCrush.com	desicrushdotcom
designeus,c61e6a5dd61ef3ac28d02c864e738eb6	Designeus	designeus
designeus,c61e6a5dd61ef3ac28d02c864ee5edca	Designeus	designeus
digicorp,c61e6a5dd61ef3ac28d02c864e801f70	Digicorp	digicorp
digicorp,c61e6a5dd61ef3ac28d02c864ef36d8a	Digicorp	digicorp
discountid-com,4b9962595d7ff850d591b39c0003a392	DiscountID.com	DiscountIDcom
discountid-com,c61e6a5dd61ef3ac28d02c864e8fcc36	DiscountID.com	DiscountIDcom
distinctdev,4b9962595d7ff850d591b39c0006c97a	DistinctDev	DistinctDev
distinctdev,c61e6a5dd61ef3ac28d02c864e92fce5	DistinctDev	DistinctDev
ditton-wine-traders,4b9962595d7ff850d591b39c0007d3d6	Ditton Wine Traders	DittonWineTrade
ditton-wine-traders,c61e6a5dd61ef3ac28d02c864e93eb13	Ditton Wine Traders	DittonWineTrade
dohop,4b9962595d7ff850d591b39c00117534	Dohop	dohop
dohop,c61e6a5dd61ef3ac28d02c864e9d44d6	Dohop	dohop
dolcera,4b9962595d7ff850d591b39c00121e18	Dolcera	dolcera
dolcera,c61e6a5dd61ef3ac28d02c864e9dd21c	Dolcera	dolcera
domain-co-in,4b9962595d7ff850d591b39c0012f2df	DOMAIN.CO.IN	domainIN
domain-co-in,c61e6a5dd61ef3ac28d02c864e9e97b9	DOMAIN.CO.IN	domainIN
dont-blink-design,'4b9962595d7ff850d591b39c001496c9	Don''t Blink Design	dontblinkinc'
dont-blink-design,'c61e6a5dd61ef3ac28d02c864ea01960	Don''t Blink Design	dontblinkinc'
doomby,4b9962595d7ff850d591b39c00169920	doomby	doomby
doomby,c61e6a5dd61ef3ac28d02c864ea1febe	doomby	doomby
dot-net-solutions,4b9962595d7ff850d591b39c0018d44b	Dot Net Solutions	dotnetsolutions
dot-net-solutions,c61e6a5dd61ef3ac28d02c864ea41ee4	Dot Net Solutions	dotnetsolutions
dot-schools,4b9962595d7ff850d591b39c0018de37	Dot Schools	dotschools
dot-schools,c61e6a5dd61ef3ac28d02c864ea42ee2	Dot Schools	dotschools
drakontas,4b9962595d7ff850d591b39c001e3817	Drakontas	drakontas
drakontas,c61e6a5dd61ef3ac28d02c864ea9b183	Drakontas	drakontas
draugiem-2,4b9962595d7ff850d591b39c001e7604	Draugiem	draugiem
draugiem-2,c61e6a5dd61ef3ac28d02c864ea9e9ad	Draugiem	draugiem
dreamajax-technologies,4b9962595d7ff850d591b39c001fa80b	Dreamajax Technologies	dreamajax
dreamajax-technologies,c61e6a5dd61ef3ac28d02c864eab41c6	Dreamajax Technologies	dreamajax
dreams-media,4b9962595d7ff850d591b39c0020b2c0	Dreams Media	dreams_media
dreams-media,c61e6a5dd61ef3ac28d02c864eac2cd2	Dreams Media	dreams_media
drobo,4b9962595d7ff850d591b39c0023badc	Drobo	drobo
drobo,c61e6a5dd61ef3ac28d02c864eaf609a	Drobo	drobo
dynamsoft,4b9962595d7ff850d591b39c002ec12b	Dynamsoft	Dynamsoft
dynamsoft,c61e6a5dd61ef3ac28d02c864eba3d64	Dynamsoft	Dynamsoft
earthcare-greenhouses,4b9962595d7ff850d591b39c0036b80a	EarthCare Greenhouses	EarthCareGarden
earthclassmail,4b9962595d7ff850d591b39c00367659	Earth Class Mail	earthclassmail
earthsmart-networks,4b9962595d7ff850d591b39c0036f6b3	EarthSmart Networks	EarthSmartNet
easytobook-com,4b9962595d7ff850d591b39c003b104e	Easytobook.com	easytobook
ebillme,4b9962595d7ff850d591b39c003d29f4	eBillme	shopdebtfree
ebureau,4b9962595d7ff850d591b39c003e9b7e	eBureau	ebureau
editio-software,4b9962595d7ff850d591b39c0049bc40	Editio Software	editio_software
efusion-technology,4b9962595d7ff850d591b39c004fc680	Efusion Technology	efusiont
egan-wellness-clinic,4b9962595d7ff850d591b39c00501bf8	Egan Wellness Clinic	pamegan
elevator-up,4b9962595d7ff850d591b39c005b3c12	Elevator Up	elevatorup
eltenedor-es,4b9962595d7ff850d591b39c005ea56f	Eltenedor.es	eltenedor
emobus,4b9962595d7ff850d591b39c00662fb7	eMOBUS	eMOBUS
en-twyn,4b9962595d7ff850d591b39c00699e76	En-Twyn	ajdel
endavo-media-and-communications,4b9962595d7ff850d591b39c006b901f	Endavo Media and Communications	endavomedia
energion-publications,4b9962595d7ff850d591b39c006daf01	Energion Publications	energion
engineeringjobssouthwest,4b9962595d7ff850d591b39c0070b636	engineeringjobssouthwest	EngineerJobsSW
enservio,4b9962595d7ff850d591b39c0074a4c9	Enservio	enservio
enterprisedb,4b9962595d7ff850d591b39c00768564	EnterpriseDB	EnterpriseDB
envesage-inc,4b9962595d7ff850d591b39c0079a044	Envesage Inc	envesage
envisica,4b9962595d7ff850d591b39c007a93d5	Envisica	wayne_regehr
epractize-labs-software,4b9962595d7ff850d591b39c007f5048	EPractize Labs	epractizelabs
equinexus,4b9962595d7ff850d591b39c0081b38a	EQUINEXUS	equinexus
erevena,4b9962595d7ff850d591b39c00839de2	Erevena	erevenasearch
escalate-media,4b9962595d7ff850d591b39c0085b74b	Escalate Media	escalatemedia
esds-software-solution-pvt-ltd,4b9962595d7ff850d591b39c0086910d	ESDS Software Solution Pvt. Ltd.	esdsDataCenter
esearchvision,4b9962595d7ff850d591b39c0086b448	eSearchVision	esearchvision
esn-social-software,4b9962595d7ff850d591b39c00879b3c	ESN Social Software	esnme
espresso-moon,4b9962595d7ff850d591b39c0088968b	Espresso Moon	EspressoMoon
eswarm,4b9962595d7ff850d591b39c008acb57	eSwarm	eSwarm
eton-digital,4b9962595d7ff850d591b39c008d690c	Eton Digital	etondigital
eventsforce,4b9962595d7ff850d591b39c00952418	Eventsforce	eventsforce
evolix,4b9962595d7ff850d591b39c009a79e2	Evolix	evolix
evon-technologies,4b9962595d7ff850d591b39c009bd462	Evon Technologies	test
exceedion,4b9962595d7ff850d591b39c009e9dd8	Exceedion	exceedion
expandrive,4b9962595d7ff850d591b39c00a335e0	ExpanDrive	expandrive
expotv,4b9962595d7ff850d591b39c00a6475a	EXPO	ExpoTV
exterro,4b9962595d7ff850d591b39c00a8469f	Exterro	exterro
eyedea-lab,4b9962595d7ff850d591b39c00aa72c2	Eyedea Lab	eyedealab
ezcouponsearch,4b9962595d7ff850d591b39c00ac146e	EzCouponSearch	ezcouponsearch
facebook,4b9962595d7ff850d591b39c00af0c09	Facebook	facebook
fanfare-group,907373444553d8ee3bfe8778cd14d97e	The Fanfare Group	fanfaresoftware
fashionising-com,4b9962595d7ff850d591b39c00bb88c4	Fashionising.com	fashionising
fashionphile,4b9962595d7ff850d591b39c00bbba73	Fashionphile	fashionphile
fat-cow-media,4b9962595d7ff850d591b39c00be5624	Fat Cow Media	fatcowmedia
faxo,4b9962595d7ff850d591b39c00c049c7	Faxo	faxo
felenasoft,4b9962595d7ff850d591b39c00c45128	FelenaSoft	FelenaSoftLtd
fellowship-technologies,4b9962595d7ff850d591b39c00c48531	Fellowship Technologies	F1ACE
filler-item,4b9962595d7ff850d591b39c00ccb259	Filler Item	filleritem
findwatches,4b9962595d7ff850d591b39c00d1e7b3	FindWatches	findwatches
finetunes,4b9962595d7ff850d591b39c00d25e53	finetunes	finetunes
fireeye,4b9962595d7ff850d591b39c00d474eb	FireEye	fireeye
firefly-logic,4b9962595d7ff850d591b39c00d4b684	Firefly Logic	FireflyLogic
fishpond,4b9962595d7ff850d591b39c00d9c10c	Fishpond	fishpondcom
fleetmatics,4b9962595d7ff850d591b39c00e1cf69	FleetMatics	fleetmatics
fmyi,4b9962595d7ff850d591b39c00ec8123	FMYI	FMYI
footfall123,4b9962595d7ff850d591b39c00f32a35	Footfall123	footfall123
form,4b9962595d7ff850d591b39c00f637c1	FORM	form_creative
forward-internet-group,4b9962595d7ff850d591b39c00f94248	Forward Internet Group	forwardtek
fox-directory,4b9962595d7ff850d591b39c00fd95b0	Fox Directory	foxdirectory
franquicias-rentables-zona-verde-consumibles,bb00443be334273f59d3ef19d10067c0	Franquicias rentables Zona Verde Consumibles	zonaconsumibles
freepeople-com,bb00443be334273f59d3ef19d105ad70	FreePeople.com	FreePeople
freeworld-media,bb00443be334273f59d3ef19d106f4d7	Freeworld Media	freeworldmedia
ftg-technologies,bb00443be334273f59d3ef19d10fc6f9	FTG Technologies	ftgtech
fundscrip-fundstream,bb00443be334273f59d3ef19d1142f80	FundScrip / Fundstream	fundscrip
fxh,bb00443be334273f59d3ef19d11a4709	FXH	fxhinc
galaxy-infotech,bb00443be334273f59d3ef19d11f3cc3	Galaxy infotech	galaxyinfotech
geekworks,bb00443be334273f59d3ef19d12f22e4	Geekworks	GeekworksLLC
generation-e,bb00443be334273f59d3ef19d132c393	Generation-e	generation_e
genusoft-solutions,bb00443be334273f59d3ef19d136adff	GenuSoft Solutions	GenuSoft
getafreelancer,bb00443be334273f59d3ef19d104efd0	Freelancer	freelancer
gettinghired,bb00443be334273f59d3ef19d13dd88f	GettingHired	gettinghired
ggk-tech,bb00443be334273f59d3ef19d13ee475	GGK Tech	GGKTech
giftcards-com,bb00443be334273f59d3ef19d1412c52	GiftCards.com	giftcards_com
gigamon,bb00443be334273f59d3ef19d14309a6	Gigamon	gigamon
gilbert-guide,bb00443be334273f59d3ef19d144f28b	Gilbert Guide	gilbertguide
girl-geek-dinners,bb00443be334273f59d3ef19d1467693	Girl Geek Dinners	ggdworldwide
global-luxe-translations,bb00443be334273f59d3ef19d14eaa46	Global Luxe Translations	globalluxegroup
gmaids,bb00443be334273f59d3ef19d155a02b	Gmaids	gmaids
gmr-transcription,bb00443be334273f59d3ef19d15627c1	GMR Transcription	gmrtranscripts
gmr-web-team,bb00443be334273f59d3ef19d15628bf	GMR Web Team	gmrweb123
go-big-network,bb00443be334273f59d3ef19d156efb9	Go BIG Network	wilschroter
grape-vine-social,bb00443be334273f59d3ef19d16edb83	Grape Vine Social	Grapevinesocial
greatpoint-energy,bb00443be334273f59d3ef19d17264ee	GreatPoint Energy	GPEnergy
gree,bb00443be334273f59d3ef19d17282b0	GREE	gree_corp
green-bird-media,bb00443be334273f59d3ef19d172fd87	Green Bird Media	greenbirdmedia
green-spirit-hydroponics,bb00443be334273f59d3ef19d17501d0	Green Spirit Hydroponics	ukhydroponics
grooves,bb00443be334273f59d3ef19d17d65e6	grooves	groovesTV
groundlink,bb00443be334273f59d3ef19d17e32c5	GroundLink	groundlink
groundwork-open-source,bb00443be334273f59d3ef19d17e59ad	GroundWork	GroundWork
grubhub,bb00443be334273f59d3ef19d182cf62	GrubHub	GrubHub
guardis,bb00443be334273f59d3ef19d1869b58	Guardis	guardis
gust,bb00443be334273f59d3ef19d18b673a	Gust	gustly
gypsy-media-group,bb00443be334273f59d3ef19d18cd811	Gypsy Media Group	gypsymediagroup
halloweenandcostumes,bb00443be334273f59d3ef19d19173ae	HalloweenAndCostumes	hotcostumes
harbour-front,bb00443be334273f59d3ef19d196cd80	Harbour Front	harbour_front
hearnewbrunswick-com,bb00443be334273f59d3ef19d1a2d895	HearNewBrunswick.com	HNBRadio
hengye-usa,bb00443be334273f59d3ef19d1aa0015	Hengye USA	molecular_sieve
hicx-solutions,bb00443be334273f59d3ef19d1aee22c	HICX Solutions	hicx_solutions
hipcricket,bb00443be334273f59d3ef19d1b365e2	HipCricket	hipcricket
hippo-fm,bb00443be334273f59d3ef19d1b3f4a6	Hippo FM	hippofm
homing-amusement-game-machine-co,bb00443be334273f59d3ef19d1bf7c25	Homing Amusement & Game Machine Co	hominggame
hooklogic,bb00443be334273f59d3ef19d1c12b76	HookLogic	HookLogic
host-asp,bb00443be334273f59d3ef19d1c3d305	Host ASP	HostASP
hpg-technology,bb00443be334273f59d3ef19d1cc1e2b	HPG Technology	hpgtech
htet-development,bb00443be334273f59d3ef19d1cd7477	HTET Development	HTETdevelopment
hygeia-personal-care-products,bb00443be334273f59d3ef19d1d7947a	Hygeia Personal Care Products	PetiteAmie
hyper-dog-media,bb00443be334273f59d3ef19d1d861f8	Hyper Dog Media	denverseo
i-stats,bb00443be334273f59d3ef19d1dd936e	I-stats	i_stats
icerocket,bb00443be334273f59d3ef19d1e55594	IceRocket	icerocket
iconix,bb00443be334273f59d3ef19d1e75f5a	Iconix	Truemark
id-design,bb00443be334273f59d3ef19d1e9b638	ID-Design	WhatSizeMac
idata,bb00443be334273f59d3ef19d1e9eb2e	IData	idatainc
idea-stack,bb00443be334273f59d3ef19d1eaa9b8	Idea Stack	ideastack
identity-fx,bb00443be334273f59d3ef19d1edba04	Identity FX	identityfx
idv-solutions,bb00443be334273f59d3ef19d1f0f2e5	IDV Solutions	idvsolutions
iguate-com,bb00443be334273f59d3ef19d1f57098	iGuate.com	iGuate
iih-nordic,bb00443be334273f59d3ef19d1f67b69	IIH Nordic	iih
iim-jobs,bb00443be334273f59d3ef19d1f68e59	IIM JOBS	IIMJOBSTEAM
imc-technologies,bb00443be334273f59d3ef19d1fdbd7c	IMC Technologies	pgeorgol
immediate-future,bb00443be334273f59d3ef19d1ffd3aa	immediate future	iftweeter
indeed,597e595b22c7371d2769eb1fa00afb95	Indeed	indeed
india-travel-group,597e595b22c7371d2769eb1fa00c2076	India Travel Group	indiatravelgrp
indiamaal-com,597e595b22c7371d2769eb1fa00c942c	IndiaMaal.com	indiamaal
indusface,597e595b22c7371d2769eb1fa00ff86c	Indusface	Indusface
industry-grind,597e595b22c7371d2769eb1fa010b2aa	Industry Grind	industrygrind
inftek,597e595b22c7371d2769eb1fa01bd197	InfTek	inftek
innex-inc,'597e595b22c7371d2769eb1fa02123d6	Innex, Inc.	innexinc'
inogate,597e595b22c7371d2769eb1fa025276c	Inogate	inogate_live
inrix,597e595b22c7371d2769eb1fa027386e	Inrix	inrix
inspiresmart,597e595b22c7371d2769eb1fa02af075	InspireSmart	inspiresmartinc
intech,597e595b22c7371d2769eb1fa02f9f55	InTech	InTechWeb
integrasco,597e595b22c7371d2769eb1fa030776e	Integrasco	integrasco
intelcompras,597e595b22c7371d2769eb1fa0321a3b	Intelcompras	intelcompras
intelliworks,597e595b22c7371d2769eb1fa035a25a	Intelliworks	intelliworks
involution-studios,597e595b22c7371d2769eb1fa04a7ae4	Involution Studios	goinvo
iovation,597e595b22c7371d2769eb1fa04d86b0	iovation	iovation
ipeak-networks,597e595b22c7371d2769eb1fa0ff3ed3	LiveQoS (formerly IPeak Networks)	liveqos
isource,597e595b22c7371d2769eb1fa05a9ea4	isource	danial0987
ist-networks,597e595b22c7371d2769eb1fa05b489a	IST Networks	ISTNetworks
it-answers-uk,597e595b22c7371d2769eb1fa05c47ee	IT Answers UK	ITweetAnswers
iternova,597e595b22c7371d2769eb1fa05f93e5	ITERNOVA	iternova
iva,597e595b22c7371d2769eb1fa0643cc7	IVA	ivanet
ivona-text-to-speech,597e595b22c7371d2769eb1fa0657bae	IVONA Text-To-Speech	ivonatts
ja-interactive,597e595b22c7371d2769eb1fa069b589	JA Interactive	JATXT
jivy-inside,597e595b22c7371d2769eb1fa077d0af	Jivy Inside	jivygroup
jobofer-org-2,597e595b22c7371d2769eb1fa07b44f5	Jobofer org	jobofer_org
jobquest-international-jobs,597e595b22c7371d2769eb1fa07ba0d6	Jobquest International Jobs	jobquestintl
jobs-ge,597e595b22c7371d2769eb1fa07be6a4	Jobs.GE	jobsge
jobscore,597e595b22c7371d2769eb1fa07c1e23	JobScore	jobscore
josephmark,597e595b22c7371d2769eb1fa0816ad8	Josephmark	Josephmark_
joyent,597e595b22c7371d2769eb1fa08321cb	Joyent	joyent
just-jen,597e595b22c7371d2769eb1fa089b9e7	Just Jen	justjenshop
jvf-consulting,597e595b22c7371d2769eb1fa08c7c0e	JVF Consulting	jvfconsulting
kayak,597e595b22c7371d2769eb1fa0986466	KAYAK	KAYAK
kayweb,597e595b22c7371d2769eb1fa0989567	KAYWEB	KayWeb_Holdings
kbs-america,597e595b22c7371d2769eb1fa0998956	KBS America	KBSWORLDi
kentico,597e595b22c7371d2769eb1fa09e5718	Kentico	Kentico_CMS
keylogger-software,597e595b22c7371d2769eb1fa0a0de57	keylogger software	lnklgin
kickapps,597e595b22c7371d2769eb1fa0a33ec6	KickApps	KickApps
kitara-merdia,597e595b22c7371d2769eb1fa0ab4404	Kitara Media	kitaramedia
kuppinger-cole,597e595b22c7371d2769eb1fa0bfed64	Kuppinger Cole	kuppingercole
la-cantina-productions-2,597e595b22c7371d2769eb1fa0c4d4e3	La Cantina Productions	lacantinaprod
labome,597e595b22c7371d2769eb1fa0c69816	Labome	labome
lamingo,597e595b22c7371d2769eb1fa0c98b46	Lamingo	lamingo
landslide-technologies,597e595b22c7371d2769eb1fa0caebf7	Landslide CRM	LandslideCRM
laptopz,597e595b22c7371d2769eb1fa0cd34c1	LaptopZ	laptopzparts
latin3g,597e595b22c7371d2769eb1fa0cf8d4c	Latin3G	latin3g
layered-technologies,597e595b22c7371d2769eb1fa0d36d1e	Layered Technologies	LayeredTech
leads360,597e595b22c7371d2769eb1fa0d6aa9b	Leads360	Leads360
leadshare,597e595b22c7371d2769eb1fa0d6bd56	LEADshare	leadshare
lean-software-institute,597e595b22c7371d2769eb1fa0d7aa77	Lean Software Institute	leansoftwareins
leathergalaxy,597e595b22c7371d2769eb1fa0da2dda	LeatherGalaxy	leathergalaxy
led-grow-master-global,597e595b22c7371d2769eb1fa0dac6c0	LED Grow Master Global	LEDGrowMaster
leo-mancini-design,597e595b22c7371d2769eb1fa0e069c5	Leo Mancini Design	leomancini
lepide-software,597e595b22c7371d2769eb1fa0e0c5c4	Lepide Software	lepideSW
liberty-games,597e595b22c7371d2769eb1fa0e6ac32	Liberty Games	libertygames
liferay,597e595b22c7371d2769eb1fa0e9c611	Liferay	liferay
light-blue-optics,597e595b22c7371d2769eb1fa0eb2532	Light Blue Optics	lightblueoptics
limelife,597e595b22c7371d2769eb1fa0eefefb	LimeLife	LimeLifeCEO
link-assistant-com,597e595b22c7371d2769eb1fa0f2cdc7	Link-Assistant.Com	linkassistant
liquidvisuals-interactive,597e595b22c7371d2769eb1fa0f810e5	LiquidVisuals Interactive	liquidvisuals
list-australia,597e595b22c7371d2769eb1fa0f8723a	List Australia	listaustralia
little-sunflowers,597e595b22c7371d2769eb1fa0fb2752	Little Sunflowers	LittleSunflower
liveprocess-corp,597e595b22c7371d2769eb1fa0ff364a	LiveProcess Corp.	liveprocess
loc8-com,83097a0e1641e8eda5b5ac717e033eec	Loc8.com	loc8com
local-splash,83097a0e1641e8eda5b5ac717e047f44	Local Splash	localsplash
logicnets,83097a0e1641e8eda5b5ac717e0ad34f	LogicNets	LogicNets
logik,83097a0e1641e8eda5b5ac717e0b4537	Logik	logikbot
lombard-global,83097a0e1641e8eda5b5ac717e0ddd22	Lombard Global	billeaudw
lt-consulting,83097a0e1641e8eda5b5ac717e1753b7	LT Consulting	ltconsulting
lunascape,83097a0e1641e8eda5b5ac717e1be867	Lunascape	Lunascape
lux-research,83097a0e1641e8eda5b5ac717e1d224d	Lux Research	luxresearch
m2c2-communications,83097a0e1641e8eda5b5ac717e2151c7	M2C2 Communications	M2C2COM
madison-alexander-pr,83097a0e1641e8eda5b5ac717e26d853	Madison Alexander PR	TecFlack
mailchannels,83097a0e1641e8eda5b5ac717e2d4ca4	MailChannels	mailchannels
mailorama,83097a0e1641e8eda5b5ac717e2e29bc	Mailorama	Mailorama
mais-empresa,83097a0e1641e8eda5b5ac717e2f191c	Mais Empresa	maisempresas
makana-solutions,83097a0e1641e8eda5b5ac717e2fe36a	Makana Solutions	makanasolutions
malapronta-com,83097a0e1641e8eda5b5ac717e31ef67	MalaPronta.com	malapronta
mamapedia,83097a0e1641e8eda5b5ac717e330cf3	Mamapedia	mamapedia
maniatv,83097a0e1641e8eda5b5ac717e35cdc2	maniaTV	maniaTV
manning-search-marketing,83097a0e1641e8eda5b5ac717e3643fa	Manning Search Marketing	manningseo
marketplace-earth,83097a0e1641e8eda5b5ac717e3e99c3	Marketplace Earth	mpearth
markmeets-com,83097a0e1641e8eda5b5ac717e3f8aef	MarkMeets.com	markmeets
matchmypet,83097a0e1641e8eda5b5ac717e46f265	MatchMyPet	matchmypet
mc-a,83097a0e1641e8eda5b5ac717e4f28fa	MC+A	mcplusa
mcy-soft,83097a0e1641e8eda5b5ac717e518ace	MCY Soft	mcysoft
mediatrust,83097a0e1641e8eda5b5ac717e5be1dd	MediaTrust	mediatrust
mefeedia,83097a0e1641e8eda5b5ac717e6283ad	MeFeedia	mefeedia
megashop-bg,83097a0e1641e8eda5b5ac717e636c83	Megashop.BG	Megashopbg
menexis-merchant-account,83097a0e1641e8eda5b5ac717e67f36c	Menexis Merchant Account	Menexis
metrolyrics,83097a0e1641e8eda5b5ac717e7459e0	MetroLyrics	MetroLyrics
mfoundry,83097a0e1641e8eda5b5ac717e75dba4	mFoundry	mfoundry
micksgarage,83097a0e1641e8eda5b5ac717e785294	MicksGarage	MicksGarage
migratory-data-systems,83097a0e1641e8eda5b5ac717e7f5af8	Migratory Data Systems	migratorydata
mike-ciucci-real-estate,83097a0e1641e8eda5b5ac717e80305a	Mike Ciucci Real Estate	MikeCiucci
millennia-technologies,83097a0e1641e8eda5b5ac717e81ce35	Millennia Technologies	LEDstreets
mindtouch,83097a0e1641e8eda5b5ac717e8702b5	MindTouch	MindTouch
mirror42,83097a0e1641e8eda5b5ac717e8cc896	Mirror42	mirror42
mobigame,83097a0e1641e8eda5b5ac717e9758a1	Mobigame	mobigame
mobile-dreams-factory,83097a0e1641e8eda5b5ac717e9835b8	Mobile Dreams Factory	mobiledreams
mobile-interactive-group,83097a0e1641e8eda5b5ac717e987cac	Mobile Interactive Group 	migcan
mobilegov,83097a0e1641e8eda5b5ac717e9b65f5	MOBILEGOV	digitaldnatech
mog-sales,83097a0e1641e8eda5b5ac717ea5e669	Mog Sales	mogscom
mojo-solo,83097a0e1641e8eda5b5ac717ea76f13	Mojo Solo	mojosolo
money-now-usa,83097a0e1641e8eda5b5ac717eab948e	Money Now USA	Money_Now_USA
mosync,83097a0e1641e8eda5b5ac717eb5fbf1	MoSync	mosync
mps-technologies,83097a0e1641e8eda5b5ac717ebf6530	MPS Technologies	mpstechnologies
mr-site,83097a0e1641e8eda5b5ac717ebfd48c	Mr Site	mr_site
mrco-egypt,83097a0e1641e8eda5b5ac717ec05407	MRCO-Egypt	mrcoegypt
msk-security,83097a0e1641e8eda5b5ac717ec1af06	MSK Security	msksecurity
music-arsenal,83097a0e1641e8eda5b5ac717ec893f8	Music Arsenal	musicarsenal
mustakbil-com,83097a0e1641e8eda5b5ac717ecaea78	Mustakbil.com	mustakbil
my-computer-works,83097a0e1641e8eda5b5ac717ecdf443	My Computer Works	MyCompWorks
my-yard-software,83097a0e1641e8eda5b5ac717ed0efcf	My Yard Software	MyYardSoftware
mybuilder,83097a0e1641e8eda5b5ac717ed30cd8	MyBuilder	my_builder
mynewsdesk,83097a0e1641e8eda5b5ac717eda9beb	MyNewsdesk	mynewsdesk
myownitguy,83097a0e1641e8eda5b5ac717edb5026	MyOwnITGuy	myownitguy
nangu-tv-2,83097a0e1641e8eda5b5ac717ee8a33d	nangu.TV	nanguTV
native-instinct,83097a0e1641e8eda5b5ac717eef8160	Native Instinct	nativeinstinct
navatar-group,83097a0e1641e8eda5b5ac717ef16f3c	Navatar Group	navatargroup
nebo-web,83097a0e1641e8eda5b5ac717ef5dd3b	Nebo Agency	neboweb
nectil,83097a0e1641e8eda5b5ac717ef65f66	Nectil	nectil
neighborhood-notes,83097a0e1641e8eda5b5ac717ef7a710	Neighborhood Notes	nnpdx
neotericuk,83097a0e1641e8eda5b5ac717efbdd1c	Neotericuk	Neotericuk
nerds-on-call,83097a0e1641e8eda5b5ac717efd5d66	Nerds On Call	nerdsoncall
net-soft-lab,83097a0e1641e8eda5b5ac717eff4a47	Net Soft Lab	mobzilaa
netbase,e054627bc6b1f1d8cb812cce4200b6e5	NetBase Solutions	Net_Base
neteffekt,e054627bc6b1f1d8cb812cce4202d115	neteffekt	neteffekt
network-redux,e054627bc6b1f1d8cb812cce4209d462	Network Redux	Networkredux
neuro-seo-services,e054627bc6b1f1d8cb812cce420bb4f1	Neuro SEO Services	Neuroseoservice
newsgator,e054627bc6b1f1d8cb812cce421467a8	NewsGator	newsgator
night-life-agency-dc,e054627bc6b1f1d8cb812cce421fe9fa	Night Life Agency DC	nightlifeagency
nimbuzz,e054627bc6b1f1d8cb812cce4221c467	Nimbuzz	nimbuzz
nimli,e054627bc6b1f1d8cb812cce4221cdf2	NIMLI	nimlitalk
ning,e054627bc6b1f1d8cb812cce422241f9	Ning	ning
nivio,e054627bc6b1f1d8cb812cce4224b9c1	nivio	nivio
noise-industries,e054627bc6b1f1d8cb812cce4228ccf8	Noise Industries	noiseindustries
nomadesk,e054627bc6b1f1d8cb812cce4229eca8	Nomadesk	nomadesk
nstuk-limited,e054627bc6b1f1d8cb812cce42381c0d	NSTUK Limited	nstukltd
nuezra,e054627bc6b1f1d8cb812cce423acebb	Nuezra	nuezra
nulogy,e054627bc6b1f1d8cb812cce423b9f63	Nulogy	Nulogy
nwix,e054627bc6b1f1d8cb812cce423f6475	NWIX 	nwixnetworks
oceanbrowser,e054627bc6b1f1d8cb812cce4246faba	OceanBrowser	ocnb3
ocproducts,e054627bc6b1f1d8cb812cce4247a6de	ocProducts	occhris
ogham-sourcing,e054627bc6b1f1d8cb812cce424dc7ad	Ogham Sourcing	OghamSourcing
omar-abdo-dds-ms-pa,'e054627bc6b1f1d8cb812cce42521e20	Omar Abdo, DDS, MS, PA	omarabdodds'
omnovia-technologies,e054627bc6b1f1d8cb812cce42552c91	omNovia Technologies	omnovia
onebigplanet,e054627bc6b1f1d8cb812cce425a3dc9	OneBigPlanet	onebigplanet
online-jobs-tonight,e054627bc6b1f1d8cb812cce425f37b7	Online Jobs Tonight	HomeJobsGalore
online-personals-watch,e054627bc6b1f1d8cb812cce425fa6d7	Online Personals Watch	internet_dating
ontri-com-2,e054627bc6b1f1d8cb812cce4263fa4e	ontri.com	ontri
ooma,e054627bc6b1f1d8cb812cce4265500d	ooma	ooma
openerp,e054627bc6b1f1d8cb812cce426ae880	OpenERP	openerp
openmrs,e054627bc6b1f1d8cb812cce426bc33a	OpenMRS	OpenMRS
opera-solutions,e054627bc6b1f1d8cb812cce426dba81	Opera Solutions	operasolutions
opromote,e054627bc6b1f1d8cb812cce426fba22	opromote	mohinderkum
opservices,e054627bc6b1f1d8cb812cce426fde58	OpServices	opservices
optelo,e054627bc6b1f1d8cb812cce42707386	Optelo	optelofr
orchard-designs,e054627bc6b1f1d8cb812cce42770f47	Orchard Designs	orcharddesigns
pacific-timesheet-enterprise,e054627bc6b1f1d8cb812cce428ad640	Pacific Timesheet Enterprise	pacificts
palantir-technologies,e054627bc6b1f1d8cb812cce428ff0e6	Palantir Technologies	palantirtech
paperbackswap-com,e054627bc6b1f1d8cb812cce42953ffd	PaperBackSwap.com	paperbackswap
path-interactive,e054627bc6b1f1d8cb812cce429f7900	Path Interactive	pathinteractive
payloadz,e054627bc6b1f1d8cb812cce42a49b92	PayLoadz	payloadz
pentaho,e054627bc6b1f1d8cb812cce42b02257	Pentaho	pentaho
perfectline,e054627bc6b1f1d8cb812cce42b59972	PerfectLine	perfectline
performance-solutions,e054627bc6b1f1d8cb812cce42b65850	Performance Solutions 	blitz_scrm
periscopic,e054627bc6b1f1d8cb812cce42b74a36	Periscopic	periscopic
pharmapassport,e054627bc6b1f1d8cb812cce42be2b72	Pharmapassport	pharmapassport
phaseware,e054627bc6b1f1d8cb812cce42bf3f56	PhaseWare	PhaseWare
phenomlblue,e054627bc6b1f1d8cb812cce42bfa8e7	Phenomblue	phenomblue
phire-branding-co,e054627bc6b1f1d8cb812cce42c074d7	Phire Branding Co.	phirebranding
phlint,e054627bc6b1f1d8cb812cce42c0ac6b	Phlint	phlint
phxx,e054627bc6b1f1d8cb812cce42c6c4ed	PHXX	phxx
piermall,e054627bc6b1f1d8cb812cce42cc04ce	PierMall	piermallcom
pinstorm,e054627bc6b1f1d8cb812cce42d0a39c	Pinstorm	pinstorm
pisces-exim-soumit-ranjan-jena,e054627bc6b1f1d8cb812cce42d2c4a7	Pisces Exim Soumit Ranjan Jena	soumitjena
pisces-group,e054627bc6b1f1d8cb812cce42d2c933	Pisces Group	piscesgroup
pixelcrayons,e054627bc6b1f1d8cb812cce42d54f4b	PixelCrayons	PixelCrayons
planetwide-media,83097a0e1641e8eda5b5ac717e42e8ec	MashON	mashon
plasticstorage-com,e054627bc6b1f1d8cb812cce42dca600	Plastic-Storage.com	Simplastics
platester-com,e054627bc6b1f1d8cb812cce42dd51aa	Platester	platester
platform-one-entertainment,e054627bc6b1f1d8cb812cce42dd6d4c	Platform One Entertainment	Platform_1
plaveb-corporation,e054627bc6b1f1d8cb812cce42de5e80	PLAVEB Corporation	plaveb
playfirst,e054627bc6b1f1d8cb812cce42e020d2	PlayFirst	playfirst
playrix-entertainment,e054627bc6b1f1d8cb812cce42e1a2b6	Playrix Entertainment	Playrix
polygonswild,e054627bc6b1f1d8cb812cce42eea4bc	PolygonsWild	Polygonswild
posterjack-2,e054627bc6b1f1d8cb812cce42f71d28	Posterjack	posterjackdotca
powers-by-design,e054627bc6b1f1d8cb812cce42fa7a3c	Powers by Design	powersbydesign
powwownow,e054627bc6b1f1d8cb812cce42fb07bd	Powwownow	powwownow
precise-leads,e054627bc6b1f1d8cb812cce42fe1997	Precise Leads	preciseleads
premier-solar,5885c8f942b2d53de0f9ff90e1007940	Premier Solar	premiersolar
primary-technology,5885c8f942b2d53de0f9ff90e10727d9	Primary Technology	primaryt
princess-time-toys,5885c8f942b2d53de0f9ff90e109626b	Princess Time Toys	princesstimetoy
produkt-design,5885c8f942b2d53de0f9ff90e111512b	Produkt Design	ProduktEnd
prooftag,5885c8f942b2d53de0f9ff90e1193b07	Prooftag	Prooftag
propertiesinmumbai-com,5885c8f942b2d53de0f9ff90e119fd44	Propertiesinmumbai.com	rgrealspace
provade,5885c8f942b2d53de0f9ff90e11ead35	Provade	provade
pulse-films-uk,5885c8f942b2d53de0f9ff90e12676e9	Pulse Films - UK	tombenski
puremedia,5885c8f942b2d53de0f9ff90e129ca10	puremedia	puremediateam
q1media,5885c8f942b2d53de0f9ff90e12e9e16	Q1Media	Q1Media
qburst,5885c8f942b2d53de0f9ff90e12fc07a	QBurst	qburst
qnap,5885c8f942b2d53de0f9ff90e131fa63	QNAP	QNAP_nas
quadron-interactive,5885c8f942b2d53de0f9ff90e1351c27	Quadron Interactive	qinteractive
qualisystems,5885c8f942b2d53de0f9ff90e135d5eb	QualiSystems	qualisystems
quantiamd,5885c8f942b2d53de0f9ff90e1373fd4	QuantiaMD	QuantiaMD
quby,5885c8f942b2d53de0f9ff90e1396cfb	Quby	QubyEnergy
quirkat,5885c8f942b2d53de0f9ff90e13f4b76	Quirkat	quirkat
radar-multimedia,5885c8f942b2d53de0f9ff90e14579ea	Radar Creative	radarLA
rainstor,5885c8f942b2d53de0f9ff90e14ab1ec	RainStor	rainstor
rapidfyre-inc,5885c8f942b2d53de0f9ff90e14fc3a6	Rapidfyre Inc	rapidfyreinc
raspberry-animation,5885c8f942b2d53de0f9ff90e151c4e5	Raspberry Animation	raspberryfilm
reachlocal,5885c8f942b2d53de0f9ff90e158c061	ReachLocal	ReachLocal
reactor-design,5885c8f942b2d53de0f9ff90e1592dc7	Reactor Design	reactor_design
recombinant-data-corp,5885c8f942b2d53de0f9ff90e1616f99	Recombinant Data Corp.	recomdata
recordlinc,5885c8f942b2d53de0f9ff90e161e49a	RecordLinc	recordlinc
recyclebank,5885c8f942b2d53de0f9ff90e162e8cb	Recyclebank	RecycleBank
red-card-media,5885c8f942b2d53de0f9ff90e16398b3	Red Card Media	GoonersGuide
red-method-2,5885c8f942b2d53de0f9ff90e1651473	RED Method	redmethodstudio
red-method-inc,'5885c8f942b2d53de0f9ff90e1651f72	RED Method, Inc.	redmethodstudio'
redder,5885c8f942b2d53de0f9ff90e167359d	Redder	redderweb
redline-company,5885c8f942b2d53de0f9ff90e168b509	Redline Company	redlinecompany
redseal-systems,5885c8f942b2d53de0f9ff90e16a1fe3	RedSeal Systems	RedSealSystems
rental-source,5885c8f942b2d53de0f9ff90e176fee2	Rental Source	rentalsource
replay-solutions,5885c8f942b2d53de0f9ff90e17a5a7a	Replay Solutions	ReplaySolutions
repsole-com,5885c8f942b2d53de0f9ff90e17b59e5	repsole.com	repsoleltd
reputationmanagers-com,5885c8f942b2d53de0f9ff90e17c0ae9	ReputationManagers.com	repmanagers
retrofit-films,5885c8f942b2d53de0f9ff90e183917d	Retrofit Films	RetrofitFilms
rgv-computer-consulting-inc,'5885c8f942b2d53de0f9ff90e18a9e43	RGV Computer Consulting, Inc.	rolandovaldes'
riaform-technology,5885c8f942b2d53de0f9ff90e18bdb39	RiaForm Technology	riaformtech
rigel-networks,5885c8f942b2d53de0f9ff90e18ddbee	Rigel Networks 	rigelnetworks
rise-interactive,5885c8f942b2d53de0f9ff90e191de91	Rise Interactive	RiseInteractive
rockto,5885c8f942b2d53de0f9ff90e19c1ec7	ROCKTO	ROCK_TODAY
room-214,5885c8f942b2d53de0f9ff90e19fba56	Room 214	room_214
ruckus-wireless-2,5885c8f942b2d53de0f9ff90e1a82903	Ruckus Wireless	ruckuswireless
salon-zahra,5885c8f942b2d53de0f9ff90e1b7ede4	Salon Zahra	salon_zahra
sanborn-media-factory,5885c8f942b2d53de0f9ff90e1bbb84b	Sanborn Media Factory	sanbornmedia
sapdrill-com,5885c8f942b2d53de0f9ff90e1bf0d7a	SAPDrill.com	sapdrill
sapna-media,5885c8f942b2d53de0f9ff90e1bf9b50	SAPNA Media 	SAPNAmagazine
scaleform,5885c8f942b2d53de0f9ff90e1c68e2f	Scaleform	scaleform
scansafe,5885c8f942b2d53de0f9ff90e1c7ed2c	ScanSafe	scansafe
scriptplayground,5885c8f942b2d53de0f9ff90e1d32be5	Scriptplayground	scriptplay
search-discovery,5885c8f942b2d53de0f9ff90e1d6536d	Search Discovery	SearchDiscovery
searchforce,5885c8f942b2d53de0f9ff90e1d7c325	SearchForce	SearchForcePPC
searchignite,bb00443be334273f59d3ef19d1f50bae	IgnitionOne	ignitionone
searchteria-co-ltd,'5885c8f942b2d53de0f9ff90e1d86956	Searchteria Co.,Ltd.	searchteria'
secondmarket,5885c8f942b2d53de0f9ff90e1da399b	SecondMarket	SecondMarket
securactive,5885c8f942b2d53de0f9ff90e1db2fdc	SecurActive	securactivepv
sensegraphics,5885c8f942b2d53de0f9ff90e1e85c68	SenseGraphics	sensegraphics
seo-services,5885c8f942b2d53de0f9ff90e1ece83f	SEO Services	SEOServicesAZ
seoguru-technologies,5885c8f942b2d53de0f9ff90e1ee25f0	SEOguru Technologies	prabuddha
service-now-com,5885c8f942b2d53de0f9ff90e1f36582	ServiceNow	rglauser
seven-creative,5885c8f942b2d53de0f9ff90e1f5a3d1	Seven Creative	sevencreative
shadeland-studios,5885c8f942b2d53de0f9ff90e1f81845	Shadeland Studios	shadelandstudio
sharepoint911,5885c8f942b2d53de0f9ff90e1fbe1e9	SharePoint911	sharepoint911
shergroup-limited,5885c8f942b2d53de0f9ff90e1fff272	Shergroup Limited 	Shergroup
shopster-ecommerce,08ea75d0b39da8eeca1e9129c708c03d	Shopster eCommerce	shopster
sibersonik-web-tasarim-izmir,08ea75d0b39da8eeca1e9129c70e6603	sibersonik web tasarim izmir	sibersonik
sieena,08ea75d0b39da8eeca1e9129c70ff890	Sieena	sieena
sierra-snowboard,08ea75d0b39da8eeca1e9129c710498f	Sierra Snowboard	sierrasnowboard
silver-peak,08ea75d0b39da8eeca1e9129c716ffdf	Silver Peak Systems	silverpeak
simple-performance-marketing,08ea75d0b39da8eeca1e9129c71a56a0	Simple Performance Marketing	simplemktg
simplesignal,08ea75d0b39da8eeca1e9129c71b99d1	SimpleSignal	simplesignal
simply-hired,08ea75d0b39da8eeca1e9129c71cc52b	Simply Hired	simplyhired
simplyhome,08ea75d0b39da8eeca1e9129c71d58e3	SimplyHome	indepliving
sistrix-gmbh,08ea75d0b39da8eeca1e9129c7219836	Sistrix	sistrix
sitespect,08ea75d0b39da8eeca1e9129c723ee8b	SiteSpect	sitespect
siva-solutions-inc-american-dental-software-2,'08ea75d0b39da8eeca1e9129c724d489	Siva Solutions Inc, American Dental Software	sivasolutions'
skweez,08ea75d0b39da8eeca1e9129c72abc88	Skweez	thedailyskweez
soccerpro,08ea75d0b39da8eeca1e9129c746bbd8	SoccerPro	SoccerPro
sodapop-media,08ea75d0b39da8eeca1e9129c751cef3	SodaPop Media	sodapopmedia
sofialys,08ea75d0b39da8eeca1e9129c75257ca	SOFIALYS	Sofialys_Paris
softfacade,08ea75d0b39da8eeca1e9129c753aa23	SoftFacade	softfacade
soho-properties,08ea75d0b39da8eeca1e9129c756e12c	Soho Properties	bangkokproperty
solution-point,08ea75d0b39da8eeca1e9129c75cc66f	Solution Point	marketingtrends
solutionbuilt-2,08ea75d0b39da8eeca1e9129c75cfe2c	SolutionBuilt	SolutionBuilt
solutionship,08ea75d0b39da8eeca1e9129c75d3a63	Solutionship	solutionship
soniccode-e-solutions,08ea75d0b39da8eeca1e9129c760fb7f	Soniccode E-Solutions	soniccode
sortprice-com,08ea75d0b39da8eeca1e9129c7647ecd	Sortprice.com	sortprice
sourcen,08ea75d0b39da8eeca1e9129c767cfc7	SourceN	sourcen
sparkbase,08ea75d0b39da8eeca1e9129c76cf01a	SparkBase	sparkbase
spawn-labs,08ea75d0b39da8eeca1e9129c76efd1b	Spawn Labs	spawnlabs
spice-webs,08ea75d0b39da8eeca1e9129c774e415	Spice webs	spicewebs
spiderloop,08ea75d0b39da8eeca1e9129c7754b8a	SpiderLoop	SpiderLoop
spil-games,08ea75d0b39da8eeca1e9129c776045e	SPIL GAMES	spilgames
sportspyder,08ea75d0b39da8eeca1e9129c77f18d0	SportSpyder	sportspyder
springbox,08ea75d0b39da8eeca1e9129c7829c97	Springbox	springboxist
starzik,08ea75d0b39da8eeca1e9129c7926388	Starzik	Starzik
stella-dot,08ea75d0b39da8eeca1e9129c7964849	Stella & Dot	stelladot
stellar-data-solutions-pvt-ltd,08ea75d0b39da8eeca1e9129c79652d7	Stellar Data Solutions Pvt. Ltd	skoolmanager
stepmiles-marketing,08ea75d0b39da8eeca1e9129c7977364	Stepmiles Marketing	stepmiles
stockvault,08ea75d0b39da8eeca1e9129c79c173a	Stockvault	stockvault
stoke,08ea75d0b39da8eeca1e9129c79c3121	Stoke	StokeSessions
storwize,08ea75d0b39da8eeca1e9129c79fa568	Storwize	storwize
streetfire,08ea75d0b39da8eeca1e9129c7a51788	StreetFire	streetfire
student-driven,08ea75d0b39da8eeca1e9129c7a7d66b	Student Driven	studentdriven
stylesight,08ea75d0b39da8eeca1e9129c7ac3ef0	Stylesight	stylesighters
submitinme,08ea75d0b39da8eeca1e9129c7ada4f5	Submitinme	submitinme
sugarcrm,08ea75d0b39da8eeca1e9129c7afcc84	SugarCRM	sugarcrm
sugarsync,08ea75d0b39da8eeca1e9129c7afe4d4	SugarSync	sugarsync
supportpro,08ea75d0b39da8eeca1e9129c7b9e42b	SupportPRO	supportpro
swyft-technology,08ea75d0b39da8eeca1e9129c7c5fcaa	Swyft Technology	SwyftInteract
sx-entertainment,08ea75d0b39da8eeca1e9129c7c6296b	SX Entertainment	SXEntertainment
sygic,08ea75d0b39da8eeca1e9129c7c72f36	Sygic	SygicOfficial
synergy-search-solutions,08ea75d0b39da8eeca1e9129c7cc5ab8	Synergy Search Solutions 	Ali_Syed
sysarc,08ea75d0b39da8eeca1e9129c7ceda56	SysArc	jeglin
tactile-design-group,08ea75d0b39da8eeca1e9129c7d499af	Tactile Design Group	TactileDesign
talkinabout-food-forum,'08ea75d0b39da8eeca1e9129c7db4b56	Talkin''about Food Forum	taff_biz'
taringa,08ea75d0b39da8eeca1e9129c7e2301c	Taringa!	taringa
tavik,08ea75d0b39da8eeca1e9129c7e4e992	TAVIK	TAVIK
teamwork-live,08ea75d0b39da8eeca1e9129c7ea5cf1	TeamWork Live	collectivesoft
techmeme,08ea75d0b39da8eeca1e9129c7eea1a6	Techmeme	techmeme
techrestore-inc,'08ea75d0b39da8eeca1e9129c7f205ec	TechRestore, Inc.	TechRestore'
techstudio-solutions-pte-ltd,08ea75d0b39da8eeca1e9129c7f2ab51	TechStudio Solutions Pte Ltd	techstudiosol
teknicks,08ea75d0b39da8eeca1e9129c7f6dde8	Teknicks	Teknicks
telehammers,08ea75d0b39da8eeca1e9129c7fa0cd7	Telehammers	telehammers
telibrahma,08ea75d0b39da8eeca1e9129c7fc56c3	TELiBrahma	telibrahma
telium,08ea75d0b39da8eeca1e9129c7fc90ee	Telium 	telium
tenant-advisors-inc,08ea75d0b39da8eeca1e9129c7ff7644	Tenant Advisors	tenantadvisors
terrapass,907373444553d8ee3bfe8778cd04672f	TerraPass	terrapass
test-of-time-design,907373444553d8ee3bfe8778cd05ba61	Test of Time Design	TestofTime
the-book-depository,907373444553d8ee3bfe8778cd0e64de	The Book Depository	bookdepository
the-campus-special,907373444553d8ee3bfe8778cd0fa978	The Campus Special	campusspecial
the-european-marketing-agency-tema,907373444553d8ee3bfe8778cd1495da	The European Marketing Agency TEMA	TEMAeurope
the-frankfurt-group-holdings,907373444553d8ee3bfe8778cd15b165	The Frankfurt Group & Holdings	TFGHCorp
the-green-internet-group,907373444553d8ee3bfe8778cd1737e1	The Green Internet Group	greenglow
the-payroll-site,907373444553d8ee3bfe8778cd1fdb51	The Payroll Site	ThePayrollSite
the-search-guru-organic-seo-company,907373444553d8ee3bfe8778cd233bd0	The Search Guru	thesearchguru
the-wholesale-forums,907373444553d8ee3bfe8778cd28d089	The Wholesale Forums	wholesaleforums
thefilter,907373444553d8ee3bfe8778cd150629	The Filter	thefilter
therenow,907373444553d8ee3bfe8778cd2f84da	thereNow	irisconnect
thinksubscription,907373444553d8ee3bfe8778cd34d842	THINKsubscription	THINK_subs
thrive-software,907373444553d8ee3bfe8778cd3a966f	Thrive Software	thrivesoftware
thrust-interactive,907373444553d8ee3bfe8778cd3b361f	Thrust Interactive	thrustinteractv
thumbplay,907373444553d8ee3bfe8778cd3bb9ab	Thumbplay	thumbplayinc
ticket-bust,907373444553d8ee3bfe8778cd3d7d29	Ticket Bust	Ticketbust
ticket-shack,907373444553d8ee3bfe8778cd3dbd52	Ticket Shack	TicketShack
timeforge,907373444553d8ee3bfe8778cd437580	TimeForge	timeforge
tiny-prints,907373444553d8ee3bfe8778cd461dfb	Tiny Prints	TinyPrints
tinyprints,907373444553d8ee3bfe8778cd46c3aa	TinyPrints 	TinyPrints
tnr-global,907373444553d8ee3bfe8778cd4b31ea	TNR Global	TNRGlobal
to-islands-travel-d-o-o,907373444553d8ee3bfe8778cd4b5eea	To Islands Travel d.o.o.	croatia_rentals
tomedes-translation-localization-service,907373444553d8ee3bfe8778cd4ddcf1	Tomedes Translation & Localization Service 	translations
toprankseo-blog,907373444553d8ee3bfe8778cd539087	TopRankSEO Blog	afzee
touristic,907373444553d8ee3bfe8778cd597d86	TOURISTIC	touristic
traderslog-com,907373444553d8ee3bfe8778cd604a12	TradersLog.com	traderslog
transhorsa-translation,907373444553d8ee3bfe8778cd663039	Transhorsa Translation	transhorsa
transit-home-stay,907373444553d8ee3bfe8778cd664e8b	Transit Home Stay	Transithomestay
translatemedia,907373444553d8ee3bfe8778cd66b959	TranslateMedia	TranslateMedia
trap-solutions-limited,907373444553d8ee3bfe8778cd68b0e5	Trap Solutions Limited	trapsolutions
travelgrove-inc,'907373444553d8ee3bfe8778cd6a3666	Travelgrove, Inc.	travelgrove'
treeline-interactive,907373444553d8ee3bfe8778cd6d6059	Treeline Interactive	TreelineSD
tribrio,907373444553d8ee3bfe8778cd72c4f2	Tribrio	test_designer
trulia,907373444553d8ee3bfe8778cd7e55da	Trulia	trulia
trx-systems,907373444553d8ee3bfe8778cd813cdf	TRX Systems	TRX_Systems
twistage-inc,907373444553d8ee3bfe8778cd918d75	Twistage	twistage
uber-operations,907373444553d8ee3bfe8778cd9b2ea7	Uber Operations	uberops
ubiquity-servers,907373444553d8ee3bfe8778cd9c6be5	Ubiquity Servers	UbiquityServers
ucweb,907373444553d8ee3bfe8778cd9d4eff	UC Mobile	UCBrowser
unity-technologies,907373444553d8ee3bfe8778cdacbd39	Unity Technologies	unity3d
upside-learning-solutions,907373444553d8ee3bfe8778cdb531b0	Upside Learning Solutions	UpsideLearning
urbanmapping,907373444553d8ee3bfe8778cdb7d949	Urban Mapping	urbanmapping
usbpromos,907373444553d8ee3bfe8778cdbc3c2d	USBPromos	usbpromos
v3-media-group,907373444553d8ee3bfe8778cdc2cdc7	V3 Media Group	V3MG
vacation-home-rentals,907373444553d8ee3bfe8778cdc34a47	Vacation Home Rentals 	VacaHomeRentals
var-dynamics,907373444553d8ee3bfe8778cdc9a1fd	VAR Dynamics	vardynamics
vayant,907373444553d8ee3bfe8778cdcc0553	Vayant Travel Technologies	vayant
vcommunications,907373444553d8ee3bfe8778cde0ff9a	Via Studios	viastudios
vembu-technologies,907373444553d8ee3bfe8778cdd1db27	Vembu Technologies	vembustoregrid
venafi,907373444553d8ee3bfe8778cdd213bc	Venafi	venafi
venturedna,907373444553d8ee3bfe8778cdd53c4d	VentureDNA	venturedna
verge-systems,907373444553d8ee3bfe8778cdd8a2c4	Verge Systems	vergesystems
veri-qual,907373444553d8ee3bfe8778cdd8b806	Veri Qual	veriqual
verified-person,907373444553d8ee3bfe8778cdd9ad5b	Verified Person	verifiedperson
verum,907373444553d8ee3bfe8778cddde958	Verum	VerumMarketing
vesternet,907373444553d8ee3bfe8778cddeda90	Vesternet	vesternetuk
viadeo,907373444553d8ee3bfe8778cde1bc70	Viadeo	viadeo
vialect-2,907373444553d8ee3bfe8778cde1e114	Vialect	Noodle_news
vigilent,907373444553d8ee3bfe8778cdea115c	Vigilent	vigilent
virgin-games,907373444553d8ee3bfe8778cdef25f8	Virgin Games	virgingames
virtuos,907373444553d8ee3bfe8778cdf362a1	Virtuos	virtuosgames
volicon,40effe5288e80a75577c6fc0580377c3	Volicon	Volicon
volo-designs,40effe5288e80a75577c6fc05803a494	Volo Designs	volodesigns
voon,40effe5288e80a75577c6fc05804fb54	Voon	voonapps
vostrostone,40effe5288e80a75577c6fc058061c19	Vostrostone	vostrostone
vudu,40effe5288e80a75577c6fc0580aae6b	Vudu	vudufans
vyke,40effe5288e80a75577c6fc0580c3a11	Vyke	VykeMobile
wakensys,40effe5288e80a75577c6fc0580f48d1	Wakensys	wakensys
web-media-corporation,e054627bc6b1f1d8cb812cce42618f7e	Onlinewebmedia Corporation	owdirectory
webbasedcron,40effe5288e80a75577c6fc058213c61	WebBasedCron	webbasedcron
webbiznetworks-llc,40effe5288e80a75577c6fc058216724	WebBizIdeas	webbizideas
weightlosswars,40effe5288e80a75577c6fc0583066a2	Weightlosswars	weightlosswars
welford-media-ltd,40effe5288e80a75577c6fc058313182	Welford Media Ltd	welfordmedia
white-cat-media,5885c8f942b2d53de0f9ff90e1feca8a	SheFinds Media 	shefinds
white-rabbit-express,40effe5288e80a75577c6fc0583c01fb	White Rabbit Express	whiterabbitexp
wingsoft-technology-llc,40effe5288e80a75577c6fc05849c11e	Wingsoft Technology LLC	wingsoft_techno
winmark-business-solutions,40effe5288e80a75577c6fc0584a1be2	Winmark Business Solutions	wbsonline
winwinhost,40effe5288e80a75577c6fc0584b1d30	WinWinHost	winwinhost
wiredset,40effe5288e80a75577c6fc0584c23e2	Wiredset	wiredset
wisebeetle,40effe5288e80a75577c6fc0584da28f	WiseBeetle	wisebeetle
wojo-design,40effe5288e80a75577c6fc058523685	Wojo Design	wojodesign
workspeed-2,40effe5288e80a75577c6fc05859a23a	Workspeed	workspeed
worldwide-supply,40effe5288e80a75577c6fc0585d321e	Worldwide Supply	worldwidesupply
wow-group,40effe5288e80a75577c6fc0585e1441	WOW group	wow_gr
xamance,40effe5288e80a75577c6fc0586bf043	Xamance	Xambox_Anywhere
xirrus,40effe5288e80a75577c6fc05871ee1a	Xirrus	xirrus
xsigo,40effe5288e80a75577c6fc05875e0cf	Xsigo	xsigo
xsolve,40effe5288e80a75577c6fc05875fa4d	XSolve	xsolve
xsolve-software-house,40effe5288e80a75577c6fc058760740	XSolve Software House	xsolve
xwiki,40effe5288e80a75577c6fc0587804eb	XWiki	XWiki
xyzmo-significant-group,40effe5288e80a75577c6fc0587865af	xyzmo SIGNificant	xyzmo
your-online-business,40effe5288e80a75577c6fc05889be03	Your Online Business	tonypfitzner
yousendit,40effe5288e80a75577c6fc0588c134c	YouSendIt	yousendit
ze-gen,40effe5288e80a75577c6fc058967608	Ze-gen	zegen_inc
zieltraffic,40effe5288e80a75577c6fc0589ee85a	Zieltraffic	zieltrafficag
zoove,40effe5288e80a75577c6fc058aa6e18	Zoove	Zoove
