1bog,e054627bc6b1f1d8cb812cce42580468	One Block Off the Grid (1BOG)	1BOG	2008	5000000
abcam-2,5fae06029bbe793553b81c6aca05db15	Abcam	abcam	1998	0
accunostics,5fae06029bbe793553b81c6aca118604	AccuNostics	AccuNostics	null	4000000
acro-energy-technologies,5fae06029bbe793553b81c6aca15a238	Acro Energy Technologies	acroenergy	2007	0
actio-corporation-software,5fae06029bbe793553b81c6aca1750c5	Actio Corporation (software)	ActioCorp	1996	0
ad3energy,5fae06029bbe793553b81c6aca1dadf0	AD3energy	ad3energy	2011	0
aerofarms,5fae06029bbe793553b81c6aca36df03	AeroFarms	AeroFarms	2004	500000
agsquared,5fae06029bbe793553b81c6aca427f3d	AgSquared	agsquared	2009	0
air-and-gas-systems,5fae06029bbe793553b81c6aca4520dc	Air and Gas Systems	AirAndGas	null	0
all-trend-tech,5fae06029bbe793553b81c6aca54e753	All Trend Tech	alltrendtech	2012	0
ambiente-motors,5fae06029bbe793553b81c6aca6601cd	Ambiente Motors	ambientemotors	2009	0
amee,5fae06029bbe793553b81c6aca6710fe	AMEE	ameeHQ	2005	5500000
ants-labs,5fae06029bbe793553b81c6aca79ef26	Ants Labs	joinants	2012	0
antsonwheels,5fae06029bbe793553b81c6aca79eeda	Ants	joinants	2012	0
aptwater,5fae06029bbe793553b81c6aca90c2b1	APTwater	APTwater	null	0
arcanatura-llc,5fae06029bbe793553b81c6aca9463f2	ArcaNatura LLC	arcanaturausa	null	390000
arizona-instrument,5fae06029bbe793553b81c6aca99a289	Arizona Instrument 	AZInstrument	1981	0
arvys-proteins-inc,5fae06029bbe793553b81c6acaa1ca76	Arvys Proteins Inc.	arvys_proteins	2006	0
assay-depot,5fae06029bbe793553b81c6acaa8f347	Assay Depot	assaydepot	2007	3500000
autogenomics,5fae06029bbe793553b81c6acabe74b3	AutoGenomics	AutoGenomics	null	12000000
avomeen-analytical-services,5fae06029bbe793553b81c6acac858e5	Avomeen Analytical Services	Avomeen	2010	0
barotex-technology-corporation,5fae06029bbe793553b81c6acade573a	Barotex Technology Corporation	BarotexTech	2004	0
better-place,5fae06029bbe793553b81c6acaf806b1	Better Place	btrplc	2007	676000000
bi2green-2,5fae06029bbe793553b81c6acafc2a3b	Bi2Green	bi2green	2010	0
bio-synthesis-inc,fb79c1faa23e6537889b8b58ca07269c	Bio-Synthesis Inc	bio_synthesis	null	0
biocroi,fb79c1faa23e6537889b8b58ca08359e	Biocroi	biocroi	null	0
biodata,fb79c1faa23e6537889b8b58ca08538b	BioData	Labguru	2007	0
biofuelschat,fb79c1faa23e6537889b8b58ca08d306	BioFuelsChat	BioFuelsChat	2007	0
biohub,fb79c1faa23e6537889b8b58ca0911f3	BioHub	BioHubOnline	2009	0
biomatik-corporation,fb79c1faa23e6537889b8b58ca09a07c	Biomatik Corporation	biomatikcorp	2002	0
bioregional,fb79c1faa23e6537889b8b58ca0b1383	BioRegional	BioRegional	1992	0
blogotech,fb79c1faa23e6537889b8b58ca1f181d	BlogoTech	Blog_Tech	2011	0
blue-marble-energy-corp,fb79c1faa23e6537889b8b58ca239596	Blue Marble Energy Corp.	bme_tweet	2005	0
blue-ox-irrigation,fb79c1faa23e6537889b8b58ca23f1ed	Blue Ox Water	blueox_water	2008	0
blue-water-satellite,fb79c1faa23e6537889b8b58ca24e95c	Blue Water Satellite	jimharpen	2009	0
bluediode,fb79c1faa23e6537889b8b58ca25c82e	BlueDiode	bluediodeteam	2011	0
bodymedia,fb79c1faa23e6537889b8b58ca2da430	BodyMedia	bodymedia	1999	12000000
boston-heart-lab,fb79c1faa23e6537889b8b58ca3955dd	Boston Heart Diagnostics	BostonHeartDX	null	10000000
braasch-biotech-llc,fb79c1faa23e6537889b8b58ca3d2b2f	Braasch Biotech LLC	braaschbio	2008	0
brain-science,fb79c1faa23e6537889b8b58ca3de5b8	Brain & Science	braindesire	null	0
brammo,fb79c1faa23e6537889b8b58ca40197a	Brammo	BrammoSays	2002	40500000
brd-motorcycles,fb79c1faa23e6537889b8b58ca443362	BRD Motorcycles	BRDmoto	2010	0
breathing-buildings,fb79c1faa23e6537889b8b58ca4523a6	Breathing Buildings	BreathingBuild	2006	110000
brighter-planet,fb79c1faa23e6537889b8b58ca493641	Brighter Planet	brighterplanet	2006	0
brightergy,fb79c1faa23e6537889b8b58ca49407d	Brightergy	brightergy	2003	2500000
brightstar-solar,fb79c1faa23e6537889b8b58ca4a59a2	Brightstar Solar	brightstarsolar	2009	0
buzzertwit,c61e6a5dd61ef3ac28d02c864e35865e	CrunchMeme	CrunchMeme	2010	0
byke,fb79c1faa23e6537889b8b58ca66d3ab	Byke	bykemobi	2010	0
carbon-calculated,fb79c1faa23e6537889b8b58ca7ff8b6	Carbon Calculated	carbonhq	2010	0
carbon-guerrilla,fb79c1faa23e6537889b8b58ca801bc3	Carbon Guerrilla	Guerrillatweet	null	0
carbon-voyage,fb79c1faa23e6537889b8b58ca8027d8	Carbon Voyage	carbonvoyage	null	0
carbontwin,fb79c1faa23e6537889b8b58ca8078b7	CarbonTwin	carbontwin	2007	0
castion,fb79c1faa23e6537889b8b58ca8d7a2f	Castion	castion_corp	null	0
cavetronics-r-d-energy-labs,fb79c1faa23e6537889b8b58ca9138f1	Cavetronics R&D Energy Labs	cavetronics	null	0
cd-diagnostics,fb79c1faa23e6537889b8b58ca934ac3	CD Diagnostics	CDDiagnostics	2008	275000
cervilenz,fb79c1faa23e6537889b8b58caa0b24a	Cervilenz	CerviLenz	2008	14100000
citola,fb79c1faa23e6537889b8b58cabe85ce	Citola	citola	2008	0
civicsolar,fb79c1faa23e6537889b8b58cac1f714	CivicSolar	civicsolar	2009	455000
clc-bio,fb79c1faa23e6537889b8b58cac797e4	CLC bio	CLCbio	2005	0
clean-green-guy-inc,e054627bc6b1f1d8cb812cce425dfa81	OnGreen	ongreeninc	2009	1400000
cleangrow,fb79c1faa23e6537889b8b58cac85161	CleanGrow	CleanGrow	2009	0
cleantechgrid,fb79c1faa23e6537889b8b58cac8c39e	CleanTechGrid	cleantechgrid	null	0
cleantechpr-agency,fb79c1faa23e6537889b8b58cac8d496	CleantechPR Agency	cleantechagency	2009	0
cleantick,fb79c1faa23e6537889b8b58cac8daf7	CleanTick	cleantick	2010	0
cleantricity-power,fb79c1faa23e6537889b8b58cac8e4ad	CLEANtricity Power	cleantricity	2009	0
climate-change-capital-ltd,fb79c1faa23e6537889b8b58cad1a412	Climate Change Capital Ltd	Jamesogradycam	2003	0
clinipace-worldwide,fb79c1faa23e6537889b8b58cad260e1	Clinipace WorldWide	clinipace	2003	15000000
co2stats,fb79c1faa23e6537889b8b58cadf22ee	CO2Stats	co2stats	2008	0
cold-crate,fb79c1faa23e6537889b8b58cae92be7	Cold Crate	ColdCrate	2010	0
comparemysolar,fb79c1faa23e6537889b8b58caf7a69b	CompareMySolar	comparemysolar	2010	0
comverge,fb79c1faa23e6537889b8b58cafe1a3e	Comverge	comverge	1997	0
connectbiotech,c61e6a5dd61ef3ac28d02c864e047ea9	ConnectBiotech	connectbiotech	2009	0
cooler,c61e6a5dd61ef3ac28d02c864e12106a	Cooler	climatecooler	null	0
cpower,c61e6a5dd61ef3ac28d02c864e2331cf	CPower	cpowered	2000	27680000
crimsonbase,c61e6a5dd61ef3ac28d02c864e2d8e4e	CrimsonBase	CrimsonBase	2008	0
cryo-cell-international,c61e6a5dd61ef3ac28d02c864e360f82	Cryo-Cell International	CryoCell	1989	0
csrhub,c61e6a5dd61ef3ac28d02c864e37bf6b	CSRHUB	csrhub	2007	0
csrware,c61e6a5dd61ef3ac28d02c864e37ca31	CSRware	CSRware	2006	0
curb-surf,c61e6a5dd61ef3ac28d02c864e3d105d	Curb Surf	CurbSurf	2011	0
cybervally,c61e6a5dd61ef3ac28d02c864e441771	CyberVally	cybervally	2010	0
cyclus-id,c61e6a5dd61ef3ac28d02c864e44d85b	Cyclus ID	cyclusid	2002	0
cytorex-biosciences,c61e6a5dd61ef3ac28d02c864e47b3f4	Cytorex Biosciences	cytorex	2000	0
d-light-design,c61e6a5dd61ef3ac28d02c864e48b161	D.light Design	dlightdesign	null	11500000
d-light-design,c61e6a5dd61ef3ac28d02c864ebc134d	D.light Design	dlightdesign	null	11500000
daimer-industries,c61e6a5dd61ef3ac28d02c864e4cfb4f	Daimer Industries	daimer_inc	1974	0
daimer-industries,c61e6a5dd61ef3ac28d02c864ec051f3	Daimer Industries	daimer_inc	1974	0
daintree-networks,c61e6a5dd61ef3ac28d02c864e4d27cb	Daintree Networks	daintreenet	2003	8000000
daintree-networks,c61e6a5dd61ef3ac28d02c864ec07843	Daintree Networks	daintreenet	2003	8000000
deco-lighting,c61e6a5dd61ef3ac28d02c864e667a72	Deco Lighting	getdeco	null	0
deco-lighting,c61e6a5dd61ef3ac28d02c864ed9aae2	Deco Lighting	getdeco	null	0
dementiaguide,c61e6a5dd61ef3ac28d02c864e7a7119	DGI Clinical	DGIClinical	null	0
dementiaguide,c61e6a5dd61ef3ac28d02c864eecb5f8	DGI Clinical	DGIClinical	null	0
diagenode,c61e6a5dd61ef3ac28d02c864e7b6546	Diagenode	diagenode	2003	0
diagenode,c61e6a5dd61ef3ac28d02c864eedc004	Diagenode	diagenode	2003	0
digital-lumens,c61e6a5dd61ef3ac28d02c864e841e05	Digital Lumens	digitallumens	2008	16300645
digital-lumens,c61e6a5dd61ef3ac28d02c864ef7dffe	Digital Lumens	digitallumens	2008	16300645
dimples,c61e6a5dd61ef3ac28d02c864e8b2f32	Dimples	GetDimples	2010	0
dimples,c61e6a5dd61ef3ac28d02c864eff1ea3	Dimples	GetDimples	2010	0
divya-energy,4b9962595d7ff850d591b39c0009518e	Divya Energy	divyaenergy	null	0
divya-energy,c61e6a5dd61ef3ac28d02c864e9568c7	Divya Energy	divyaenergy	null	0
docturnal,4b9962595d7ff850d591b39c000f2eba	docturnal	docturnal_India	2010	0
docturnal,c61e6a5dd61ef3ac28d02c864e9ae83d	docturnal	docturnal_India	2010	0
dp-alternative-energy-designs,4b9962595d7ff850d591b39c001cb93a	DP Alternative Energy Designs	DPENERGYDESIGNS	2010	0
dp-alternative-energy-designs,c61e6a5dd61ef3ac28d02c864ea80062	DP Alternative Energy Designs	DPENERGYDESIGNS	2010	0
draker-laboratories,4b9962595d7ff850d591b39c001e338f	Draker 	drakerenergy	1999	5085000
draker-laboratories,c61e6a5dd61ef3ac28d02c864ea9b048	Draker 	drakerenergy	1999	5085000
duducars,4b9962595d7ff850d591b39c0029217e	Duducars	DuducarsCN	2011	0
duducars,c61e6a5dd61ef3ac28d02c864eb4d74f	Duducars	DuducarsCN	2011	0
dynamo-labs,4b9962595d7ff850d591b39c002eb005	Dynamo Labs	dynamolabs	2008	0
dynamo-labs,c61e6a5dd61ef3ac28d02c864eba2d1e	Dynamo Labs	dynamolabs	2008	0
e-tag,4b9962595d7ff850d591b39c0033d254	e-Tag	etag_ID	2008	0
eagle-genomics,4b9962595d7ff850d591b39c00354f46	Eagle Genomics	eaglegen	2008	0
earthsmart-networks,4b9962595d7ff850d591b39c0036f6b3	EarthSmart Networks	EarthSmartNet	2004	0
eco2market,4b9962595d7ff850d591b39c00428c90	eCO2market	eco2data	2009	0
ecoatm,4b9962595d7ff850d591b39c0042affd	ecoATM	ecoatm	2008	31400000
ecofactor,4b9962595d7ff850d591b39c00433853	EcoFactor	EcoFactorCo	2006	5900000
ecogii-energy-labs,4b9962595d7ff850d591b39c00435f9e	Ecogii Energy Labs	ecoplenty	2012	500000
ecologic-llc,4b9962595d7ff850d591b39c0043c280	EcoLogic LLC	eco_logic	2010	0
ecometrica,4b9962595d7ff850d591b39c00440f54	Ecometrica	_ecometrica	null	250000
ecovadis,4b9962595d7ff850d591b39c00462080	EcoVadis	pierrov	2007	1400000
ecovative-designs,4b9962595d7ff850d591b39c00462691	Ecovative Design	ecovative	2007	0
ecycler,4b9962595d7ff850d591b39c0046c8c1	ecycler	ecycler	2009	0
efficiency2-0,4b9962595d7ff850d591b39c004e8acd	Efficiency2.0	efficiency20	null	0
ehr-doctors,4b9962595d7ff850d591b39c00525908	EHR Doctors	ehrdoctors	null	0
emeter,4b9962595d7ff850d591b39c00649b42	eMeter	emeter	1999	68790000
energie-praemisse,4b9962595d7ff850d591b39c006dacea	Energie Praemisse	kWIQly	2008	0
energy-acuity,4b9962595d7ff850d591b39c006dde68	Energy Acuity	energyacuity	2007	0
energy-points,4b9962595d7ff850d591b39c006e4163	Energy Points	EnergyPoints	2011	3000000
energy-xtreme,4b9962595d7ff850d591b39c006e6ed3	Energy Xtreme	energyxtreme	null	0
enio,4b9962595d7ff850d591b39c00721cee	Enio	enio_uk	2010	0
envigence,4b9962595d7ff850d591b39c0079f155	Envigence	ENVIGENCE	2010	0
epharmasolutions,4b9962595d7ff850d591b39c007c8344	ePharmaSolutions	ePharmaSolution	null	0
epplament-energy,4b9962595d7ff850d591b39c007f4ddf	Epplament Energy	epplament	2008	15000000
equal-networks,4b9962595d7ff850d591b39c0080caac	EQUAL Networks	equalnetworks	2007	0
eragy,4b9962595d7ff850d591b39c0082f4fa	Eragy	eragyinc	2010	0
eralos3,4b9962595d7ff850d591b39c00830dff	eRALOS3	eRALOS3	2010	100000
euroscicon,4b9962595d7ff850d591b39c0090be9d	Euroscicon	euroscicon	null	0
everist-genomics,4b9962595d7ff850d591b39c00965c77	Everist Genomics	EveristGenomic	null	0
evhub-in,4b9962595d7ff850d591b39c009881ea	EVHUB.IN	evhub	2008	0
evimed-online,4b9962595d7ff850d591b39c00994e58	Evimed Online	Evimed	2009	0
fenix-international,4b9962595d7ff850d591b39c00c4f597	Fenix International	fenixintl	2009	0
flibe-energy,4b9962595d7ff850d591b39c00e3496e	Flibe Energy	FlibeEnergy	2011	0
flinc,4b9962595d7ff850d591b39c00e462ac	flinc	flinc	2010	0
florakim-kimya-deterjan-sanayi,4b9962595d7ff850d591b39c00e76cd4	Florakim Kimya Deterjan Sanayi	florakimkimya	1997	0
flux-power,4b9962595d7ff850d591b39c00eace92	Flux Power	FLUXpwr	2009	0
formative-labs,4b9962595d7ff850d591b39c00f67701	Formative Labs 	Formativelabs	2010	0
foundation-radiology-group,4b9962595d7ff850d591b39c00fae253	Foundation Radiology Group	FoundationRad	null	10000000
franquicias-rentables-zona-verde-consumibles,bb00443be334273f59d3ef19d10067c0	Franquicias rentables Zona Verde Consumibles	zonaconsumibles	2004	0
free-dentist-finder,bb00443be334273f59d3ef19d1025f8b	Free Dentist Finder	dentistfinder4U	null	0
freecleansolar,bb00443be334273f59d3ef19d10373a2	FreeCleanSolar	FreeCleanSolar	2007	0
freegreen,bb00443be334273f59d3ef19d1043973	FreeGreen	FreeGreen	2008	0
french-greentech,bb00443be334273f59d3ef19d1078697	French Cleantech	Frenchcleantech	2007	0
furnicology,bb00443be334273f59d3ef19d1159fca	Furnicology	furnicology	2009	0
gaia-human-capital-consultants,bb00443be334273f59d3ef19d11dc7cf	Gaia Human Capital Consultants	cleantechsearch	2006	0
gauss-surgical,bb00443be334273f59d3ef19d129eccf	Gauss Surgical	gausssurgical	2011	0
gen110,bb00443be334273f59d3ef19d130b773	Gen110	gen110	2009	0
genome-technology-access-center,bb00443be334273f59d3ef19d135bb56	Genome Technology Access Center	sdcrosby	2009	0
geostellar,bb00443be334273f59d3ef19d13948a4	Geostellar	geostella	2011	28500000
get-neutral,bb00443be334273f59d3ef19d13b94a4	Get-neutral	getneutral	2011	0
getaround,bb00443be334273f59d3ef19d13bcc38	Getaround	getaround	2009	5125000
ghost-ryder-technologies,bb00443be334273f59d3ef19d13f2fba	Ghost Ryder Technologies	cherose228	2009	0
global-renewable-energy-network-green,bb00443be334273f59d3ef19d14f6d04	Global Renewable Energy Network (GReEN)	greenjuncture	2008	0
glostream,bb00443be334273f59d3ef19d1542ccd	gloStream	glostream	null	7500000
gns-healthcare,bb00443be334273f59d3ef19d156c0ad	GNS Healthcare	gnshealthcare	2000	5000000
gogreensolar-com,bb00443be334273f59d3ef19d15bb8e4	GoGreenSolar.com	gogreensolar	2006	0
goss132,bb00443be334273f59d3ef19d1675f8d	Goss132	goss132	2008	0
greatpoint-energy,bb00443be334273f59d3ef19d17264ee	GreatPoint Energy	GPEnergy	2004	562000000
green-buildings-com,bb00443be334273f59d3ef19d1753b89	Green-Buildings.com	leedga	2009	0
green-car-guide,bb00443be334273f59d3ef19d173259b	Green Car Guide	GreenCarGuide	2006	0
green-energy-options,bb00443be334273f59d3ef19d1737fc7	Green Energy Options	GEOmonitors	2006	2640000
green-house-data,bb00443be334273f59d3ef19d173c912	Green House Data	greenhousedata	2007	0
green-job-spider,bb00443be334273f59d3ef19d17419e2	Green Job Spider	greenjobspider	2010	0
green-prophet,bb00443be334273f59d3ef19d174dd5c	Green Prophet	greenprophet	2007	0
green-wavelength,bb00443be334273f59d3ef19d17525c4	Green Wavelength	greenwavelength	2009	0
greenbox-group-ltd,bb00443be334273f59d3ef19d17589a6	GreenBox Group Ltd	GreenBox_Grp	2008	0
greener-world-media,bb00443be334273f59d3ef19d1756234	GreenBiz Group	greenbiz	2000	1400000
greenforce-energy,bb00443be334273f59d3ef19d1767409	Greenforce Energy	greenforcesolar	null	0
greenhouse-solar,bb00443be334273f59d3ef19d176aa3d	Greenhouse Solar	GreenhouseSolar	2010	0
greeniters,bb00443be334273f59d3ef19d176e401	GreenITers	greeniters	2009	0
greennurture,bb00443be334273f59d3ef19d177b096	GreenNurture	greennurture	null	0
greenovated-energy,bb00443be334273f59d3ef19d177ef02	Greenovated Energy	greenovated	2007	0
greenpeeps,bb00443be334273f59d3ef19d1781cce	Greenpeeps	greenpeeps_inc	null	0
greenpowermonitor,bb00443be334273f59d3ef19d1785a49	GreenPowerMonitor	GPMmonitoring	2007	0
greenray-solar,bb00443be334273f59d3ef19d1786a09	GreenRay Solar	greenraysolar	2006	2000000
greenscroll,bb00443be334273f59d3ef19d1788ca6	Greenscroll	greenscroll	2009	0
greentown-labs,bb00443be334273f59d3ef19d178ee7e	Greentown Labs	GreentownLabs	2011	0
greenvironment,bb00443be334273f59d3ef19d17907a7	Greenvironment	Greenvironment_	null	0
gridglo,bb00443be334273f59d3ef19d17ad81a	GridGlo	gridglo	2010	1200000
gridspy,bb00443be334273f59d3ef19d17b5905	Gridspy	gridspy	2008	0
grosolar,bb00443be334273f59d3ef19d17dcf9c	groSolar	jeff_groSolar	null	2500000
growers-secret,'bb00443be334273f59d3ef19d181ad58	Grower''s Secret	Growers_Secret	1998	0'
guru-grow-lightns,bb00443be334273f59d3ef19d18ae58a	Guru Grow Lightns	GuruGrowLights	null	0
guru-grow-lights,bb00443be334273f59d3ef19d18aec8c	Guru Grow Lights	gurugrowlights	2009	0
harpya,bb00443be334273f59d3ef19d1980387	Harpya	harpyas	2011	0
health-imaging-hub,bb00443be334273f59d3ef19d19ef36b	Health Imaging Hub	healthimghub	2008	0
healthcanal,bb00443be334273f59d3ef19d19fa9af	HealthCanal	healthcanal	2008	0
heliopower,bb00443be334273f59d3ef19d1a60a63	HelioPower	HelioPowerCo	2001	0
helix-wind,bb00443be334273f59d3ef19d1a692e1	Helix Wind	helixwind	2006	0
hop-cube,bb00443be334273f59d3ef19d1c215f9	Hop-Cube	hop_cube	2009	0
hurricane-wind-power,bb00443be334273f59d3ef19d1d5a4fb	Hurricane Wind Power	HurricanePower	2009	0
hydrostor,bb00443be334273f59d3ef19d1d78b1e	Hydrostor	hydrostor	2010	0
i-linc-technologies,bb00443be334273f59d3ef19d1dcf967	i-Linc Technologies	iLincTech	null	0
iamgreen,bb00443be334273f59d3ef19d1df844c	iamgreen	sayiamgreen	2009	0
identytech,bb00443be334273f59d3ef19d1ee3474	IdentyTech	Identytech	2010	0
idex-asa,bb00443be334273f59d3ef19d1eee148	IDEX ASA	idexasa	1996	0
idleair,bb00443be334273f59d3ef19d1eff36f	IdleAir	IdleAir	null	3000000
ievo,bb00443be334273f59d3ef19d1f1a7e3	ievo	ievoreader	2009	0
iguard,83097a0e1641e8eda5b5ac717e5d92b0	MediGuard	mediguard	2007	0
illustraetit,bb00443be334273f59d3ef19d1f9a029	Illustraetit	Illustraetit	1987	0
imagine-h2o,bb00443be334273f59d3ef19d1fc24d9	Imagine H2O	ImagineH2O	null	0
immunoscience-inc,'597e595b22c7371d2769eb1fa000e69b	ImmunoScience, Inc.	immunoscience	1994	0'
individual-designer-gearturbine-project,597e595b22c7371d2769eb1fa00f1495	Individual Designer - Gearturbine Project	gearturbine	1991	0
innovation-choice-group,597e595b22c7371d2769eb1fa02356aa	Innovation Choice Group	P2P_Research	2011	0
innovative-labs,597e595b22c7371d2769eb1fa0240a87	Innovative Labs	innovativelabs1	2007	0
inovus-solar,597e595b22c7371d2769eb1fa0260247	Inovus Solar	inovussolar	null	860000
intelen,597e595b22c7371d2769eb1fa0326434	Intelen	intelen	2009	0
intelen-com,597e595b22c7371d2769eb1fa0326753	Intelen.com	intelen	2009	0
intelligent-energy,597e595b22c7371d2769eb1fa0343d86	Intelligent Energy	intellenergy	2001	89970000
inventys-thermal-technologies,597e595b22c7371d2769eb1fa046d476	Inventys Thermal Technologies	inventysinc	null	0
isentio,597e595b22c7371d2769eb1fa0583c76	Isentio	isentio	2005	1500000
ist-energy,597e595b22c7371d2769eb1fa05b3fc7	IST Energy	IST_Energy	null	0
itera-international-energy,597e595b22c7371d2769eb1fa05f5645	Itera International Energy	IteraEnergy	null	0
j2p-usa,597e595b22c7371d2769eb1fa0699d4b	J2P USA	j2pusa	2012	0
janitorial-services,597e595b22c7371d2769eb1fa06e5b0e	Janitorial Services	greatjanitor	2001	0
jetlun-corporation,597e595b22c7371d2769eb1fa074b8ce	Jetlun Corporation	jetlun	null	0
justshareit,597e595b22c7371d2769eb1fa08bcf18	JustShareIt	justshareitnow	2011	500000
kavo-brazil,597e595b22c7371d2769eb1fa09831bd	Kavo Brazil	kavooficial	1960	0
kgm,597e595b22c7371d2769eb1fa0a25270	KGM	kgmwater	2009	0
kirei-usa,597e595b22c7371d2769eb1fa0aa81e2	Kirei USA	kireiusa	2003	0
klaushofer,597e595b22c7371d2769eb1fa0ad2d7b	Klaushofer	klaushofer	1993	0
koshika-life-sciences-academy,597e595b22c7371d2769eb1fa0b8cc5f	Koshika LifeSciences Academy	koshikabio	2008	0
kwhours,597e595b22c7371d2769eb1fa0c21f13	kWhOURS	kwhours	2009	135000
labome,597e595b22c7371d2769eb1fa0c69816	Labome	labome	2004	0
led-grow-master-global,597e595b22c7371d2769eb1fa0dac6c0	LED Grow Master Global	LEDGrowMaster	2004	0
lee-biosolutions,597e595b22c7371d2769eb1fa0db32cd	Lee Biosolutions 	leebio	null	0
lestis-wind-hydro-solar,'597e595b22c7371d2769eb1fa0e166de	Lestis Wind, Hydro & Solar	lestisgroup	2009	10000000'
leyden-energy,597e595b22c7371d2769eb1fa0e5b9e6	Leyden Energy	LeydenEnergy	2007	20000000
liberty-electric-cars,597e595b22c7371d2769eb1fa0e6aa8d	Liberty Electric Cars	Elec_Car_Plane	2006	0
lifetime-health-diary,597e595b22c7371d2769eb1fa0ea7dfa	Lifetime Health Diary	lifehealthdiary	2010	0
lighthouse-solar,597e595b22c7371d2769eb1fa0ebb039	Lighthouse Solar	lighthousesolar	2006	0
lion-alternative-energy,597e595b22c7371d2769eb1fa0f603ac	Lion Alternative Energy	Kostas_LIAPIS	1997	0
locus-energy,83097a0e1641e8eda5b5ac717e0913af	Locus Energy	locus_energy	2007	0
longenex,83097a0e1641e8eda5b5ac717e0f1ba3	Longenex	longenex	2010	0
lumenergi,83097a0e1641e8eda5b5ac717e1a34a7	Lumenergi	Lumenergi_Inc	2008	26400000
lumigrow,83097a0e1641e8eda5b5ac717e1ad767	LumiGrow	lumigrow	null	0
magnegas-corporation,83097a0e1641e8eda5b5ac717e2a4ad8	MagneGas Corporation	MagneGas	2007	0
managed-server-and-cloud-computing-blog,83097a0e1641e8eda5b5ac717e33afae	Managed Server and Cloud Computing Blog	onlinetech	null	0
manodo,83097a0e1641e8eda5b5ac717e365e2f	Manodo	manodo	1999	0
material-mix,83097a0e1641e8eda5b5ac717e47608e	Material Mix	MaterialMixLLC	2011	100000
materna-medical,83097a0e1641e8eda5b5ac717e476e73	Materna Medical	materna_medical	2007	1000000
matter-network,83097a0e1641e8eda5b5ac717e48c83a	Matter Network	matternetwork	2008	0
medivantix-technologies,83097a0e1641e8eda5b5ac717e5eba90	Medivantix Technologies	medivantix	2011	100000
medsynergies,83097a0e1641e8eda5b5ac717e6021a1	MedSynergies	MedSynergies	null	25000000
mercom-capital-group,83097a0e1641e8eda5b5ac717e6b6b63	Mercom Capital Group	Mercom	null	0
microvi-biotechnologies,83097a0e1641e8eda5b5ac717e7cfbad	Microvi Biotechnologies	Microvibiotech	null	0
mission-motors,83097a0e1641e8eda5b5ac717e8deb30	Mission Motors	MissionMotors	2007	12400000
mobiapp10-news,08ea75d0b39da8eeca1e9129c7eb9887	Tech mobiapp10	mobiapp10	2012	0
mobilorama,83097a0e1641e8eda5b5ac717e9d9c25	mobilorama	mymobilorama	2010	0
molplex,83097a0e1641e8eda5b5ac717ea8e682	Molplex	molplex	2010	100000
momentum-dynamics-corp,83097a0e1641e8eda5b5ac717ea98b86	Momentum Dynamics Corp	momentumdynamic	null	0
monextel,83097a0e1641e8eda5b5ac717eab603d	MonExTel	monextel	2009	0
montage-healthcare-solutions,83097a0e1641e8eda5b5ac717eaefefb	Montage Healthcare Solutions	montagehealth	2010	0
my-diabetes-home,83097a0e1641e8eda5b5ac717ece1a7c	My Diabetes Home	MyDiabetesHome	2009	0
myalert,5fae06029bbe793553b81c6aca500ce6	AlertMe	alertmesays	2006	28000000
mydrugcosts,83097a0e1641e8eda5b5ac717ed5e1b5	myDrugCosts	mydrugcosts	2010	0
myspeaker-system,83097a0e1641e8eda5b5ac717edf471a	MySpeaker System 	myspeakersystem	null	0
netcycler,e054627bc6b1f1d8cb812cce420280f9	Netcycler	netcycler	2008	1500000
new-edison-lights,e054627bc6b1f1d8cb812cce420e38cd	New Edison Lights	NewEdison	2011	0
niti-surgical-solutions,e054627bc6b1f1d8cb812cce42240f06	Niti Surgical Solutions	nitisurgical	1996	18500000
ntera-studio,e054627bc6b1f1d8cb812cce4238a1b4	Ntera Studio	ntera_do	2011	0
nuretix-research-labs-llc,'e054627bc6b1f1d8cb812cce423d23a4	Nuretix Research Labs, LLC	safe_weightloss	null	0'
nutra-pharma,e054627bc6b1f1d8cb812cce423ddc2f	Nutra Pharma	nutrapharma	null	0
offset-options,e054627bc6b1f1d8cb812cce424d1a4b	Offset Options	OffsetLuke	null	0
one-billion-watts,e054627bc6b1f1d8cb812cce425800fe	One Billion Watts	OneBillionWatts	2012	0
opower,e054627bc6b1f1d8cb812cce426f46ee	Opower	opower	2007	65700000
orasi-medical,'e054627bc6b1f1d8cb812cce4275aad6	Orasi Medical, Inc.	OrasiMedical	2007	3500000'
ost-energy,e054627bc6b1f1d8cb812cce427dd1eb	OST Energy	ost_energy	2008	0
ovascience,e054627bc6b1f1d8cb812cce42835fb6	OvaScience	OvaScience	null	43000000
oxford-immunotec,e054627bc6b1f1d8cb812cce4286bf6d	Oxford Immunotec	TBDiagnosis	2002	101000000
pacsdrive,e054627bc6b1f1d8cb812cce428bfef5	PacsDrive	pacsdrive	2009	0
pathway-genomics,e054627bc6b1f1d8cb812cce42a030ed	Pathway Genomics	PathwayGenomics	2008	0
patientsafe-solutions,e054627bc6b1f1d8cb812cce42a09e1a	PatientSafe Solutions	PatientSafeSoln	2002	30000000
patientsville-com,e054627bc6b1f1d8cb812cce42a0c248	PatientsVille.com	patientsville	2007	0
pavegen-systems,e054627bc6b1f1d8cb812cce42a2079d	Pavegen Systems Ltd	pavegen	2009	0
peak-scientific,e054627bc6b1f1d8cb812cce42a9f4c1	Peak Scientific	peakscientific	null	0
pentalum-technologies,e054627bc6b1f1d8cb812cce42b03a34	Pentalum Technologies	pentalum_spida	2009	9500000
peopletowels,e054627bc6b1f1d8cb812cce42b2c5ce	PeopleTowels	PeopleTowels	null	0
phagenesis,e054627bc6b1f1d8cb812cce42bd9813	Phagenesis	phagenesis	2007	9000000
phalanx-biotech,e054627bc6b1f1d8cb812cce42bd9df8	Phalanx Biotech	OneArray	null	0
pharmacadence-analytical-services,e054627bc6b1f1d8cb812cce42bdd065	PharmaCadence Analytical Services	PharmaCadence	2008	0
picarro,e054627bc6b1f1d8cb812cce42c7c2cd	Picarro	Picarro	null	0
pietzo,e054627bc6b1f1d8cb812cce42cc156b	Pietzo	pietzo	null	0
pinemark,e054627bc6b1f1d8cb812cce42ce8d7d	PineMark	pinemark	2009	0
plentyways,e054627bc6b1f1d8cb812cce42e36b52	PlentyWays	plentyways	2009	0
pneumacare-2,e054627bc6b1f1d8cb812cce42e7ccba	PneumaCare 	PneumaCare	2009	2448000
podponics,e054627bc6b1f1d8cb812cce42e97223	PodPonics	podponics	null	725000
polo,e054627bc6b1f1d8cb812cce42ee282b	polo	bkprettyboyp	1986	0
practically-green,e054627bc6b1f1d8cb812cce42fc4cb4	Practically Green	practicallygrn	null	1750000
premier-solar,5885c8f942b2d53de0f9ff90e1007940	Premier Solar	premiersolar	2004	0
prenova,5885c8f942b2d53de0f9ff90e100e34d	Prenova	Prenova	2002	15650000
principle-power,5885c8f942b2d53de0f9ff90e109da01	Principle Power	principlepower	2007	2300000
proteus-biomedical,5885c8f942b2d53de0f9ff90e11daa75	Proteus Biomedical	proteusbiomed	null	25449979
psomasfmg,5885c8f942b2d53de0f9ff90e1228243	PsomasFMG	psomasfmg	2009	0
pure-watercraft,5885c8f942b2d53de0f9ff90e1296447	Pure Watercraft	PureWC	null	0
pvpower,5885c8f942b2d53de0f9ff90e12c884b	PVPower	pvpower_com	2009	1009000
qliance,5885c8f942b2d53de0f9ff90e13178d9	Qliance Medical Management	qliance	2006	6000000
quadroi,5885c8f942b2d53de0f9ff90e1351196	QuadROI	QuadROI	2011	160000
qualysense,5885c8f942b2d53de0f9ff90e136b71b	QualySense	QualySense	2010	850000
quelle,5885c8f942b2d53de0f9ff90e139ce0f	Quelle Energie	QuelleEnergie	2008	500000
quench,5885c8f942b2d53de0f9ff90e139d03e	Quench	quenchwater	null	69000000
rapid-micro-biosystems,5885c8f942b2d53de0f9ff90e14f6931	Rapid Micro Biosystems	rapidmicrobio	2006	27800000
recurve,5885c8f942b2d53de0f9ff90e162de80	Recurve	recurveus	2005	14000000
recyclebank,5885c8f942b2d53de0f9ff90e162e8cb	Recyclebank	RecycleBank	2004	85100000
recyclematch,5885c8f942b2d53de0f9ff90e16306d0	RecycleMatch	RecycleMatch	2009	620000
refactored-materials,5885c8f942b2d53de0f9ff90e16c10cf	Refactored Materials	refactoredmat	2009	0
reflectia,5885c8f942b2d53de0f9ff90e16cf427	Reflectia	_reflectia	2008	0
regen,5885c8f942b2d53de0f9ff90e16e3e6c	Regen	RegenLiving	2008	1602500
relayrides,5885c8f942b2d53de0f9ff90e170e0cc	RelayRides	relayrides	2008	12950000
renewable-energy-systems-uk,5885c8f942b2d53de0f9ff90e1758699	Renewable Energy Systems UK	solargreendeal	null	0
renova-energy-corp,5885c8f942b2d53de0f9ff90e175c39c	Renova Energy Corp.	renovaenergy	2007	0
reward-ride,5885c8f942b2d53de0f9ff90e1885b3c	Reward Ride	rewardride	2011	0
rnrounds,5885c8f942b2d53de0f9ff90e1960b91	RNRounds	nursesnetwork	2010	0
rock-it-oil,5885c8f942b2d53de0f9ff90e1996333	Rock-it Oil	RockitOil	null	0
rockethome,5885c8f942b2d53de0f9ff90e19ab478	ROCKETHOME	ROCKETHOME	2010	0
roxolar,5885c8f942b2d53de0f9ff90e1a4bdbe	Roxolar	roxolar	2009	0
runnr-me,5885c8f942b2d53de0f9ff90e1a9f9fe	Runnr.me	runnrme	2012	0
rve-sol-solucoes-de-energia-rural,5885c8f942b2d53de0f9ff90e1abbdc3	RVE.SOL - Solucoes de Energia Rural	rvesol	2010	337000
sanovas,5885c8f942b2d53de0f9ff90e1bdf336	Sanovas	sanovasinc	2010	350000
saurya-enertech,5885c8f942b2d53de0f9ff90e1c1f116	Saurya EnerTech	sauryaenertech	2008	0
scienergy,5885c8f942b2d53de0f9ff90e1ccaf60	SCIenergy	SCIenergy	null	17575424
se7li-com,5885c8f942b2d53de0f9ff90e1d4e9e4	se7li.com	se7licom	2007	0
sea-for-life,5885c8f942b2d53de0f9ff90e1d4fe5d	Sea For Life	SeaForLife	2007	0
sekhar-research-innovations,5885c8f942b2d53de0f9ff90e1e0e9d6	Sekhar Research Innovations	srielastomers	null	0
sellan-energy-management,5885c8f942b2d53de0f9ff90e1e28a49	Sellan energy management	sellanenergy	2008	0
semaconnect,5885c8f942b2d53de0f9ff90e1e3a260	SemaConnect	Sema_Connect	2008	0
semprus-biosciences,5885c8f942b2d53de0f9ff90e1e54a1b	Semprus BioSciences	SemprusBio	2006	27000000
seqcentral,5885c8f942b2d53de0f9ff90e1efa293	SeqCentral	seqcentral	2010	0
shiply,08ea75d0b39da8eeca1e9129c7026f05	Shiply	Shiply	2008	0
simple-energy,08ea75d0b39da8eeca1e9129c719ee63	Simple Energy	simpleenergy	2011	900000
skin-scan,08ea75d0b39da8eeca1e9129c728fb07	Skin Scan	skinscan	2010	50000
skipso,08ea75d0b39da8eeca1e9129c7297eeb	Skipso	Skipso	2008	0
skyfuel,08ea75d0b39da8eeca1e9129c72c5e56	SkyFuel	skyfuelsolar	2007	17000000
slideonline-com,08ea75d0b39da8eeca1e9129c730c56f	Slideonline.com	slideonline	2012	0
smart-energy-news,08ea75d0b39da8eeca1e9129c7352511	Smart Energy News	SmartEnergyNews	2009	0
smart-office-energy-solutions,08ea75d0b39da8eeca1e9129c735ad35	Smart Office Energy Solutions	SmartOES	2009	400000
smartplanet,08ea75d0b39da8eeca1e9129c738ee97	SmartPlanet	smartplanet	1999	0
social-solar,08ea75d0b39da8eeca1e9129c74a15fd	Social Solar	SocialSolar	null	0
soilqualitylab,08ea75d0b39da8eeca1e9129c7572c3a	SoilQualityLab	SQL_ag	2009	0
solaire-generation,08ea75d0b39da8eeca1e9129c757c5cb	Solaire Generation	solairegen	2009	35000
solar-euromed,08ea75d0b39da8eeca1e9129c758464e	Solar Euromed	solareuromed	2007	0
solaredge,08ea75d0b39da8eeca1e9129c75904be	SolarEdge	SolarEdgePV	2006	85000000
solarover,08ea75d0b39da8eeca1e9129c7595b00	SolaRover	SolaRover	2008	0
solectria-renewables,08ea75d0b39da8eeca1e9129c759d767	Solectria Renewables	SolectriaRen	null	2100000
solfocus,08ea75d0b39da8eeca1e9129c75a4c1a	SolFocus	SolFocusCPV	2005	193200000
solmentum-2,08ea75d0b39da8eeca1e9129c75b7119	Solmentum	Solmentum	2009	325000
sopogy,08ea75d0b39da8eeca1e9129c763d131	Sopogy	sopogy	2002	0
southwest-windpower,08ea75d0b39da8eeca1e9129c76940b8	Southwest Windpower	swwindpower	1987	10000000
sphere-fluidics-limited,08ea75d0b39da8eeca1e9129c7743eea	Sphere Fluidics Limited	SphereFluidics	2010	0
srectrade,08ea75d0b39da8eeca1e9129c787e69d	SRECTrade	srectrade	2007	0
ssi-racing-llc,08ea75d0b39da8eeca1e9129c788b76d	SSI-Racing LLC	SSIRacingDotCom	2005	0
std-risk-calculator,08ea75d0b39da8eeca1e9129c794c1b0	STD Risk Calculator	STDRisk	2012	0
stemgent,08ea75d0b39da8eeca1e9129c79701f1	Stemgent	Stemgent	null	29180000
stiefel,08ea75d0b39da8eeca1e9129c799af39	Stiefel	stiefelagskco	1847	0
sunflower-solutions,08ea75d0b39da8eeca1e9129c7b3f75e	Sunflower Solutions	SunflwrSolutns	2009	0
sungevity,08ea75d0b39da8eeca1e9129c7b42d9f	Sungevity	sungevity	2008	35500000
sunny-britain,08ea75d0b39da8eeca1e9129c7b49459	Sunny Britain	sunnybritain	2010	0
sunreports,08ea75d0b39da8eeca1e9129c7b527b0	SunReports	sunreports	2008	0
sunrun,08ea75d0b39da8eeca1e9129c7b54060	Sunrun	Sunrun	2007	335000000
sustainable-reference,08ea75d0b39da8eeca1e9129c7be08e6	Sustainable Reference	sustproeng	null	0
takadu,08ea75d0b39da8eeca1e9129c7d7a4d6	TaKaDu	takadu	2009	0
tangerine-solar,08ea75d0b39da8eeca1e9129c7ddb794	Tangerine Power	tangerinepower	2009	50000
tecartex-digital-solutions-sl,08ea75d0b39da8eeca1e9129c7ea9009	TECARTEX Digital Solutions	TECARTEX	2007	0
techgainer,08ea75d0b39da8eeca1e9129c7ed7f9e	TechGainer	TechGainer	2010	0
techmobiapp10,08ea75d0b39da8eeca1e9129c7eeb0d9	TechMobiApp10	mobiapp10	2012	0
ternion-bio-industries,907373444553d8ee3bfe8778cd038146	Ternion Bio Industries	TernionBio	2007	0
texas-institute-for-sustainable-technology-research,907373444553d8ee3bfe8778cd25fccc	The Texas Institute	TexasInstitute	2010	0
the-charity-engine,fb79c1faa23e6537889b8b58caa5ddf4	Charity Engine 	charityengine	2008	200000
the-tech-magnet,907373444553d8ee3bfe8778cd25a1e9	The Tech Magnet	tanmay2346	2000	0
thinfilm-electronics-asa,907373444553d8ee3bfe8778cd3243f6	Thinfilm Electronics ASA	thinfilmmemory	2005	0
thinkeco,907373444553d8ee3bfe8778cd33c3bb	ThinkEco	ThinkEco	2008	0
tickengo-inc,907373444553d8ee3bfe8778cd3d4f6e	Tickengo	tickengo	2011	0
tranquilmed,907373444553d8ee3bfe8778cd64076a	TranquilMed	tranquilmed	2010	27000
trilliant,907373444553d8ee3bfe8778cd7406fc	Trilliant	Trilliant	null	146000000
tririga,907373444553d8ee3bfe8778cd792312	TRIRIGA	TRIRIGAINC	2000	5000000
unirac,907373444553d8ee3bfe8778cda915e8	Unirac	Unirac	null	0
urban-fabrics,907373444553d8ee3bfe8778cdb7ad03	Urban Fabrics	urbanfabrics	2011	0
urban-impact-recycling-ltd,907373444553d8ee3bfe8778cdb7c794	Urban Impact Recycling Ltd. 	UIReycling	1989	0
vein-clinics-of-america,907373444553d8ee3bfe8778cdd0107d	Vein Clinics of America	veinclinics	1981	0
velo,907373444553d8ee3bfe8778cdd0b996	Velo	velomotor	2012	0
verdezyne,907373444553d8ee3bfe8778cdd82454	Verdezyne	verdezyne	null	12000000
vertigo-recover,907373444553d8ee3bfe8778cdddad14	VertiGO RECOVER	vertigorecover	2009	0
vigilant-medical,907373444553d8ee3bfe8778cde9dfa9	Vigilant Medical	vigilantmedical	2010	0
vitadigest,907373444553d8ee3bfe8778cdf94a15	VitaDigest	VitaDigestCom	2002	0
vitadigest-com,907373444553d8ee3bfe8778cdf95171	VitaDigest.com	VitaDigest	2002	0
vizibility,907373444553d8ee3bfe8778cdfd6852	Vizibility	getvizibility	2009	2581000
vsocio-com,40effe5288e80a75577c6fc0580a0f95	Vsocio.com	vsocio	2010	0
wattbot,40effe5288e80a75577c6fc058170afa	Wattbot	wattbot	2007	350000
wattzon,40effe5288e80a75577c6fc058173d73	WattzOn	wattzon	2008	0
website-worth-calculator,40effe5288e80a75577c6fc0582a0bf1	Website Value Calculator	keshabraj	2010	0
wegowise,40effe5288e80a75577c6fc0582ff3fd	WegoWise	wegowise	2010	1900000
wifinity-technology,40effe5288e80a75577c6fc058421933	Wifinity Technology	wifinitytech	2010	100000
windlogics,40effe5288e80a75577c6fc0584732f2	WindLogics	WindLogics	1989	0
www-wholesalesolar-com,40effe5288e80a75577c6fc0583e129f	Wholesale Solar	Wholesalesolar	2002	0
xradia,40effe5288e80a75577c6fc0587586e7	Xradia	xradia	1999	7000000
xtreme-green-products,40effe5288e80a75577c6fc05877245d	Xtreme Green Products	xgpinc	null	0
xubex,40effe5288e80a75577c6fc058779281	Xubex	Xubex	2005	0
yippity,40effe5288e80a75577c6fc058820270	Yippity	yippityapp	2011	0
young-dental-sf,40effe5288e80a75577c6fc05888553f	Young Dental SF	YoungDentalSF	2000	0
zap,40effe5288e80a75577c6fc058935685	ZAP	zap	1994	25000000
ze-gen,40effe5288e80a75577c6fc058967608	Ze-gen	zegen_inc	2004	17600000
zem,40effe5288e80a75577c6fc05899026d	Zem	z_em	2009	0
zeno-corporation,40effe5288e80a75577c6fc0589a5dfb	Zeno Corporation	myzeno	2002	48000000
zep-solar,40effe5288e80a75577c6fc0589b81d4	Zep Solar	ZepSolar	2009	7400000
zhuhai-tianke-energy-saving-equipment-manufacture,40effe5288e80a75577c6fc0589e6f0c	Zhuhai Tianke Energy Saving Equipment Manufacture	tespiliakis	2006	0
zigswitch,40effe5288e80a75577c6fc0589f8a1f	Zigswitch	Zigswitch	2009	50000
zonne-energie-bedrijf-zeb,40effe5288e80a75577c6fc058a82af2	Zonne-energie bedrijf (ZEB)	zonneenergie_be	2010	0
